正面	背面	标签
"<div style=""font-size:14px; color:#666; margin-bottom:8px"">【1.1.1】读取数据集</div>
<pre style=""background:#f5f5f5; padding:12px; border-radius:6px; font-size:13px; line-height:1.6; overflow-x:auto; border:1px solid #ddd"">
import pandas as pd
import numpy as np

# 读取数据集 1分
data = _____________</pre>"	"<div style=""font-size:14px; color:#666; margin-bottom:8px"">【1.1.1】读取数据集 — 共1个填空</div>
<pre style=""background:#f0faf0; padding:12px; border-radius:6px; font-size:13px; line-height:1.6; overflow-x:auto; border:1px solid #4CAF50; border-left:4px solid #4CAF50"">
import pandas as pd
import numpy as np

# 读取数据集 1分
data = <span style=""color:#c62828;text-decoration:underline;font-weight:bold"">pd.read_csv('patient_data.csv')</span></pre>"	1.1.1::代码填空题
"<div style=""font-size:14px; color:#666; margin-bottom:8px"">【1.1.1】创建新列'RiskLevel'，根据住院天数判断风险等级</div>
<pre style=""background:#f5f5f5; padding:12px; border-radius:6px; font-size:13px; line-height:1.6; overflow-x:auto; border:1px solid #ddd"">
# 1. 统计住院天数超过7天的患者数量及其占比
# 创建新列'RiskLevel'，根据住院天数判断风险等级 3分
_____________ = _____________(_____________, '高风险患者', '低风险患者')
# 统计不同风险等级的患者数量 2分
risk_counts = data_____________._____________
# 计算高风险患者占比 1分
high_risk_ratio = risk_counts['高风险患者'] / _____________
# 计算低风险患者占比 1分
low_risk_ratio = risk_counts['低风险患者'] / _____________

# 输出结果
print(""高风险患者数量:"", risk_counts['高风险患者'])
print(""低风险患者数量:"", risk_counts['低风险患者'])
print(""高风险患者占比:"", high_risk_ratio)
print(""低风险患者占比:"", low_risk_ratio)</pre>"	"<div style=""font-size:14px; color:#666; margin-bottom:8px"">【1.1.1】创建新列'RiskLevel'，根据住院天数判断风险等级 — 共7个填空</div>
<pre style=""background:#f0faf0; padding:12px; border-radius:6px; font-size:13px; line-height:1.6; overflow-x:auto; border:1px solid #4CAF50; border-left:4px solid #4CAF50"">
# 1. 统计住院天数超过7天的患者数量及其占比
# 创建新列'RiskLevel'，根据住院天数判断风险等级 3分
<span style=""color:#c62828;text-decoration:underline;font-weight:bold"">data['RiskLevel']</span> = <span style=""color:#c62828;text-decoration:underline;font-weight:bold"">np.where</span>(<span style=""color:#c62828;text-decoration:underline;font-weight:bold"">data['DaysInHospital'] > 7</span>, '高风险患者', '低风险患者')
# 统计不同风险等级的患者数量 2分
risk_counts = data<span style=""color:#c62828;text-decoration:underline;font-weight:bold"">['RiskLevel']</span>.<span style=""color:#c62828;text-decoration:underline;font-weight:bold"">value_counts()</span>
# 计算高风险患者占比 1分
high_risk_ratio = risk_counts['高风险患者'] / <span style=""color:#c62828;text-decoration:underline;font-weight:bold"">len(data)</span>
# 计算低风险患者占比 1分
low_risk_ratio = risk_counts['低风险患者'] / <span style=""color:#c62828;text-decoration:underline;font-weight:bold"">len(data)</span>

# 输出结果
print(""高风险患者数量:"", risk_counts['高风险患者'])
print(""低风险患者数量:"", risk_counts['低风险患者'])
print(""高风险患者占比:"", high_risk_ratio)
print(""低风险患者占比:"", low_risk_ratio)</pre>"	1.1.1::代码填空题
"<div style=""font-size:14px; color:#666; margin-bottom:8px"">【1.1.1】根据BMI值划分指定区间</div>
<pre style=""background:#f5f5f5; padding:12px; border-radius:6px; font-size:13px; line-height:1.6; overflow-x:auto; border:1px solid #ddd"">
# 2. 统计不同BMI区间中高风险患者的比例和统计不同BMI区间中的患者数
# 定义BMI区间和标签
bmi_bins = [0, 18.5, 24, 28, np.inf]
bmi_labels = ['偏瘦', '正常', '超重', '肥胖']
# 根据BMI值划分指定区间 4分
data['BMIRange'] = _____________(_____________, _____________, _____________, right=False)  # 使用左闭右开区间
# 计算每个BMI区间中高风险患者的比例 2分
bmi_risk_rate = _____________(_____________)['RiskLevel'].apply(lambda x: (x == '高风险患者').mean())
# 统计每个BMI区间的患者数量 1分
bmi_patient_count = data_____________

# 输出结果
print(""BMI区间中高风险患者的比例和患者数:"")
print(bmi_risk_rate) 
print(bmi_patient_count)</pre>"	"<div style=""font-size:14px; color:#666; margin-bottom:8px"">【1.1.1】根据BMI值划分指定区间 — 共7个填空</div>
<pre style=""background:#f0faf0; padding:12px; border-radius:6px; font-size:13px; line-height:1.6; overflow-x:auto; border:1px solid #4CAF50; border-left:4px solid #4CAF50"">
# 2. 统计不同BMI区间中高风险患者的比例和统计不同BMI区间中的患者数
# 定义BMI区间和标签
bmi_bins = [0, 18.5, 24, 28, np.inf]
bmi_labels = ['偏瘦', '正常', '超重', '肥胖']
# 根据BMI值划分指定区间 4分
data['BMIRange'] = <span style=""color:#c62828;text-decoration:underline;font-weight:bold"">pd.cut</span>(<span style=""color:#c62828;text-decoration:underline;font-weight:bold"">data['BMI']</span>, <span style=""color:#c62828;text-decoration:underline;font-weight:bold"">bins=bmi_bins</span>, <span style=""color:#c62828;text-decoration:underline;font-weight:bold"">labels=bmi_labels</span>, right=False)  # 使用左闭右开区间
# 计算每个BMI区间中高风险患者的比例 2分
bmi_risk_rate = <span style=""color:#c62828;text-decoration:underline;font-weight:bold"">data.groupby</span>(<span style=""color:#c62828;text-decoration:underline;font-weight:bold"">'BMIRange'</span>)['RiskLevel'].apply(lambda x: (x == '高风险患者').mean())
# 统计每个BMI区间的患者数量 1分
bmi_patient_count = data<span style=""color:#c62828;text-decoration:underline;font-weight:bold"">['BMIRange'].value_counts()</span>

# 输出结果
print(""BMI区间中高风险患者的比例和患者数:"")
print(bmi_risk_rate) 
print(bmi_patient_count)</pre>"	1.1.1::代码填空题
"<div style=""font-size:14px; color:#666; margin-bottom:8px"">【1.1.1】根据年龄值划分指定区间</div>
<pre style=""background:#f5f5f5; padding:12px; border-radius:6px; font-size:13px; line-height:1.6; overflow-x:auto; border:1px solid #ddd"">
# 3. 统计不同年龄区间中高风险患者的比例和统计不同年龄区间中的患者数
# 定义年龄区间和标签
age_bins = [0, 26, 36, 46, 56, 66, np.inf]
age_labels = ['≤25岁', '26-35岁', '36-45岁', '46-55岁', '56-65岁', '＞65岁']
# 根据年龄值划分指定区间 4分
data['AgeRange'] = _____________(_____________, _____________, _____________, right=False)  # 使用左闭右开区间
# 计算每个年龄区间中高风险患者的比例 2分
age_risk_rate = _____________(_____________)['RiskLevel'].apply(lambda x: (x == '高风险患者').mean())
# 统计每个年龄区间的患者数量 1分
age_patient_count = data_____________

# 输出结果
print(""年龄区间中高风险患者的比例和患者数:"")
print(age_risk_rate) 
print(age_patient_count)</pre>"	"<div style=""font-size:14px; color:#666; margin-bottom:8px"">【1.1.1】根据年龄值划分指定区间 — 共7个填空</div>
<pre style=""background:#f0faf0; padding:12px; border-radius:6px; font-size:13px; line-height:1.6; overflow-x:auto; border:1px solid #4CAF50; border-left:4px solid #4CAF50"">
# 3. 统计不同年龄区间中高风险患者的比例和统计不同年龄区间中的患者数
# 定义年龄区间和标签
age_bins = [0, 26, 36, 46, 56, 66, np.inf]
age_labels = ['≤25岁', '26-35岁', '36-45岁', '46-55岁', '56-65岁', '＞65岁']
# 根据年龄值划分指定区间 4分
data['AgeRange'] = <span style=""color:#c62828;text-decoration:underline;font-weight:bold"">pd.cut</span>(<span style=""color:#c62828;text-decoration:underline;font-weight:bold"">data['Age']</span>, <span style=""color:#c62828;text-decoration:underline;font-weight:bold"">bins=age_bins</span>, <span style=""color:#c62828;text-decoration:underline;font-weight:bold"">labels=age_labels</span>, right=False)  # 使用左闭右开区间
# 计算每个年龄区间中高风险患者的比例 2分
age_risk_rate = <span style=""color:#c62828;text-decoration:underline;font-weight:bold"">data.groupby</span>(<span style=""color:#c62828;text-decoration:underline;font-weight:bold"">'AgeRange'</span>)['RiskLevel'].apply(lambda x: (x == '高风险患者').mean())
# 统计每个年龄区间的患者数量 1分
age_patient_count = data<span style=""color:#c62828;text-decoration:underline;font-weight:bold"">['AgeRange'].value_counts()</span>

# 输出结果
print(""年龄区间中高风险患者的比例和患者数:"")
print(age_risk_rate) 
print(age_patient_count)</pre>"	1.1.1::代码填空题
"<div style=""font-size:14px; color:#666; margin-bottom:8px"">【1.1.2】读取数据集</div>
<pre style=""background:#f5f5f5; padding:12px; border-radius:6px; font-size:13px; line-height:1.6; overflow-x:auto; border:1px solid #ddd"">
import pandas as pd
import numpy as np
import matplotlib.pyplot as plt
# 读取数据集 2分
data = _____________</pre>"	"<div style=""font-size:14px; color:#666; margin-bottom:8px"">【1.1.2】读取数据集 — 共1个填空</div>
<pre style=""background:#f0faf0; padding:12px; border-radius:6px; font-size:13px; line-height:1.6; overflow-x:auto; border:1px solid #4CAF50; border-left:4px solid #4CAF50"">
import pandas as pd
import numpy as np
import matplotlib.pyplot as plt
# 读取数据集 2分
data = <span style=""color:#c62828;text-decoration:underline;font-weight:bold"">pd.read_csv('sensor_data.csv')</span></pre>"	1.1.2::代码填空题
"<div style=""font-size:14px; color:#666; margin-bottom:8px"">【1.1.2】对传感器类型进行分组，并计算每个组的数据数量和平均值</div>
<pre style=""background:#f5f5f5; padding:12px; border-radius:6px; font-size:13px; line-height:1.6; overflow-x:auto; border:1px solid #ddd"">
# 1. 传感器数据统计
# 对传感器类型进行分组，并计算每个组的数据数量和平均值 3分
sensor_stats = _____________(_____________)['Value']._____________
# 输出结果
print(""传感器数据数量和平均值:"")
print(sensor_stats)</pre>"	"<div style=""font-size:14px; color:#666; margin-bottom:8px"">【1.1.2】对传感器类型进行分组，并计算每个组的数据数量和平均值 — 共3个填空</div>
<pre style=""background:#f0faf0; padding:12px; border-radius:6px; font-size:13px; line-height:1.6; overflow-x:auto; border:1px solid #4CAF50; border-left:4px solid #4CAF50"">
# 1. 传感器数据统计
# 对传感器类型进行分组，并计算每个组的数据数量和平均值 3分
sensor_stats = <span style=""color:#c62828;text-decoration:underline;font-weight:bold"">data.groupby</span>(<span style=""color:#c62828;text-decoration:underline;font-weight:bold"">'SensorType'</span>)['Value'].<span style=""color:#c62828;text-decoration:underline;font-weight:bold"">agg(['count', 'mean'])</span>
# 输出结果
print(""传感器数据数量和平均值:"")
print(sensor_stats)</pre>"	1.1.2::代码填空题
"<div style=""font-size:14px; color:#666; margin-bottom:8px"">【1.1.2】筛选出温度和湿度数据，然后按位置和传感器类型分组，计算每个组的平均值</div>
<pre style=""background:#f5f5f5; padding:12px; border-radius:6px; font-size:13px; line-height:1.6; overflow-x:auto; border:1px solid #ddd"">
# 2. 按位置统计温度和湿度数据
# 筛选出温度和湿度数据，然后按位置和传感器类型分组，计算每个组的平均值 2分
location_stats = data[data['SensorType']._____________._____________['Value'].mean().unstack()
# 输出结果
print(""每个位置的温度和湿度数据平均值:"")
print(location_stats)</pre>"	"<div style=""font-size:14px; color:#666; margin-bottom:8px"">【1.1.2】筛选出温度和湿度数据，然后按位置和传感器类型分组，计算每个组的平均值 — 共2个填空</div>
<pre style=""background:#f0faf0; padding:12px; border-radius:6px; font-size:13px; line-height:1.6; overflow-x:auto; border:1px solid #4CAF50; border-left:4px solid #4CAF50"">
# 2. 按位置统计温度和湿度数据
# 筛选出温度和湿度数据，然后按位置和传感器类型分组，计算每个组的平均值 2分
location_stats = data[data['SensorType'].<span style=""color:#c62828;text-decoration:underline;font-weight:bold"">isin(['Temperature', 'Humidity'])]</span>.<span style=""color:#c62828;text-decoration:underline;font-weight:bold"">groupby(['Location', 'SensorType'])</span>['Value'].mean().unstack()
# 输出结果
print(""每个位置的温度和湿度数据平均值:"")
print(location_stats)</pre>"	1.1.2::代码填空题
"<div style=""font-size:14px; color:#666; margin-bottom:8px"">【1.1.2】标记异常值</div>
<pre style=""background:#f5f5f5; padding:12px; border-radius:6px; font-size:13px; line-height:1.6; overflow-x:auto; border:1px solid #ddd"">
# 3. 数据清洗和异常值处理
# 标记异常值 3分
data['is_abnormal'] = _____________(
    ((_____________) & ((data['Value'] < -10) | (data['Value'] > 50))) |
    ((_____________) & ((data['Value'] < 0) | (data['Value'] > 100))),
    True, False
)
# 输出异常值数量 2分
print(""异常值数量:"", data['is_abnormal']._____________)
# 填补缺失值
# 使用前向填充和后向填充的方法填补缺失值 4分
data['Value']._____________(_____________, inplace=True)
data['Value']._____________(_____________, inplace=True)
# 保存清洗后的数据
# 删除用于标记异常值的列，并将清洗后的数据保存到新的CSV文件中 4分
cleaned_data = _____________(_____________=['is_abnormal'])
_____________('cleaned_sensor_data.csv', _____________)
print(""数据清洗完成，已保存为 'cleaned_sensor_data.csv'"")</pre>"	"<div style=""font-size:14px; color:#666; margin-bottom:8px"">【1.1.2】标记异常值 — 共12个填空</div>
<pre style=""background:#f0faf0; padding:12px; border-radius:6px; font-size:13px; line-height:1.6; overflow-x:auto; border:1px solid #4CAF50; border-left:4px solid #4CAF50"">
# 3. 数据清洗和异常值处理
# 标记异常值 3分
data['is_abnormal'] = <span style=""color:#c62828;text-decoration:underline;font-weight:bold"">np.where</span>(
    ((<span style=""color:#c62828;text-decoration:underline;font-weight:bold"">data['SensorType'] == 'Temperature'</span>) & ((data['Value'] < -10) | (data['Value'] > 50))) |
    ((<span style=""color:#c62828;text-decoration:underline;font-weight:bold"">data['SensorType'] == 'Humidity'</span>) & ((data['Value'] < 0) | (data['Value'] > 100))),
    True, False
)
# 输出异常值数量 2分
print(""异常值数量:"", data['is_abnormal'].<span style=""color:#c62828;text-decoration:underline;font-weight:bold"">sum()</span>)
# 填补缺失值
# 使用前向填充和后向填充的方法填补缺失值 4分
data['Value'].<span style=""color:#c62828;text-decoration:underline;font-weight:bold"">fillna</span>(<span style=""color:#c62828;text-decoration:underline;font-weight:bold"">method='ffill'</span>, inplace=True)
data['Value'].<span style=""color:#c62828;text-decoration:underline;font-weight:bold"">fillna</span>(<span style=""color:#c62828;text-decoration:underline;font-weight:bold"">method='bfill'</span>, inplace=True)
# 保存清洗后的数据
# 删除用于标记异常值的列，并将清洗后的数据保存到新的CSV文件中 4分
cleaned_data = <span style=""color:#c62828;text-decoration:underline;font-weight:bold"">data.drop</span>(<span style=""color:#c62828;text-decoration:underline;font-weight:bold"">columns</span>=['is_abnormal'])
<span style=""color:#c62828;text-decoration:underline;font-weight:bold"">cleaned_data.to_csv</span>('cleaned_sensor_data.csv', <span style=""color:#c62828;text-decoration:underline;font-weight:bold"">index=False</span>)
print(""数据清洗完成，已保存为 'cleaned_sensor_data.csv'"")</pre>"	1.1.2::代码填空题
"<div style=""font-size:14px; color:#666; margin-bottom:8px"">【1.1.3】数据完整性审核</div>
<pre style=""background:#f5f5f5; padding:12px; border-radius:6px; font-size:13px; line-height:1.6; overflow-x:auto; border:1px solid #ddd"">
# 1. 数据完整性审核
missing_values = data._________       #数据缺失值统计 2分
duplicate_values = data._________     #数据重复值统计 2分
# 输出结果
print(""缺失值统计:"")
print(missing_values)
print(""重复值统计:"")
print(duplicate_values)</pre>"	"<div style=""font-size:14px; color:#666; margin-bottom:8px"">【1.1.3】数据完整性审核 — 共2个填空</div>
<pre style=""background:#f0faf0; padding:12px; border-radius:6px; font-size:13px; line-height:1.6; overflow-x:auto; border:1px solid #4CAF50; border-left:4px solid #4CAF50"">
# 1. 数据完整性审核
missing_values = data.<span style=""color:#c62828;text-decoration:underline;font-weight:bold"">isnull().sum()</span>       #数据缺失值统计 2分
duplicate_values = data.<span style=""color:#c62828;text-decoration:underline;font-weight:bold"">duplicated().sum()</span>     #数据重复值统计 2分
# 输出结果
print(""缺失值统计:"")
print(missing_values)
print(""重复值统计:"")
print(duplicate_values)</pre>"	1.1.3::代码填空题
"<div style=""font-size:14px; color:#666; margin-bottom:8px"">【1.1.3】数据合理性审核</div>
<pre style=""background:#f5f5f5; padding:12px; border-radius:6px; font-size:13px; line-height:1.6; overflow-x:auto; border:1px solid #ddd"">
# 2. 数据合理性审核
data['is_age_valid'] = _________._________(18, 70)              #Age数据的合理性审核 2分
data['is_income_valid'] = _________ > _________                 #Income数据的合理性审核 2分
data['is_loan_amount_valid'] = _________ < (_________ * 5)      #LoanAmount数据的合理性审核 2分
data['is_credit_score_valid'] = _________._________(300, 850)   #CreditScore数据的合理性审核 2分
# 合理性检查结果
validity_checks = data[['is_age_valid', 'is_income_valid', 'is_loan_amount_valid', 'is_credit_score_valid']].all(axis=1)
data['is_valid'] = validity_checks
# 输出结果
print(""数据合理性检查:"")
print(data[['is_age_valid', 'is_income_valid', 'is_loan_amount_valid', 'is_credit_score_valid', 'is_valid']].describe())</pre>"	"<div style=""font-size:14px; color:#666; margin-bottom:8px"">【1.1.3】数据合理性审核 — 共8个填空</div>
<pre style=""background:#f0faf0; padding:12px; border-radius:6px; font-size:13px; line-height:1.6; overflow-x:auto; border:1px solid #4CAF50; border-left:4px solid #4CAF50"">
# 2. 数据合理性审核
data['is_age_valid'] = <span style=""color:#c62828;text-decoration:underline;font-weight:bold"">data['Age']</span>.<span style=""color:#c62828;text-decoration:underline;font-weight:bold"">between</span>(18, 70)              #Age数据的合理性审核 2分
data['is_income_valid'] = <span style=""color:#c62828;text-decoration:underline;font-weight:bold"">data['Income']</span> > <span style=""color:#c62828;text-decoration:underline;font-weight:bold"">2000</span>                 #Income数据的合理性审核 2分
data['is_loan_amount_valid'] = <span style=""color:#c62828;text-decoration:underline;font-weight:bold"">data['LoanAmount']</span> < (<span style=""color:#c62828;text-decoration:underline;font-weight:bold"">data['Income']</span> * 5)      #LoanAmount数据的合理性审核 2分
data['is_credit_score_valid'] = <span style=""color:#c62828;text-decoration:underline;font-weight:bold"">data['CreditScore']</span>.<span style=""color:#c62828;text-decoration:underline;font-weight:bold"">between</span>(300, 850)   #CreditScore数据的合理性审核 2分
# 合理性检查结果
validity_checks = data[['is_age_valid', 'is_income_valid', 'is_loan_amount_valid', 'is_credit_score_valid']].all(axis=1)
data['is_valid'] = validity_checks
# 输出结果
print(""数据合理性检查:"")
print(data[['is_age_valid', 'is_income_valid', 'is_loan_amount_valid', 'is_credit_score_valid', 'is_valid']].describe())</pre>"	1.1.3::代码填空题
"<div style=""font-size:14px; color:#666; margin-bottom:8px"">【1.1.3】数据清洗和异常值处理</div>
<pre style=""background:#f5f5f5; padding:12px; border-radius:6px; font-size:13px; line-height:1.6; overflow-x:auto; border:1px solid #ddd"">
# 3. 数据清洗和异常值处理
# 标记不合理数据
invalid_rows = data[~data['is_valid']]
# 删除不合理数据行
cleaned_data = data[data['is_valid']]
# 删除标记列
cleaned_data = cleaned_data.drop(columns=['is_age_valid', 'is_income_valid', 'is_loan_amount_valid', 'is_credit_score_valid', 'is_valid'])
# 保存清洗后的数据
_________._________(_________, index=False)
print(""数据清洗完成，已保存为 'cleaned_credit_data.csv'"")</pre>"	"<div style=""font-size:14px; color:#666; margin-bottom:8px"">【1.1.3】数据清洗和异常值处理 — 共3个填空</div>
<pre style=""background:#f0faf0; padding:12px; border-radius:6px; font-size:13px; line-height:1.6; overflow-x:auto; border:1px solid #4CAF50; border-left:4px solid #4CAF50"">
# 3. 数据清洗和异常值处理
# 标记不合理数据
invalid_rows = data[~data['is_valid']]
# 删除不合理数据行
cleaned_data = data[data['is_valid']]
# 删除标记列
cleaned_data = cleaned_data.drop(columns=['is_age_valid', 'is_income_valid', 'is_loan_amount_valid', 'is_credit_score_valid', 'is_valid'])
# 保存清洗后的数据
<span style=""color:#c62828;text-decoration:underline;font-weight:bold"">cleaned_data</span>.<span style=""color:#c62828;text-decoration:underline;font-weight:bold"">to_csv</span>(<span style=""color:#c62828;text-decoration:underline;font-weight:bold"">'cleaned_credit_data.csv'</span>, index=False)
print(""数据清洗完成，已保存为 'cleaned_credit_data.csv'"")</pre>"	1.1.3::代码填空题
"<div style=""font-size:14px; color:#666; margin-bottom:8px"">【1.1.4】从本地文件中读取数据</div>
<pre style=""background:#f5f5f5; padding:12px; border-radius:6px; font-size:13px; line-height:1.6; overflow-x:auto; border:1px solid #ddd"">
import pandas
import numpy as np
import matplotlib.pyplot as plt

# 1. 数据采集
# 从本地文件中读取数据  2分
data =  _______________________________
print(""数据采集完成，已加载到DataFrame中"")

# 打印数据的前5条记录  2分
print(________________________________)</pre>"	"<div style=""font-size:14px; color:#666; margin-bottom:8px"">【1.1.4】从本地文件中读取数据 — 共2个填空</div>
<pre style=""background:#f0faf0; padding:12px; border-radius:6px; font-size:13px; line-height:1.6; overflow-x:auto; border:1px solid #4CAF50; border-left:4px solid #4CAF50"">
import pandas
import numpy as np
import matplotlib.pyplot as plt

# 1. 数据采集
# 从本地文件中读取数据  2分
data =  <span style=""color:#c62828;text-decoration:underline;font-weight:bold"">pandas.read_csv('user_behavior_data.csv')</span>
print(""数据采集完成，已加载到DataFrame中"")

# 打印数据的前5条记录  2分
print(<span style=""color:#c62828;text-decoration:underline;font-weight:bold"">data.head()</span>)</pre>"	1.1.4::代码填空题
"<div style=""font-size:14px; color:#666; margin-bottom:8px"">【1.1.4】处理缺失值（删除）</div>
<pre style=""background:#f5f5f5; padding:12px; border-radius:6px; font-size:13px; line-height:1.6; overflow-x:auto; border:1px solid #ddd"">
# 2. 数据清洗与预处理
# 处理缺失值（删除）  2分
data = ________________________________

# 数据类型转换
data________________ = ________________(int)   # Age数据类型转换为int 2分
data________________ = ________________(float) # PurchaseAmount数据类型转换为float  2分
data________________ = ________________(int)   # ReviewScore数据类型转换为int 2分

# 处理异常值  2分
data = data[(________________.________________(18, 70)) & 
            (data['PurchaseAmount'] > 0) & 
            (________________.________________(1, 5))]

# 数据标准化
data['PurchaseAmount'] = (data['PurchaseAmount'] - ________________) / ________________  # PurchaseAmount数据标准化 2分
data['ReviewScore'] = (data['ReviewScore'] - ________________) / ________________        # ReviewScore数据标准化 2分

# 保存清洗后的数据  1分
________________('cleaned_user_behavior_data.csv', index=False)
print(""数据清洗完成，已保存为 'cleaned_user_behavior_data.csv'"")</pre>"	"<div style=""font-size:14px; color:#666; margin-bottom:8px"">【1.1.4】处理缺失值（删除） — 共16个填空</div>
<pre style=""background:#f0faf0; padding:12px; border-radius:6px; font-size:13px; line-height:1.6; overflow-x:auto; border:1px solid #4CAF50; border-left:4px solid #4CAF50"">
# 2. 数据清洗与预处理
# 处理缺失值（删除）  2分
data = <span style=""color:#c62828;text-decoration:underline;font-weight:bold"">data.dropna()</span>

# 数据类型转换
data<span style=""color:#c62828;text-decoration:underline;font-weight:bold"">['Age']</span> = <span style=""color:#c62828;text-decoration:underline;font-weight:bold"">data['Age'].astype</span>(int)   # Age数据类型转换为int 2分
data<span style=""color:#c62828;text-decoration:underline;font-weight:bold"">['PurchaseAmount']</span> = <span style=""color:#c62828;text-decoration:underline;font-weight:bold"">data['PurchaseAmount'].astype</span>(float) # PurchaseAmount数据类型转换为float  2分
data<span style=""color:#c62828;text-decoration:underline;font-weight:bold"">['ReviewScore']</span> = <span style=""color:#c62828;text-decoration:underline;font-weight:bold"">data['ReviewScore'].astype</span>(int)   # ReviewScore数据类型转换为int 2分

# 处理异常值  2分
data = data[(<span style=""color:#c62828;text-decoration:underline;font-weight:bold"">data['Age']</span>.<span style=""color:#c62828;text-decoration:underline;font-weight:bold"">between</span>(18, 70)) & 
            (data['PurchaseAmount'] > 0) & 
            (<span style=""color:#c62828;text-decoration:underline;font-weight:bold"">data['ReviewScore']</span>.<span style=""color:#c62828;text-decoration:underline;font-weight:bold"">between</span>(1, 5))]

# 数据标准化
data['PurchaseAmount'] = (data['PurchaseAmount'] - <span style=""color:#c62828;text-decoration:underline;font-weight:bold"">data['PurchaseAmount'].mean()</span>) / <span style=""color:#c62828;text-decoration:underline;font-weight:bold"">data['PurchaseAmount'].std()</span>  # PurchaseAmount数据标准化 2分
data['ReviewScore'] = (data['ReviewScore'] - <span style=""color:#c62828;text-decoration:underline;font-weight:bold"">data['ReviewScore'].mean()</span>) / <span style=""color:#c62828;text-decoration:underline;font-weight:bold"">data['ReviewScore'].std()</span>        # ReviewScore数据标准化 2分

# 保存清洗后的数据  1分
<span style=""color:#c62828;text-decoration:underline;font-weight:bold"">data.to_csv</span>('cleaned_user_behavior_data.csv', index=False)
print(""数据清洗完成，已保存为 'cleaned_user_behavior_data.csv'"")</pre>"	1.1.4::代码填空题
"<div style=""font-size:14px; color:#666; margin-bottom:8px"">【1.1.4】统计每个购买类别的用户数</div>
<pre style=""background:#f5f5f5; padding:12px; border-radius:6px; font-size:13px; line-height:1.6; overflow-x:auto; border:1px solid #ddd"">
# 3. 数据统计
# 统计每个购买类别的用户数 2分
purchase_category_counts = ________________.________________
print(""每个购买类别的用户数:\n"", purchase_category_counts)

# 统计不同性别的平均购买金额 2分
gender_purchase_amount_mean = ________________(________________)['PurchaseAmount'].mean()
print(""不同性别的平均购买金额:\n"", gender_purchase_amount_mean)

# 统计不同年龄段的用户数 2分
bins = [18, 26, 36, 46, 56, 66, np.inf]
labels = ['18-25', '26-35', '36-45', '46-55', '56-65', '65+']
data['AgeGroup'] = pandas.________________(________________, right=False)
age_group_counts = data['AgeGroup'].value_counts().sort_index()
print(""不同年龄段的用户数:\n"", age_group_counts)</pre>"	"<div style=""font-size:14px; color:#666; margin-bottom:8px"">【1.1.4】统计每个购买类别的用户数 — 共6个填空</div>
<pre style=""background:#f0faf0; padding:12px; border-radius:6px; font-size:13px; line-height:1.6; overflow-x:auto; border:1px solid #4CAF50; border-left:4px solid #4CAF50"">
# 3. 数据统计
# 统计每个购买类别的用户数 2分
purchase_category_counts = <span style=""color:#c62828;text-decoration:underline;font-weight:bold"">data['PurchaseCategory']</span>.<span style=""color:#c62828;text-decoration:underline;font-weight:bold"">value_counts()</span>
print(""每个购买类别的用户数:\n"", purchase_category_counts)

# 统计不同性别的平均购买金额 2分
gender_purchase_amount_mean = <span style=""color:#c62828;text-decoration:underline;font-weight:bold"">data.groupby</span>(<span style=""color:#c62828;text-decoration:underline;font-weight:bold"">'Gender'</span>)['PurchaseAmount'].mean()
print(""不同性别的平均购买金额:\n"", gender_purchase_amount_mean)

# 统计不同年龄段的用户数 2分
bins = [18, 26, 36, 46, 56, 66, np.inf]
labels = ['18-25', '26-35', '36-45', '46-55', '56-65', '65+']
data['AgeGroup'] = pandas.<span style=""color:#c62828;text-decoration:underline;font-weight:bold"">cut</span>(<span style=""color:#c62828;text-decoration:underline;font-weight:bold"">data['Age'], bins=bins, labels=labels</span>, right=False)
age_group_counts = data['AgeGroup'].value_counts().sort_index()
print(""不同年龄段的用户数:\n"", age_group_counts)</pre>"	1.1.4::代码填空题
"<div style=""font-size:14px; color:#666; margin-bottom:8px"">【1.1.5】从本地文件中读取数据</div>
<pre style=""background:#f5f5f5; padding:12px; border-radius:6px; font-size:13px; line-height:1.6; overflow-x:auto; border:1px solid #ddd"">
import pandas as pd
import numpy as np
import matplotlib.pyplot as plt

# 1. 数据采集
# 从本地文件中读取数据  2分
data = _____________
print(""数据采集完成，已加载到DataFrame中"")

# 打印数据的前5条记录 2分
print(_____________)</pre>"	"<div style=""font-size:14px; color:#666; margin-bottom:8px"">【1.1.5】从本地文件中读取数据 — 共2个填空</div>
<pre style=""background:#f0faf0; padding:12px; border-radius:6px; font-size:13px; line-height:1.6; overflow-x:auto; border:1px solid #4CAF50; border-left:4px solid #4CAF50"">
import pandas as pd
import numpy as np
import matplotlib.pyplot as plt

# 1. 数据采集
# 从本地文件中读取数据  2分
data = <span style=""color:#c62828;text-decoration:underline;font-weight:bold"">pd.read_csv('vehicle_traffic_data.csv')</span>
print(""数据采集完成，已加载到DataFrame中"")

# 打印数据的前5条记录 2分
print(<span style=""color:#c62828;text-decoration:underline;font-weight:bold"">data.head()</span>)</pre>"	1.1.5::代码填空题
"<div style=""font-size:14px; color:#666; margin-bottom:8px"">【1.1.5】处理缺失值（删除）</div>
<pre style=""background:#f5f5f5; padding:12px; border-radius:6px; font-size:13px; line-height:1.6; overflow-x:auto; border:1px solid #ddd"">
# 2. 数据清洗与预处理
# 处理缺失值（删除）  2分
data = _____________

# 数据类型转换
data_____________ = _____________(int)       #Age数据类型转换为int 1分
data_____________ = _____________(float)     #Speed数据类型转换为float 1分
data_____________ = _____________(float)     #TravelDistance数据类型转换为float 1分
data_____________ = _____________(float)     #TravelTime数据类型转换为float 1分

# 处理异常值  2分
data = data[(_____________(18, 70))  & 
            (_____________(0, 200)) & 
            (_____________(1, 1000)) & 
            (_____________(1, 1440))]

# 保存清洗后的数据  1分
_____________('cleaned_vehicle_traffic_data.csv', index=False)
print(""数据清洗完成，已保存为 'cleaned_vehicle_traffic_data.csv'"")</pre>"	"<div style=""font-size:14px; color:#666; margin-bottom:8px"">【1.1.5】处理缺失值（删除） — 共14个填空</div>
<pre style=""background:#f0faf0; padding:12px; border-radius:6px; font-size:13px; line-height:1.6; overflow-x:auto; border:1px solid #4CAF50; border-left:4px solid #4CAF50"">
# 2. 数据清洗与预处理
# 处理缺失值（删除）  2分
data = <span style=""color:#c62828;text-decoration:underline;font-weight:bold"">data.dropna()</span>

# 数据类型转换
data<span style=""color:#c62828;text-decoration:underline;font-weight:bold"">['Age']</span> = <span style=""color:#c62828;text-decoration:underline;font-weight:bold"">data['Age'].astype</span>(int)       #Age数据类型转换为int 1分
data<span style=""color:#c62828;text-decoration:underline;font-weight:bold"">['Speed']</span> = <span style=""color:#c62828;text-decoration:underline;font-weight:bold"">data['Speed'].astype</span>(float)     #Speed数据类型转换为float 1分
data<span style=""color:#c62828;text-decoration:underline;font-weight:bold"">['TravelDistance']</span> = <span style=""color:#c62828;text-decoration:underline;font-weight:bold"">data['TravelDistance'].astype</span>(float)     #TravelDistance数据类型转换为float 1分
data<span style=""color:#c62828;text-decoration:underline;font-weight:bold"">['TravelTime']</span> = <span style=""color:#c62828;text-decoration:underline;font-weight:bold"">data['TravelTime'].astype</span>(float)     #TravelTime数据类型转换为float 1分

# 处理异常值  2分
data = data[(<span style=""color:#c62828;text-decoration:underline;font-weight:bold"">data['Age'].between</span>(18, 70))  & 
            (<span style=""color:#c62828;text-decoration:underline;font-weight:bold"">data['Speed'].between</span>(0, 200)) & 
            (<span style=""color:#c62828;text-decoration:underline;font-weight:bold"">data['TravelDistance'].between</span>(1, 1000)) & 
            (<span style=""color:#c62828;text-decoration:underline;font-weight:bold"">data['TravelTime'].between</span>(1, 1440))]

# 保存清洗后的数据  1分
<span style=""color:#c62828;text-decoration:underline;font-weight:bold"">data.to_csv</span>('cleaned_vehicle_traffic_data.csv', index=False)
print(""数据清洗完成，已保存为 'cleaned_vehicle_traffic_data.csv'"")</pre>"	1.1.5::代码填空题
"<div style=""font-size:14px; color:#666; margin-bottom:8px"">【1.1.5】审核字段合理性</div>
<pre style=""background:#f5f5f5; padding:12px; border-radius:6px; font-size:13px; line-height:1.6; overflow-x:auto; border:1px solid #ddd"">
# 3. 数据合理性审核
# 审核字段合理性 1分
unreasonable_data = data[~((_____________(18, 70)) & 
                           (_____________(0, 200)) & 
                           (_____________(1, 1000)) & 
                           (_____________(1, 1440)))]
print(""不合理的数据:\n"", unreasonable_data)

# 4. 数据统计
# 统计每种交通事件的发生次数  2分
traffic_event_counts = _____________
print(""每种交通事件的发生次数:\n"", traffic_event_counts)

# 统计不同性别的平均车速、行驶距离和行驶时间  2分
gender_stats = data._____________._____________
print(""不同性别的平均车速、行驶距离和行驶时间:\n"", gender_stats)

# 统计不同年龄段的驾驶员数  5分
age_bins = [18, 26, 36, 46, 56, 66, np.inf]
age_labels = ['18-25', '26-35', '36-45', '46-55', '56-65', '65+']
data['AgeGroup'] = _____________(_____________,_____________,_____________, right=False)
age_group_counts = _____________
print(""不同年龄段的驾驶员数:\n"", age_group_counts)</pre>"	"<div style=""font-size:14px; color:#666; margin-bottom:8px"">【1.1.5】审核字段合理性 — 共12个填空</div>
<pre style=""background:#f0faf0; padding:12px; border-radius:6px; font-size:13px; line-height:1.6; overflow-x:auto; border:1px solid #4CAF50; border-left:4px solid #4CAF50"">
# 3. 数据合理性审核
# 审核字段合理性 1分
unreasonable_data = data[~((<span style=""color:#c62828;text-decoration:underline;font-weight:bold"">data['Age'].between</span>(18, 70)) & 
                           (<span style=""color:#c62828;text-decoration:underline;font-weight:bold"">data['Speed'].between</span>(0, 200)) & 
                           (<span style=""color:#c62828;text-decoration:underline;font-weight:bold"">data['TravelDistance'].between</span>(1, 1000)) & 
                           (<span style=""color:#c62828;text-decoration:underline;font-weight:bold"">data['TravelTime'].between</span>(1, 1440)))]
print(""不合理的数据:\n"", unreasonable_data)

# 4. 数据统计
# 统计每种交通事件的发生次数  2分
traffic_event_counts = <span style=""color:#c62828;text-decoration:underline;font-weight:bold"">data['TrafficEvent'].value_counts()</span>
print(""每种交通事件的发生次数:\n"", traffic_event_counts)

# 统计不同性别的平均车速、行驶距离和行驶时间  2分
gender_stats = data.<span style=""color:#c62828;text-decoration:underline;font-weight:bold"">groupby('Gender')</span>.<span style=""color:#c62828;text-decoration:underline;font-weight:bold"">agg({'Speed':'mean', 'TravelDistance':'mean', 'TravelTime':'mean'})</span>
print(""不同性别的平均车速、行驶距离和行驶时间:\n"", gender_stats)

# 统计不同年龄段的驾驶员数  5分
age_bins = [18, 26, 36, 46, 56, 66, np.inf]
age_labels = ['18-25', '26-35', '36-45', '46-55', '56-65', '65+']
data['AgeGroup'] = <span style=""color:#c62828;text-decoration:underline;font-weight:bold"">pd.cut</span>(<span style=""color:#c62828;text-decoration:underline;font-weight:bold"">data['Age']</span>,<span style=""color:#c62828;text-decoration:underline;font-weight:bold""> bins=age_bins</span>,<span style=""color:#c62828;text-decoration:underline;font-weight:bold""> labels=age_labels</span>, right=False)
age_group_counts = <span style=""color:#c62828;text-decoration:underline;font-weight:bold"">data['AgeGroup'].value_counts()</span>
print(""不同年龄段的驾驶员数:\n"", age_group_counts)</pre>"	1.1.5::代码填空题
"<div style=""font-size:14px; color:#666; margin-bottom:8px"">【2.1.1】加载数据集并显示数据集的前五行</div>
<pre style=""background:#f5f5f5; padding:12px; border-radius:6px; font-size:13px; line-height:1.6; overflow-x:auto; border:1px solid #ddd"">
import pandas as pd

# 加载数据集并显示数据集的前五行 1分
data = __________
print(""数据集的前五行:"")
print(__________)

# 显示每一列的数据类型
print(data.dtypes)

# 检查缺失值并删除缺失值所在的行  2分
print(""\n检查缺失值:"")
print(__________.__________.__________)  
data = __________

# 将 'horsepower' 列转换为数值类型，并（删除）处理转换中的异常值 1分
data['horsepower'] = __________(data['horsepower'], errors='coerce')
data = __________

# 显示每一列的数据类型
print(data.horsepower.dtypes)

# 检查清洗后的缺失值
print(""\n检查清洗后的缺失值:"")
print(data.isnull().sum())

from sklearn.preprocessing import StandardScaler
# 对数值型数据进行标准化处理 1分
numerical_features = ['displacement', 'horsepower', 'weight', 'acceleration']
scaler = StandardScaler()
data[numerical_features] = __________

from sklearn.model_selection import train_test_split
# 选择特征、自变量和目标变量 2分
selected_features = __________
X = __________
y = __________

# 划分数据集为训练集和测试集（训练集占8成） 1分
X_train, X_test, y_train, y_test = __________(__________, random_state=42)


# 将特征和目标变量合并到一个数据框中
cleaned_data = X.copy()
cleaned_data['mpg'] = y

# 保存清洗和处理后的数据（不存储额外的索引号） 1分
__________('2.1.1_cleaned_data.csv', __________)

# 打印消息指示文件已保存
print(""\n清洗后的数据已保存到 2.1.1_cleaned_data.csv"")</pre>"	"<div style=""font-size:14px; color:#666; margin-bottom:8px"">【2.1.1】加载数据集并显示数据集的前五行 — 共16个填空</div>
<pre style=""background:#f0faf0; padding:12px; border-radius:6px; font-size:13px; line-height:1.6; overflow-x:auto; border:1px solid #4CAF50; border-left:4px solid #4CAF50"">
import pandas as pd

# 加载数据集并显示数据集的前五行 1分
data = <span style=""color:#c62828;text-decoration:underline;font-weight:bold"">pd.read_csv('auto-mpg.csv')</span>
print(""数据集的前五行:"")
print(<span style=""color:#c62828;text-decoration:underline;font-weight:bold"">data.head()</span>)

# 显示每一列的数据类型
print(data.dtypes)

# 检查缺失值并删除缺失值所在的行  2分
print(""\n检查缺失值:"")
print(<span style=""color:#c62828;text-decoration:underline;font-weight:bold"">data</span>.<span style=""color:#c62828;text-decoration:underline;font-weight:bold"">isnull()</span>.<span style=""color:#c62828;text-decoration:underline;font-weight:bold"">sum()</span>)  
data = <span style=""color:#c62828;text-decoration:underline;font-weight:bold"">data.dropna()</span>

# 将 'horsepower' 列转换为数值类型，并（删除）处理转换中的异常值 1分
data['horsepower'] = <span style=""color:#c62828;text-decoration:underline;font-weight:bold"">pd.to_numeric</span>(data['horsepower'], errors='coerce')
data = <span style=""color:#c62828;text-decoration:underline;font-weight:bold"">data.dropna(subset=['horsepower'])</span>

# 显示每一列的数据类型
print(data.horsepower.dtypes)

# 检查清洗后的缺失值
print(""\n检查清洗后的缺失值:"")
print(data.isnull().sum())

from sklearn.preprocessing import StandardScaler
# 对数值型数据进行标准化处理 1分
numerical_features = ['displacement', 'horsepower', 'weight', 'acceleration']
scaler = StandardScaler()
data[numerical_features] = <span style=""color:#c62828;text-decoration:underline;font-weight:bold"">scaler.fit_transform(data[numerical_features])</span>

from sklearn.model_selection import train_test_split
# 选择特征、自变量和目标变量 2分
selected_features = <span style=""color:#c62828;text-decoration:underline;font-weight:bold"">['cylinders','displacement','horsepower','weight','acceleration','model year','origin']</span>
X = <span style=""color:#c62828;text-decoration:underline;font-weight:bold"">data[selected_features]</span>
y = <span style=""color:#c62828;text-decoration:underline;font-weight:bold"">data['mpg']</span>

# 划分数据集为训练集和测试集（训练集占8成） 1分
X_train, X_test, y_train, y_test = <span style=""color:#c62828;text-decoration:underline;font-weight:bold"">train_test_split</span>(<span style=""color:#c62828;text-decoration:underline;font-weight:bold"">X, y, test_size=0.2</span>, random_state=42)


# 将特征和目标变量合并到一个数据框中
cleaned_data = X.copy()
cleaned_data['mpg'] = y

# 保存清洗和处理后的数据（不存储额外的索引号） 1分
<span style=""color:#c62828;text-decoration:underline;font-weight:bold"">cleaned_data.to_csv</span>('2.1.1_cleaned_data.csv', <span style=""color:#c62828;text-decoration:underline;font-weight:bold"">index=False</span>)

# 打印消息指示文件已保存
print(""\n清洗后的数据已保存到 2.1.1_cleaned_data.csv"")</pre>"	2.1.1::代码填空题
"<div style=""font-size:14px; color:#666; margin-bottom:8px"">【2.1.2】数据划分（测试集取20%）</div>
<pre style=""background:#f5f5f5; padding:12px; border-radius:6px; font-size:13px; line-height:1.6; overflow-x:auto; border:1px solid #ddd"">
import pandas as pd
#读取一个Excel文件，并将读取到的数据存储在变量data中
data = __________
#打印出数据集的前5行
print(data.head())

#处理数据集中的缺失值
initial_row_count = __________   #处理前的数据行数
data = __________                #删除缺失值所在行
final_row_count = __________     #处理后的数据行数
print(f'处理后数据行数: {final_row_count}, 删除的行数: {initial_row_count - final_row_count}')

#删除重复行
data = __________

from sklearn.preprocessing import StandardScaler
numerical_features = ['4.您的月生活费○≦1,000元   ○1,001-2,000元   ○2,001-3,000元   ○≧3,001元']
scaler = StandardScaler()
data[numerical_features] = __________

#选择特征
selected_features = [__________]
X = __________

# 创建目标变量
y = __________

from sklearn.model_selection import train_test_split
# 数据划分（测试集取20%）
X_train, X_test, y_train, y_test = __________(__________, random_state=42)

# 合并处理后得数据，并将其保存（保存中不用额外创建索引）
cleaned_data = __________(__________, axis=1)
__________('2.1.2_cleaned_data.csv', __________)</pre>"	"<div style=""font-size:14px; color:#666; margin-bottom:8px"">【2.1.2】数据划分（测试集取20%） — 共15个填空</div>
<pre style=""background:#f0faf0; padding:12px; border-radius:6px; font-size:13px; line-height:1.6; overflow-x:auto; border:1px solid #4CAF50; border-left:4px solid #4CAF50"">
import pandas as pd
#读取一个Excel文件，并将读取到的数据存储在变量data中
data = <span style=""color:#c62828;text-decoration:underline;font-weight:bold"">pd.read_excel('大学生低碳生活行为的影响因素数据集.xlsx')</span>
#打印出数据集的前5行
print(data.head())

#处理数据集中的缺失值
initial_row_count = <span style=""color:#c62828;text-decoration:underline;font-weight:bold"">data.shape[0]</span>   #处理前的数据行数
data = <span style=""color:#c62828;text-decoration:underline;font-weight:bold"">data.dropna()</span>                #删除缺失值所在行
final_row_count = <span style=""color:#c62828;text-decoration:underline;font-weight:bold"">data.shape[0]</span>     #处理后的数据行数
print(f'处理后数据行数: {final_row_count}, 删除的行数: {initial_row_count - final_row_count}')

#删除重复行
data = <span style=""color:#c62828;text-decoration:underline;font-weight:bold"">data.drop_duplicates()</span>

from sklearn.preprocessing import StandardScaler
numerical_features = ['4.您的月生活费○≦1,000元   ○1,001-2,000元   ○2,001-3,000元   ○≧3,001元']
scaler = StandardScaler()
data[numerical_features] = <span style=""color:#c62828;text-decoration:underline;font-weight:bold"">scaler.fit_transform(data[numerical_features])</span>

#选择特征
selected_features = ['1.您的性别○男性   ○女性',
                     '2.您的年级○大一   ○大二   ○大三   ○大四',
                     '3.您的生源地○农村   ○城镇（乡镇）   ○地县级城市  ○省会城市及直辖市',
                    '4.您的月生活费○≦1,000元   ○1,001-2,000元   ○2,001-3,000元   ○≧3,001元',
                     '5.您进行过绿色低碳的相关生活方式吗?',
                     '6.您觉得“低碳”，与你的生活关系密切吗？',
                     '7.低碳生活是否会成为未来的主流生活方式？',
                     '8.您是否认为低碳生活会提高您的生活质量？'
                    ]
X = data[selected_features]

# 创建目标变量
y = data['低碳行为积极性']</pre>"	2.1.2::代码填空题
"<div style=""font-size:14px; color:#666; margin-bottom:8px"">【2.1.3】划分数据（训练集占80%）</div>
<pre style=""background:#f5f5f5; padding:12px; border-radius:6px; font-size:13px; line-height:1.6; overflow-x:auto; border:1px solid #ddd"">
import pandas as pd

# 加载数据
data = __________

# 显示前五行的数据
__________

import matplotlib.pyplot as plt
import seaborn as sns

# 设置图像尺寸
plt.figure(figsize=(12, 8))

# 识别数值列用于箱线图
numeric_cols = data.select_dtypes(include=['float64', 'int64']).columns

# 创建箱线图
for i, col in enumerate(numeric_cols, 1):
    plt.subplot(3, 4, i)
    sns.boxplot(x=data[col])
    plt.title(col)

plt.tight_layout()
plt.show()

# 使用IQR处理异常值
Q1 = __________(0.25)
Q3 = __________(0.75)
IQR = __________

# 移除异常值
data_cleaned = data[~((data[numeric_cols] < (Q1 - 1.5 * __________)) | (data[numeric_cols] > (Q3 + 1.5 * __________))).any(axis=1)]

# 检查处理重复值
duplicates = __________()
num_duplicates = duplicates.sum()
data_cleaned = data_cleaned[~duplicates]

print(f'删除的重复行数: {num_duplicates}')

#对数据进行归一化处理
from sklearn.preprocessing import MinMaxScaler

scaler = MinMaxScaler()
data_cleaned[numeric_cols] = __________

# 设定目标变量
target_variable = __________

from sklearn.model_selection import train_test_split

# 定义特征和目标
X = __________(columns=[__________])   #1分
y = __________                         #1分

# 划分数据（训练集占80%）
X_train, X_test, y_train, y_test = __________(__________, random_state=42)

# 显示划分后的数据形状
print(f'训练数据形状: {X_train.shape}')
print(f'测试数据形状: {X_test.shape}')

# 保存清洗后的数据到CSV
cleaned_file_path = '2.1.3_cleaned_data.csv'
__________(__________, index=False)</pre>"	"<div style=""font-size:14px; color:#666; margin-bottom:8px"">【2.1.3】划分数据（训练集占80%） — 共17个填空</div>
<pre style=""background:#f0faf0; padding:12px; border-radius:6px; font-size:13px; line-height:1.6; overflow-x:auto; border:1px solid #4CAF50; border-left:4px solid #4CAF50"">
import pandas as pd

# 加载数据
data = <span style=""color:#c62828;text-decoration:underline;font-weight:bold"">pd.read_csv('finance数据集.csv')</span>

# 显示前五行的数据
<span style=""color:#c62828;text-decoration:underline;font-weight:bold"">print(data.head())</span>

import matplotlib.pyplot as plt
import seaborn as sns

# 设置图像尺寸
plt.figure(figsize=(12, 8))

# 识别数值列用于箱线图
numeric_cols = data.select_dtypes(include=['float64', 'int64']).columns

# 创建箱线图
for i, col in enumerate(numeric_cols, 1):
    plt.subplot(3, 4, i)
    sns.boxplot(x=data[col])
    plt.title(col)

plt.tight_layout()
plt.show()

# 使用IQR处理异常值
Q1 = <span style=""color:#c62828;text-decoration:underline;font-weight:bold"">data[numeric_cols].quantile</span>(0.25)
Q3 = <span style=""color:#c62828;text-decoration:underline;font-weight:bold"">data[numeric_cols].quantile</span>(0.75)
IQR = <span style=""color:#c62828;text-decoration:underline;font-weight:bold"">Q3 - Q1</span>

# 移除异常值
data_cleaned = data[~((data[numeric_cols] < (Q1 - 1.5 * <span style=""color:#c62828;text-decoration:underline;font-weight:bold"">IQR</span>)) | (data[numeric_cols] > (Q3 + 1.5 * <span style=""color:#c62828;text-decoration:underline;font-weight:bold"">IQR</span>))).any(axis=1)]

# 检查处理重复值
duplicates = <span style=""color:#c62828;text-decoration:underline;font-weight:bold"">data_cleaned.duplicated</span>()
num_duplicates = duplicates.sum()
data_cleaned = data_cleaned[~duplicates]

print(f'删除的重复行数: {num_duplicates}')

#对数据进行归一化处理
from sklearn.preprocessing import MinMaxScaler

scaler = MinMaxScaler()
data_cleaned[numeric_cols] = <span style=""color:#c62828;text-decoration:underline;font-weight:bold"">scaler.fit_transform(data_cleaned[numeric_cols])</span>

# 设定目标变量
target_variable = <span style=""color:#c62828;text-decoration:underline;font-weight:bold"">'SeriousDlqin2yrs'</span>

from sklearn.model_selection import train_test_split

# 定义特征和目标
X = <span style=""color:#c62828;text-decoration:underline;font-weight:bold"">data_cleaned.drop</span>(columns=[<span style=""color:#c62828;text-decoration:underline;font-weight:bold"">'Unnamed: 0', target_variable</span>])   #1分
y = <span style=""color:#c62828;text-decoration:underline;font-weight:bold"">data_cleaned[target_variable]</span>                         #1分

# 划分数据（训练集占80%）
X_train, X_test, y_train, y_test = <span style=""color:#c62828;text-decoration:underline;font-weight:bold"">train_test_split</span>(<span style=""color:#c62828;text-decoration:underline;font-weight:bold"">X, y, test_size=0.2</span>, random_state=42)

# 显示划分后的数据形状
print(f'训练数据形状: {X_train.shape}')
print(f'测试数据形状: {X_test.shape}')

# 保存清洗后的数据到CSV
cleaned_file_path = '2.1.3_cleaned_data.csv'
<span style=""color:#c62828;text-decoration:underline;font-weight:bold"">data_cleaned.to_csv</span>(<span style=""color:#c62828;text-decoration:underline;font-weight:bold"">cleaned_file_path</span>, index=False)</pre>"	2.1.3::代码填空题
"<div style=""font-size:14px; color:#666; margin-bottom:8px"">【2.1.4】统计治疗结果分布</div>
<pre style=""background:#f5f5f5; padding:12px; border-radius:6px; font-size:13px; line-height:1.6; overflow-x:auto; border:1px solid #ddd"">
import pandas as pd

# 加载数据集并指定编码为gbk
data = _________

# 查看数据类型
print(data.dtypes)
# 查看表结构基本信息
print(_________)

# 显示每一列的空缺值数量
print(data.isnull().sum())

# 规范日期格式
data['就诊日期'] = pd.to_datetime(data['就诊日期'])
data['诊断日期'] = pd.to_datetime(data['诊断日期'])

# 修改列名
_________(_________, inplace=True)

# 查看修改后的表结构
print(data.head())

from datetime import datetime

# 增加诊断延迟和病程列
data['诊断延迟'] = _________.dt.days
data['病程'] = (datetime(2024, 9, 1) - data['诊断日期']).dt.days

# 删除不合理的数据
data = _________[(_________ >= 0) & (_________ > 0) & (_________ < 120)]

# 查看修改后的数据
print(data.describe())

# 删除重复值并记录删除的行数
initial_rows = data.shape[0]
_________(inplace=True)
deleted_rows = initial_rows - data.shape[0]

print(f'删除的重复行数: {deleted_rows}')

from sklearn.preprocessing import MinMaxScaler

# 对需要归一化的列进行处理
scaler = MinMaxScaler()
columns_to_normalize = [_________]
data[columns_to_normalize] = _________

# 查看归一化后的数据
print(data.head())

import matplotlib.pyplot as plt
import matplotlib.font_manager as fm


# 统计治疗结果分布
treatment_outcome_distribution = data.groupby('疾病类型')['治疗结果'].value_counts().unstack()

# 设置中文字体
font_path = 'C:/Windows/Fonts/simhei.ttf'  # 根据你的系统调整字体路径
my_font = fm.FontProperties(fname=font_path)

# 绘制柱状图
_________(_________, stacked=True)
plt.title('不同疾病类型的治疗结果分布', fontproperties=my_font)
plt.xlabel('疾病类型', fontproperties=my_font)
plt.ylabel('治疗结果数量', fontproperties=my_font)
plt.xticks(fontproperties=my_font)  # 设置x轴刻度标签的字体
plt.yticks(fontproperties=my_font)  # 设置y轴刻度标签的字体
plt.legend(prop=my_font)  # 设置图例字体
plt.show()

# 绘制散点图
_________(_________, _________)
plt.title('年龄和疾病严重程度的关系', fontproperties=my_font)
plt.xlabel('年龄', fontproperties=my_font)
plt.ylabel('疾病严重程度', fontproperties=my_font)
plt.xticks(fontproperties=my_font)  # 设置x轴刻度标签的字体
plt.yticks(fontproperties=my_font)  # 设置y轴刻度标签的字体
plt.legend(prop=my_font)  # 设置图例字体
plt.show()

# 保存处理后得数据
output_path = '2.1.4_cleaned_data.csv'
_________(_________, index=False)</pre>"	"<div style=""font-size:14px; color:#666; margin-bottom:8px"">【2.1.4】统计治疗结果分布 — 共19个填空</div>
<pre style=""background:#f0faf0; padding:12px; border-radius:6px; font-size:13px; line-height:1.6; overflow-x:auto; border:1px solid #4CAF50; border-left:4px solid #4CAF50"">
import pandas as pd

# 加载数据集并指定编码为gbk
data = <span style=""color:#c62828;text-decoration:underline;font-weight:bold"">pd.read_csv('medical_data.csv', encoding='gbk')</span>

# 查看数据类型
print(data.dtypes)
# 查看表结构基本信息
print(<span style=""color:#c62828;text-decoration:underline;font-weight:bold"">data.head()</span>)

# 显示每一列的空缺值数量
print(data.isnull().sum())

# 规范日期格式
data['就诊日期'] = pd.to_datetime(data['就诊日期'])
data['诊断日期'] = pd.to_datetime(data['诊断日期'])

# 修改列名
<span style=""color:#c62828;text-decoration:underline;font-weight:bold"">data.rename</span>(<span style=""color:#c62828;text-decoration:underline;font-weight:bold"">columns={'病人ID':'患者ID'}</span>, inplace=True)

# 查看修改后的表结构
print(data.head())

from datetime import datetime

# 增加诊断延迟和病程列
data['诊断延迟'] = <span style=""color:#c62828;text-decoration:underline;font-weight:bold"">(data['诊断日期'] - data['就诊日期'])</span>.dt.days
data['病程'] = (datetime(2024, 9, 1) - data['诊断日期']).dt.days

# 删除不合理的数据
data = <span style=""color:#c62828;text-decoration:underline;font-weight:bold"">data</span>[(<span style=""color:#c62828;text-decoration:underline;font-weight:bold"">data['诊断延迟']</span> >= 0) & (<span style=""color:#c62828;text-decoration:underline;font-weight:bold"">data['年龄']</span> > 0) & (<span style=""color:#c62828;text-decoration:underline;font-weight:bold"">data['年龄']</span> < 120)]

# 查看修改后的数据
print(data.describe())

# 删除重复值并记录删除的行数
initial_rows = data.shape[0]
<span style=""color:#c62828;text-decoration:underline;font-weight:bold"">data.drop_duplicates</span>(inplace=True)
deleted_rows = initial_rows - data.shape[0]

print(f'删除的重复行数: {deleted_rows}')

from sklearn.preprocessing import MinMaxScaler

# 对需要归一化的列进行处理
scaler = MinMaxScaler()
columns_to_normalize = [<span style=""color:#c62828;text-decoration:underline;font-weight:bold"">'年龄', '体重', '身高'</span>]
data[columns_to_normalize] = <span style=""color:#c62828;text-decoration:underline;font-weight:bold"">scaler.fit_transform(data[columns_to_normalize])</span>

# 查看归一化后的数据
print(data.head())

import matplotlib.pyplot as plt
import matplotlib.font_manager as fm


# 统计治疗结果分布
treatment_outcome_distribution = data.groupby('疾病类型')['治疗结果'].value_counts().unstack()

# 设置中文字体
font_path = 'C:/Windows/Fonts/simhei.ttf'  # 根据你的系统调整字体路径
my_font = fm.FontProperties(fname=font_path)

# 绘制柱状图
<span style=""color:#c62828;text-decoration:underline;font-weight:bold"">treatment_outcome_distribution.plot</span>(<span style=""color:#c62828;text-decoration:underline;font-weight:bold"">kind='bar'</span>, stacked=True)
plt.title('不同疾病类型的治疗结果分布', fontproperties=my_font)
plt.xlabel('疾病类型', fontproperties=my_font)
plt.ylabel('治疗结果数量', fontproperties=my_font)
plt.xticks(fontproperties=my_font)  # 设置x轴刻度标签的字体
plt.yticks(fontproperties=my_font)  # 设置y轴刻度标签的字体
plt.legend(prop=my_font)  # 设置图例字体
plt.show()

# 绘制散点图
<span style=""color:#c62828;text-decoration:underline;font-weight:bold"">plt.scatter</span>(<span style=""color:#c62828;text-decoration:underline;font-weight:bold"">data['年龄']</span>, <span style=""color:#c62828;text-decoration:underline;font-weight:bold"">data['疾病严重程度']</span>)
plt.title('年龄和疾病严重程度的关系', fontproperties=my_font)
plt.xlabel('年龄', fontproperties=my_font)
plt.ylabel('疾病严重程度', fontproperties=my_font)
plt.xticks(fontproperties=my_font)  # 设置x轴刻度标签的字体
plt.yticks(fontproperties=my_font)  # 设置y轴刻度标签的字体
plt.legend(prop=my_font)  # 设置图例字体
plt.show()

# 保存处理后得数据
output_path = '2.1.4_cleaned_data.csv'
<span style=""color:#c62828;text-decoration:underline;font-weight:bold"">data.to_csv</span>(<span style=""color:#c62828;text-decoration:underline;font-weight:bold"">output_path</span>, index=False)</pre>"	2.1.4::代码填空题
"<div style=""font-size:14px; color:#666; margin-bottom:8px"">【2.1.5】统计不同健身频率的分布情况</div>
<pre style=""background:#f5f5f5; padding:12px; border-radius:6px; font-size:13px; line-height:1.6; overflow-x:auto; border:1px solid #ddd"">
import pandas as pd

# 加载数据集
data = __________

# 查看表结构基本信息
print(__________)

# 显示每一列的空缺值数量
print(__________)

# 删除含有缺失值的行
data_cleaned = __________

# 转换 'Your age' 列的数据类型为整数类型，并处理异常值
data_cleaned.loc[:, 'Your age'] = __________(__________, errors='coerce')
data_cleaned = data_cleaned.dropna(subset=['Your age'])
data_cleaned = data_cleaned[data_cleaned['Your age'] >= 0]
data_cleaned.loc[:, 'Your age'] = data_cleaned['Your age'].__________

print(data_cleaned['Your age'].dtype)

# 检查和删除重复值
duplicates_removed = data_cleaned.duplicated().sum()
data_cleaned = __________

print(f""Removed {duplicates_removed} duplicate rows"")

from sklearn.preprocessing import LabelEncoder

# 归一化 'How do you describe your current level of fitness ?' 列
label_encoder = LabelEncoder()
data_cleaned[__________] = __________

print(data_cleaned['How do you describe your current level of fitness ?'].unique())

from sklearn.preprocessing import LabelEncoder
import matplotlib.pyplot as plt

# 去掉列名中的空格
data.columns = data.columns.str.strip()
# 显示数据集的列名
print(data.columns)

# 删除包含缺失值的行
data_cleaned = data.dropna(subset=['How often do you exercise?'])

# 统计不同健身频率的分布情况
exercise_frequency_counts = data_cleaned['How often do you exercise?'].value_counts()

# 绘制饼图
plt.figure(figsize=(10, 6))
__________(autopct='%1.1f%%', startangle=90, colors=plt.cm.Paired.colors)
plt.title('Distribution of Exercise Frequency')
plt.ylabel('')
plt.show()

import pandas as pd
from sklearn.model_selection import train_test_split
import matplotlib.pyplot as plt

# 填充缺失值
data_filled = data.apply(lambda x: x.fillna(x.mode()[0]))

# 划分数据（测试集占比20%）
train_data, test_data = __________(__________, random_state=42)

# 保存处理后的数据
cleaned_file_path = '__________'
__________(__________, index=False)</pre>"	"<div style=""font-size:14px; color:#666; margin-bottom:8px"">【2.1.5】统计不同健身频率的分布情况 — 共16个填空</div>
<pre style=""background:#f0faf0; padding:12px; border-radius:6px; font-size:13px; line-height:1.6; overflow-x:auto; border:1px solid #4CAF50; border-left:4px solid #4CAF50"">
import pandas as pd

# 加载数据集
data = <span style=""color:#c62828;text-decoration:underline;font-weight:bold"">pd.read_csv('健康咨询客户数据集.csv')</span>

# 查看表结构基本信息
print(<span style=""color:#c62828;text-decoration:underline;font-weight:bold"">data.info()</span>)

# 显示每一列的空缺值数量
print(<span style=""color:#c62828;text-decoration:underline;font-weight:bold"">data.isnull().sum()</span>)

# 删除含有缺失值的行
data_cleaned = <span style=""color:#c62828;text-decoration:underline;font-weight:bold"">data.dropna()</span>

# 转换 'Your age' 列的数据类型为整数类型，并处理异常值
data_cleaned.loc[:, 'Your age'] = <span style=""color:#c62828;text-decoration:underline;font-weight:bold"">pd.to_numeric</span>(<span style=""color:#c62828;text-decoration:underline;font-weight:bold"">data_cleaned['Your age']</span>, errors='coerce')
data_cleaned = data_cleaned.dropna(subset=['Your age'])
data_cleaned = data_cleaned[data_cleaned['Your age'] >= 0]
data_cleaned.loc[:, 'Your age'] = data_cleaned['Your age'].<span style=""color:#c62828;text-decoration:underline;font-weight:bold"">astype(int)</span>

print(data_cleaned['Your age'].dtype)

# 检查和删除重复值
duplicates_removed = data_cleaned.duplicated().sum()
data_cleaned = <span style=""color:#c62828;text-decoration:underline;font-weight:bold"">data_cleaned.drop_duplicates()</span>

print(f""Removed {duplicates_removed} duplicate rows"")

from sklearn.preprocessing import LabelEncoder

# 归一化 'How do you describe your current level of fitness ?' 列
label_encoder = LabelEncoder()
data_cleaned[<span style=""color:#c62828;text-decoration:underline;font-weight:bold"">'How do you describe your current level of fitness ?'</span>] = <span style=""color:#c62828;text-decoration:underline;font-weight:bold"">label_encoder.fit_transform(data_cleaned['How do you describe your current level of fitness ?'])</span>

print(data_cleaned['How do you describe your current level of fitness ?'].unique())

from sklearn.preprocessing import LabelEncoder
import matplotlib.pyplot as plt

# 去掉列名中的空格
data.columns = data.columns.str.strip()
# 显示数据集的列名
print(data.columns)

# 删除包含缺失值的行
data_cleaned = data.dropna(subset=['How often do you exercise?'])

# 统计不同健身频率的分布情况
exercise_frequency_counts = data_cleaned['How often do you exercise?'].value_counts()

# 绘制饼图
plt.figure(figsize=(10, 6))
<span style=""color:#c62828;text-decoration:underline;font-weight:bold"">exercise_frequency_counts.plot.pie</span>(autopct='%1.1f%%', startangle=90, colors=plt.cm.Paired.colors)
plt.title('Distribution of Exercise Frequency')
plt.ylabel('')
plt.show()

import pandas as pd
from sklearn.model_selection import train_test_split
import matplotlib.pyplot as plt

# 填充缺失值
data_filled = data.apply(lambda x: x.fillna(x.mode()[0]))

# 划分数据（测试集占比20%）
train_data, test_data = <span style=""color:#c62828;text-decoration:underline;font-weight:bold"">train_test_split</span>(<span style=""color:#c62828;text-decoration:underline;font-weight:bold"">data_filled, test_size=0.2</span>, random_state=42)

# 保存处理后的数据
cleaned_file_path = '<span style=""color:#c62828;text-decoration:underline;font-weight:bold"">2.1.5_cleaned_data.csv</span>'
<span style=""color:#c62828;text-decoration:underline;font-weight:bold"">data_filled.to_csv</span>(<span style=""color:#c62828;text-decoration:underline;font-weight:bold"">cleaned_file_path</span>, index=False)</pre>"	2.1.5::代码填空题
"<div style=""font-size:14px; color:#666; margin-bottom:8px"">【2.2.1】分割训练集和测试集（测试集20%）</div>
<pre style=""background:#f5f5f5; padding:12px; border-radius:6px; font-size:13px; line-height:1.6; overflow-x:auto; border:1px solid #ddd"">
import pandas as pd
from sklearn.model_selection import train_test_split
from sklearn.linear_model import LogisticRegression
import pickle
from sklearn.metrics import classification_report
from imblearn.over_sampling import SMOTE

# 加载数据
data = __________

# 显示前五行的数据
print(__________)

# 选择自变量和因变量
X = data.drop(['SeriousDlqin2yrs', 'Unnamed: 0'], axis=1)
y = data['SeriousDlqin2yrs']

# 分割训练集和测试集（测试集20%）
X_train, X_test, y_train, y_test = __________(__________, random_state=42)

# 训练Logistic回归模型（最大迭代次数为1000次）
model = __________
#训练 Logistic 回归模型
__________

# 保存模型
with open('2.2.1_model.pkl', 'wb') as file:
    pickle.__________

# 预测并保存结果
y_pred = __________
pd.DataFrame(y_pred, columns=['预测结果']).to_csv('2.2.1_results.txt', index=False)

# 生成测试报告
report = classification_report(y_test, y_pred, zero_division=1)
with open('2.2.1_report.txt', 'w') as file:
    file.write(report)

# 分析测试结果
accuracy = __________
print(f""模型准确率: {accuracy:.2f}"")

# 处理数据不平衡
smote = SMOTE(random_state=42)
X_resampled, y_resampled = __________

# 重新训练模型
__________
# 重新预测
y_pred_resampled = __________

# 保存新结果
pd.DataFrame(y_pred_resampled, columns=['预测结果']).to_csv('2.2.1_results_xg.txt', index=False)

# 生成新的测试报告
report_resampled = classification_report(y_test, y_pred_resampled, zero_division=1)
with open('2.2.1_report_xg.txt', 'w') as file:
    file.write(report_resampled)

# 分析新的测试结果
accuracy_resampled = __________
print(f""重新采样后的模型准确率: {accuracy_resampled:.2f}"")</pre>"	"<div style=""font-size:14px; color:#666; margin-bottom:8px"">【2.2.1】分割训练集和测试集（测试集20%） — 共13个填空</div>
<pre style=""background:#f0faf0; padding:12px; border-radius:6px; font-size:13px; line-height:1.6; overflow-x:auto; border:1px solid #4CAF50; border-left:4px solid #4CAF50"">
import pandas as pd
from sklearn.model_selection import train_test_split
from sklearn.linear_model import LogisticRegression
import pickle
from sklearn.metrics import classification_report
from imblearn.over_sampling import SMOTE

# 加载数据
data = <span style=""color:#c62828;text-decoration:underline;font-weight:bold"">pd.read_csv('finance数据集.csv')</span>

# 显示前五行的数据
print(<span style=""color:#c62828;text-decoration:underline;font-weight:bold"">data.head()</span>)

# 选择自变量和因变量
X = data.drop(['SeriousDlqin2yrs', 'Unnamed: 0'], axis=1)
y = data['SeriousDlqin2yrs']

# 分割训练集和测试集（测试集20%）
X_train, X_test, y_train, y_test = <span style=""color:#c62828;text-decoration:underline;font-weight:bold"">train_test_split</span>(<span style=""color:#c62828;text-decoration:underline;font-weight:bold"">X, y, test_size=0.2</span>, random_state=42)

# 训练Logistic回归模型（最大迭代次数为1000次）
model = <span style=""color:#c62828;text-decoration:underline;font-weight:bold"">LogisticRegression(max_iter=1000)</span>
#训练 Logistic 回归模型
<span style=""color:#c62828;text-decoration:underline;font-weight:bold"">model.fit(X_train, y_train)</span>

# 保存模型
with open('2.2.1_model.pkl', 'wb') as file:
    pickle.<span style=""color:#c62828;text-decoration:underline;font-weight:bold"">dump(model, file)</span>

# 预测并保存结果
y_pred = <span style=""color:#c62828;text-decoration:underline;font-weight:bold"">model.predict(X_test)</span>
pd.DataFrame(y_pred, columns=['预测结果']).to_csv('2.2.1_results.txt', index=False)

# 生成测试报告
report = classification_report(y_test, y_pred, zero_division=1)
with open('2.2.1_report.txt', 'w') as file:
    file.write(report)

# 分析测试结果
accuracy = <span style=""color:#c62828;text-decoration:underline;font-weight:bold"">(y_test == y_pred).mean()</span>
print(f""模型准确率: {accuracy:.2f}"")

# 处理数据不平衡
smote = SMOTE(random_state=42)
X_resampled, y_resampled = <span style=""color:#c62828;text-decoration:underline;font-weight:bold"">smote.fit_resample(X_train, y_train)</span>

# 重新训练模型
<span style=""color:#c62828;text-decoration:underline;font-weight:bold"">model.fit(X_resampled, y_resampled)</span>
# 重新预测
y_pred_resampled = <span style=""color:#c62828;text-decoration:underline;font-weight:bold"">model.predict(X_test)</span>

# 保存新结果
pd.DataFrame(y_pred_resampled, columns=['预测结果']).to_csv('2.2.1_results_xg.txt', index=False)

# 生成新的测试报告
report_resampled = classification_report(y_test, y_pred_resampled, zero_division=1)
with open('2.2.1_report_xg.txt', 'w') as file:
    file.write(report_resampled)

# 分析新的测试结果
accuracy_resampled = <span style=""color:#c62828;text-decoration:underline;font-weight:bold"">(y_test == y_pred_resampled).mean()</span>
print(f""重新采样后的模型准确率: {accuracy_resampled:.2f}"")</pre>"	2.2.1::代码填空题
"<div style=""font-size:14px; color:#666; margin-bottom:8px"">【2.2.2】将数据集划分为训练集和测试集（测试集占比20%）</div>
<pre style=""background:#f5f5f5; padding:12px; border-radius:6px; font-size:13px; line-height:1.6; overflow-x:auto; border:1px solid #ddd"">
import pandas as pd
from sklearn.model_selection import train_test_split
from sklearn.linear_model import LinearRegression
from sklearn.preprocessing import StandardScaler
from sklearn.pipeline import Pipeline
import pickle
from sklearn.ensemble import RandomForestRegressor

# 加载数据集
df = __________

# 显示前五行数据
print(__________)

# 处理缺失值
# 将 'horsepower' 列中的所有值转换为数值类型
df['horsepower'] = __________(__________, errors='coerce')
# 删除包含缺失值的行
df = __________

# 选择相关特征进行建模（定义自变量（返回一个DataFrame）和因变量）
X = __________
y = __________

# 将数据集划分为训练集和测试集（测试集占比20%）
X_train, X_test, y_train, y_test = __________(__________, random_state=42)

# 创建包含标准化和线性回归的管道
pipeline = __________([('scaler', __________),('linreg', __________)])

# 训练模型
__________

# 保存训练好的模型
with open('2.2.2_model.pkl', 'wb') as model_file:
    pickle.__________

# 预测并保存结果
y_pred = __________
results_df = pd.DataFrame(y_pred, columns=['预测结果'])
__________('2.2.2_results.txt', index=False)

# 测试模型
with open('2.2.2_report.txt', 'w') as results_file:
    results_file.write(f'训练集得分: {pipeline.score(X_train, y_train)}\n')
    results_file.write(f'测试集得分: {pipeline.score(X_test, y_test)}\n')

# 创建随机森林回归模型实例（创建的决策树的数量为100）
rf_model = __________(__________, random_state=42)
# 训练随机森林回归模型
__________

# 使用随机森林模型进行预测
y_pred_rf = __________

# 保存新的结果
results_rf_df = pd.DataFrame(y_pred_rf, columns=['预测结果'])
__________('2.2.2_results_rf.txt', index=False)

# 测试模型并保存得分
with open('2.2.2_report_rf.txt', 'w') as results_rf_file:
    results_rf_file.write(f'训练集得分: {rf_model.score(X_train, y_train)}\n')
    results_rf_file.write(f'测试集得分: {rf_model.score(X_test, y_test)}\n')</pre>"	"<div style=""font-size:14px; color:#666; margin-bottom:8px"">【2.2.2】将数据集划分为训练集和测试集（测试集占比20%） — 共21个填空</div>
<pre style=""background:#f0faf0; padding:12px; border-radius:6px; font-size:13px; line-height:1.6; overflow-x:auto; border:1px solid #4CAF50; border-left:4px solid #4CAF50"">
import pandas as pd
from sklearn.model_selection import train_test_split
from sklearn.linear_model import LinearRegression
from sklearn.preprocessing import StandardScaler
from sklearn.pipeline import Pipeline
import pickle
from sklearn.ensemble import RandomForestRegressor

# 加载数据集
df = <span style=""color:#c62828;text-decoration:underline;font-weight:bold"">pd.read_csv('auto-mpg.csv')</span>

# 显示前五行数据
print(<span style=""color:#c62828;text-decoration:underline;font-weight:bold"">df.head()</span>)

# 处理缺失值
# 将 'horsepower' 列中的所有值转换为数值类型
df['horsepower'] = <span style=""color:#c62828;text-decoration:underline;font-weight:bold"">pd.to_numeric</span>(<span style=""color:#c62828;text-decoration:underline;font-weight:bold"">df['horsepower']</span>, errors='coerce')
# 删除包含缺失值的行
df = <span style=""color:#c62828;text-decoration:underline;font-weight:bold"">df.dropna()</span>

# 选择相关特征进行建模（定义自变量（返回一个DataFrame）和因变量）
X = <span style=""color:#c62828;text-decoration:underline;font-weight:bold"">df[['cylinders', 'displacement', 'horsepower', 'weight', 'acceleration', 'model year', 'origin']]</span>
y = <span style=""color:#c62828;text-decoration:underline;font-weight:bold"">df['mpg']</span>

# 将数据集划分为训练集和测试集（测试集占比20%）
X_train, X_test, y_train, y_test = <span style=""color:#c62828;text-decoration:underline;font-weight:bold"">train_test_split</span>(<span style=""color:#c62828;text-decoration:underline;font-weight:bold"">X, y, test_size=0.2</span>, random_state=42)

# 创建包含标准化和线性回归的管道
pipeline = <span style=""color:#c62828;text-decoration:underline;font-weight:bold"">Pipeline</span>([('scaler', <span style=""color:#c62828;text-decoration:underline;font-weight:bold"">StandardScaler()</span>),('linreg', <span style=""color:#c62828;text-decoration:underline;font-weight:bold"">LinearRegression()</span>)])

# 训练模型
<span style=""color:#c62828;text-decoration:underline;font-weight:bold"">pipeline.fit(X_train, y_train)</span>

# 保存训练好的模型
with open('2.2.2_model.pkl', 'wb') as model_file:
    pickle.<span style=""color:#c62828;text-decoration:underline;font-weight:bold"">dump(pipeline, model_file)</span>

# 预测并保存结果
y_pred = <span style=""color:#c62828;text-decoration:underline;font-weight:bold"">pipeline.predict(X_test)</span>
results_df = pd.DataFrame(y_pred, columns=['预测结果'])
<span style=""color:#c62828;text-decoration:underline;font-weight:bold"">results_df.to_csv</span>('2.2.2_results.txt', index=False)

# 测试模型
with open('2.2.2_report.txt', 'w') as results_file:
    results_file.write(f'训练集得分: {pipeline.score(X_train, y_train)}\n')
    results_file.write(f'测试集得分: {pipeline.score(X_test, y_test)}\n')

# 创建随机森林回归模型实例（创建的决策树的数量为100）
rf_model = <span style=""color:#c62828;text-decoration:underline;font-weight:bold"">RandomForestRegressor</span>(<span style=""color:#c62828;text-decoration:underline;font-weight:bold"">n_estimators=100</span>, random_state=42)
# 训练随机森林回归模型
<span style=""color:#c62828;text-decoration:underline;font-weight:bold"">rf_model.fit(X_train, y_train)</span>

# 使用随机森林模型进行预测
y_pred_rf = <span style=""color:#c62828;text-decoration:underline;font-weight:bold"">rf_model.predict(X_test)</span>

# 保存新的结果
results_rf_df = pd.DataFrame(y_pred_rf, columns=['预测结果'])
<span style=""color:#c62828;text-decoration:underline;font-weight:bold"">results_rf_df.to_csv</span>('2.2.2_results_rf.txt', index=False)

# 测试模型并保存得分
with open('2.2.2_report_rf.txt', 'w') as results_rf_file:
    results_rf_file.write(f'训练集得分: {rf_model.score(X_train, y_train)}\n')
    results_rf_file.write(f'测试集得分: {rf_model.score(X_test, y_test)}\n')</pre>"	2.2.2::代码填空题
"<div style=""font-size:14px; color:#666; margin-bottom:8px"">【2.2.3】将数据集划分为训练集和测试集（测试集占比20%）</div>
<pre style=""background:#f5f5f5; padding:12px; border-radius:6px; font-size:13px; line-height:1.6; overflow-x:auto; border:1px solid #ddd"">
import pandas as pd
from sklearn.model_selection import train_test_split
from sklearn.ensemble import RandomForestRegressor
import pickle
from sklearn.metrics import mean_squared_error, r2_score
import xgboost as xgb

# 加载数据集
df = __________

# 显示前五行数据
print(__________)

# 去除所有字符串字段的前后空格
df = df.applymap(lambda x: x.strip() if isinstance(x, str) else x)

# 检查和清理列名
df.columns = df.columns.str.strip()

# 选择相关特征进行建模
X = df[['Your gender', 'How important is exercise to you ?', 'How healthy do you consider yourself?']]
X = __________(X)  # 将分类变量转为数值变量

# 将年龄段转为数值变量
y = __________(lambda x: int(x.split(' ')[0]))  # 假设年龄段为整数

# 将数据集划分为训练集和测试集（测试集占比20%）
X_train, X_test, y_train, y_test = __________(__________, random_state=42)

# 创建随机森林回归模型（创建的决策树的数量为100）
rf_model = __________(__________, random_state=42)
# 训练随机森林回归模型
__________

# 保存训练好的模型
with open('2.2.3_model.pkl', 'wb') as model_file:
    pickle.__________

# 进行结果预测
y_pred = __________
results_df = pd.DataFrame(y_pred, columns=['预测结果'])
results_df.to_csv('2.2.3_results.txt', index=False)

# 使用测试工具对模型进行测试，并记录测试结果
train_score = __________   #训练集分数
test_score = __________    #测试集分数
mse = __________  #均方误差
r2 = __________  #决定系数
with open('2.2.3_report.txt', 'w') as report_file:
    report_file.write(f'训练集得分: {train_score}\n')
    report_file.write(f'测试集得分: {test_score}\n')
    report_file.write(f'均方误差(MSE): {mse}\n')
    report_file.write(f'决定系数(R^2): {r2}\n')

# 运用工具分析算法中错误案例产生的原因并进行纠正
# 初始化XGBoost回归模型（构建100棵树）
xgb_model = __________(__________, random_state=42)
# 训练XGBoost回归模型
__________
# 使用XGBoost回归模型在测试集上进行结果预测
y_pred_xgb = __________

results_df_xgb = pd.DataFrame(y_pred_xgb, columns=['预测结果'])
results_df_xgb.to_csv('2.2.3_results_xgb.txt', index=False)

with open('2.2.3_report_xgb.txt', 'w') as xgb_report_file:
    xgb_report_file.write(f'XGBoost训练集得分: {__________}\n')
    xgb_report_file.write(f'XGBoost测试集得分: {__________}\n')
    xgb_report_file.write(f'XGBoost均方误差(MSE): {__________}\n')
    xgb_report_file.write(f'XGBoost决定系数(R^2): {__________)}\n')</pre>"	"<div style=""font-size:14px; color:#666; margin-bottom:8px"">【2.2.3】将数据集划分为训练集和测试集（测试集占比20%） — 共23个填空</div>
<pre style=""background:#f0faf0; padding:12px; border-radius:6px; font-size:13px; line-height:1.6; overflow-x:auto; border:1px solid #4CAF50; border-left:4px solid #4CAF50"">
import pandas as pd
from sklearn.model_selection import train_test_split
from sklearn.ensemble import RandomForestRegressor
import pickle
from sklearn.metrics import mean_squared_error, r2_score
import xgboost as xgb

# 加载数据集
df = <span style=""color:#c62828;text-decoration:underline;font-weight:bold"">pd.read_csv('fitness analysis.csv')</span>

# 显示前五行数据
print(<span style=""color:#c62828;text-decoration:underline;font-weight:bold"">df.head()</span>)

# 去除所有字符串字段的前后空格
df = df.applymap(lambda x: x.strip() if isinstance(x, str) else x)

# 检查和清理列名
df.columns = df.columns.str.strip()

# 选择相关特征进行建模
X = df[['Your gender', 'How important is exercise to you ?', 'How healthy do you consider yourself?']]
X = <span style=""color:#c62828;text-decoration:underline;font-weight:bold"">pd.get_dummies</span>(X)  # 将分类变量转为数值变量

# 将年龄段转为数值变量
y = <span style=""color:#c62828;text-decoration:underline;font-weight:bold"">df['Your age'].apply</span>(lambda x: int(x.split(' ')[0]))  # 假设年龄段为整数

# 将数据集划分为训练集和测试集（测试集占比20%）
X_train, X_test, y_train, y_test = <span style=""color:#c62828;text-decoration:underline;font-weight:bold"">train_test_split</span>(<span style=""color:#c62828;text-decoration:underline;font-weight:bold"">X, y, test_size=0.2</span>, random_state=42)

# 创建随机森林回归模型（创建的决策树的数量为100）
rf_model = <span style=""color:#c62828;text-decoration:underline;font-weight:bold"">RandomForestRegressor</span>(<span style=""color:#c62828;text-decoration:underline;font-weight:bold"">n_estimators=100</span>, random_state=42)
# 训练随机森林回归模型
<span style=""color:#c62828;text-decoration:underline;font-weight:bold"">rf_model.fit(X_train, y_train)</span>

# 保存训练好的模型
with open('2.2.3_model.pkl', 'wb') as model_file:
    pickle.<span style=""color:#c62828;text-decoration:underline;font-weight:bold"">dump(rf_model, model_file)</span>

# 进行结果预测
y_pred = <span style=""color:#c62828;text-decoration:underline;font-weight:bold"">rf_model.predict(X_test)</span>
results_df = pd.DataFrame(y_pred, columns=['预测结果'])
results_df.to_csv('2.2.3_results.txt', index=False)

# 使用测试工具对模型进行测试，并记录测试结果
train_score = <span style=""color:#c62828;text-decoration:underline;font-weight:bold"">rf_model.score(X_train, y_train)</span>   #训练集分数
test_score = <span style=""color:#c62828;text-decoration:underline;font-weight:bold"">rf_model.score(X_test, y_test)</span>    #测试集分数
mse = <span style=""color:#c62828;text-decoration:underline;font-weight:bold"">mean_squared_error(y_test, y_pred)</span>  #均方误差
r2 = <span style=""color:#c62828;text-decoration:underline;font-weight:bold"">r2_score(y_test, y_pred)</span>  #决定系数
with open('2.2.3_report.txt', 'w') as report_file:
    report_file.write(f'训练集得分: {train_score}\n')
    report_file.write(f'测试集得分: {test_score}\n')
    report_file.write(f'均方误差(MSE): {mse}\n')
    report_file.write(f'决定系数(R^2): {r2}\n')

# 运用工具分析算法中错误案例产生的原因并进行纠正
# 初始化XGBoost回归模型（构建100棵树）
xgb_model = <span style=""color:#c62828;text-decoration:underline;font-weight:bold"">xgb.XGBRegressor</span>(<span style=""color:#c62828;text-decoration:underline;font-weight:bold"">n_estimators=100</span>, random_state=42)
# 训练XGBoost回归模型
<span style=""color:#c62828;text-decoration:underline;font-weight:bold"">xgb_model.fit(X_train, y_train)</span>
# 使用XGBoost回归模型在测试集上进行结果预测
y_pred_xgb = <span style=""color:#c62828;text-decoration:underline;font-weight:bold"">xgb_model.predict(X_test)</span>

results_df_xgb = pd.DataFrame(y_pred_xgb, columns=['预测结果'])
results_df_xgb.to_csv('2.2.3_results_xgb.txt', index=False)

with open('2.2.3_report_xgb.txt', 'w') as xgb_report_file:
    xgb_report_file.write(f'XGBoost训练集得分: {<span style=""color:#c62828;text-decoration:underline;font-weight:bold"">xgb_model.score(X_train, y_train)</span>}\n')
    xgb_report_file.write(f'XGBoost测试集得分: {<span style=""color:#c62828;text-decoration:underline;font-weight:bold"">xgb_model.score(X_test, y_test)</span>}\n')
    xgb_report_file.write(f'XGBoost均方误差(MSE): {<span style=""color:#c62828;text-decoration:underline;font-weight:bold"">mean_squared_error(y_test, y_pred_xgb)</span>}\n')
    xgb_report_file.write(f'XGBoost决定系数(R^2): {<span style=""color:#c62828;text-decoration:underline;font-weight:bold"">r2_score(y_test, y_pred_xgb</span>)}\n')</pre>"	2.2.3::代码填空题
"<div style=""font-size:14px; color:#666; margin-bottom:8px"">【2.2.4】删除不必要的列并处理分类变量</div>
<pre style=""background:#f5f5f5; padding:12px; border-radius:6px; font-size:13px; line-height:1.6; overflow-x:auto; border:1px solid #ddd"">
import pandas as pd
from sklearn.model_selection import train_test_split
from sklearn.linear_model import LinearRegression
from sklearn.metrics import mean_squared_error, r2_score
import joblib
from xgboost import XGBRegressor

# 加载数据集
data = __________

# 显示数据集的前五行
print(__________)

# 删除不必要的列并处理分类变量
data_cleaned = __________(__________=['序号', '所用时间'])  # 删除不必要的列
data_cleaned = pd.get_dummies(data_cleaned, drop_first=True)  # 将分类变量转换为哑变量/指示变量

# 定义目标变量和特征
target = '5.您进行过绿色低碳的相关生活方式吗?'  # 确保这是目标变量

# 定义自变量和因变量
X = __________(__________=__________)
y = __________

# 将数据拆分为训练集和测试集（测试集占20%）
X_train, X_test, y_train, y_test = __________(__________, random_state=42)

# 初始化线性回归模型
model = __________
# 训练线性回归模型
__________

# 保存训练好的模型
model_filename = '2.2.4_model.pkl'
joblib.__________

# 进行预测
y_pred = __________

# 将结果保存到文本文件中
results = pd.DataFrame({'实际值': y_test, '预测值': y_pred})
results_filename = '2.2.4_results.txt'
__________(__________, index=False, sep='\t')  # 使用制表符分隔值保存到文本文件

# 将测试结果保存到报告文件中
report_filename = '2.2.4_report.txt'
with open(report_filename, 'w') as f:
    f.write(f'均方误差: {__________}\n')
    f.write(f'决定系数: {__________}\n')
    
# 分析并纠正错误（示例：使用XGBoost）
# 初始化XGBoost模型（设定树的数量为1000，学习率为0.05，每棵树的最大深度为5，）
xgb_model = __________(__________, subsample=0.8, colsample_bytree=0.8)
# 训练XGBoost模型
__________

# 使用XGBoost模型进行预测
y_pred_xg = __________

# 将XGBoost结果保存到文本文件中
results_xg_filename = '2.2.4_results_xg.txt'
results_xg = pd.DataFrame({'实际值': y_test, '预测值': y_pred_xg})
results_xg.to_csv(results_xg_filename, index=False, sep='\t')  # 使用制表符分隔值保存到文本文件

# 将XGBoost测试结果保存到报告文件中
report_filename_xgb = '2.2.4_report_xgb.txt'
with open(report_filename_xgb, 'w') as f:
    f.write(f'均方误差: {__________}\n')
    f.write(f'决定系数: {__________}\n')</pre>"	"<div style=""font-size:14px; color:#666; margin-bottom:8px"">【2.2.4】删除不必要的列并处理分类变量 — 共24个填空</div>
<pre style=""background:#f0faf0; padding:12px; border-radius:6px; font-size:13px; line-height:1.6; overflow-x:auto; border:1px solid #4CAF50; border-left:4px solid #4CAF50"">
import pandas as pd
from sklearn.model_selection import train_test_split
from sklearn.linear_model import LinearRegression
from sklearn.metrics import mean_squared_error, r2_score
import joblib
from xgboost import XGBRegressor

# 加载数据集
data = <span style=""color:#c62828;text-decoration:underline;font-weight:bold"">pd.read_excel('大学生低碳生活行为的影响因素数据集.xlsx')</span>

# 显示数据集的前五行
print(<span style=""color:#c62828;text-decoration:underline;font-weight:bold"">data.head()</span>)

# 删除不必要的列并处理分类变量
data_cleaned = <span style=""color:#c62828;text-decoration:underline;font-weight:bold"">data.drop</span>(<span style=""color:#c62828;text-decoration:underline;font-weight:bold"">columns</span>=['序号', '所用时间'])  # 删除不必要的列
data_cleaned = pd.get_dummies(data_cleaned, drop_first=True)  # 将分类变量转换为哑变量/指示变量

# 定义目标变量和特征
target = '5.您进行过绿色低碳的相关生活方式吗?'  # 确保这是目标变量

# 定义自变量和因变量
X = <span style=""color:#c62828;text-decoration:underline;font-weight:bold"">data_cleaned.drop</span>(<span style=""color:#c62828;text-decoration:underline;font-weight:bold"">columns</span>=<span style=""color:#c62828;text-decoration:underline;font-weight:bold"">[target]</span>)
y = <span style=""color:#c62828;text-decoration:underline;font-weight:bold"">data_cleaned[target]</span>

# 将数据拆分为训练集和测试集（测试集占20%）
X_train, X_test, y_train, y_test = <span style=""color:#c62828;text-decoration:underline;font-weight:bold"">train_test_split</span>(<span style=""color:#c62828;text-decoration:underline;font-weight:bold"">X, y, test_size=0.2</span>, random_state=42)

# 初始化线性回归模型
model = <span style=""color:#c62828;text-decoration:underline;font-weight:bold"">LinearRegression()</span>
# 训练线性回归模型
<span style=""color:#c62828;text-decoration:underline;font-weight:bold"">model.fit(X_train, y_train)</span>

# 保存训练好的模型
model_filename = '2.2.4_model.pkl'
joblib.<span style=""color:#c62828;text-decoration:underline;font-weight:bold"">dump(model, model_filename)</span>

# 进行预测
y_pred = <span style=""color:#c62828;text-decoration:underline;font-weight:bold"">model.predict(X_test)</span>

# 将结果保存到文本文件中
results = pd.DataFrame({'实际值': y_test, '预测值': y_pred})
results_filename = '2.2.4_results.txt'
<span style=""color:#c62828;text-decoration:underline;font-weight:bold"">results.to_csv</span>(<span style=""color:#c62828;text-decoration:underline;font-weight:bold"">results_filename</span>, index=False, sep='\t')  # 使用制表符分隔值保存到文本文件

# 将测试结果保存到报告文件中
report_filename = '2.2.4_report.txt'
with open(report_filename, 'w') as f:
    f.write(f'均方误差: {<span style=""color:#c62828;text-decoration:underline;font-weight:bold"">mean_squared_error(y_test, y_pred)</span>}\n')
    f.write(f'决定系数: {<span style=""color:#c62828;text-decoration:underline;font-weight:bold"">r2_score(y_test, y_pred)</span>}\n')
    
# 分析并纠正错误（示例：使用XGBoost）
# 初始化XGBoost模型（设定树的数量为1000，学习率为0.05，每棵树的最大深度为5，）
xgb_model = <span style=""color:#c62828;text-decoration:underline;font-weight:bold"">XGBRegressor</span>(<span style=""color:#c62828;text-decoration:underline;font-weight:bold"">n_estimators=1000, learning_rate=0.05, max_depth=5</span>, subsample=0.8, colsample_bytree=0.8)
# 训练XGBoost模型
<span style=""color:#c62828;text-decoration:underline;font-weight:bold"">xgb_model.fit(X_train, y_train)</span>

# 使用XGBoost模型进行预测
y_pred_xg = <span style=""color:#c62828;text-decoration:underline;font-weight:bold"">xgb_model.predict(X_test)</span>

# 将XGBoost结果保存到文本文件中
results_xg_filename = '2.2.4_results_xg.txt'
results_xg = pd.DataFrame({'实际值': y_test, '预测值': y_pred_xg})
results_xg.to_csv(results_xg_filename, index=False, sep='\t')  # 使用制表符分隔值保存到文本文件

# 将XGBoost测试结果保存到报告文件中
report_filename_xgb = '2.2.4_report_xgb.txt'
with open(report_filename_xgb, 'w') as f:
    f.write(f'均方误差: {<span style=""color:#c62828;text-decoration:underline;font-weight:bold"">mean_squared_error(y_test, y_pred_xg)</span>}\n')
    f.write(f'决定系数: {<span style=""color:#c62828;text-decoration:underline;font-weight:bold"">r2_score(y_test, y_pred_xg)</span>}\n')</pre>"	2.2.4::代码填空题
"<div style=""font-size:14px; color:#666; margin-bottom:8px"">【2.2.5】将数据集划分为训练集和测试集（测试集占20%）</div>
<pre style=""background:#f5f5f5; padding:12px; border-radius:6px; font-size:13px; line-height:1.6; overflow-x:auto; border:1px solid #ddd"">
import pandas as pd
from sklearn.model_selection import train_test_split
from sklearn.tree import DecisionTreeRegressor
import pickle
from sklearn.metrics import mean_squared_error, mean_absolute_error, r2_score

# 加载数据集
df = __________

# 显示前五行数据
print(__________)

# 选择相关特征进行建模
X = df[['Your gender ', 'How important is exercise to you ?', 'How healthy do you consider yourself?']]
X = __________(X)  # 将分类变量转为数值变量

# 设置目标变量
y = __________  

# 将数据集划分为训练集和测试集（测试集占20%）
X_train, X_test, y_train, y_test = __________(__________, random_state=42)

# 创建并训练决策树回归模型
__________ = __________(random_state=42)
# 训练决策树回归模型
__________

# 保存训练好的模型
with open('2.2.5_model.pkl', 'wb') as model_file:
    pickle.__________

# 进行预测
y_pred = __________

# 将结果保存到文本文件中
results = pd.DataFrame({'实际值': y_test, '预测值': y_pred})
results_filename = '2.2.5_results.txt'
__________(__________, index=False, sep='\t')  

# 将测试结果保存到报告文件中
report_filename = '2.2.5_report.txt'
with open(__________) as f:
    f.write(f'均方误差: {__________}\n')
    f.write(f'平均绝对误差: {__________}\n')
    f.write(f'决定系数: {__________}\n')</pre>"	"<div style=""font-size:14px; color:#666; margin-bottom:8px"">【2.2.5】将数据集划分为训练集和测试集（测试集占20%） — 共17个填空</div>
<pre style=""background:#f0faf0; padding:12px; border-radius:6px; font-size:13px; line-height:1.6; overflow-x:auto; border:1px solid #4CAF50; border-left:4px solid #4CAF50"">
import pandas as pd
from sklearn.model_selection import train_test_split
from sklearn.tree import DecisionTreeRegressor
import pickle
from sklearn.metrics import mean_squared_error, mean_absolute_error, r2_score

# 加载数据集
df = <span style=""color:#c62828;text-decoration:underline;font-weight:bold"">pd.read_csv('fitness analysis.csv')</span>

# 显示前五行数据
print(<span style=""color:#c62828;text-decoration:underline;font-weight:bold"">df.head()</span>)

# 选择相关特征进行建模
X = df[['Your gender ', 'How important is exercise to you ?', 'How healthy do you consider yourself?']]
X = <span style=""color:#c62828;text-decoration:underline;font-weight:bold"">pd.get_dummies</span>(X)  # 将分类变量转为数值变量

# 设置目标变量
y = <span style=""color:#c62828;text-decoration:underline;font-weight:bold"">df['daily_steps']</span>  

# 将数据集划分为训练集和测试集（测试集占20%）
X_train, X_test, y_train, y_test = <span style=""color:#c62828;text-decoration:underline;font-weight:bold"">train_test_split</span>(<span style=""color:#c62828;text-decoration:underline;font-weight:bold"">X, y, test_size=0.2</span>, random_state=42)

# 创建并训练决策树回归模型
<span style=""color:#c62828;text-decoration:underline;font-weight:bold"">dt_model</span> = <span style=""color:#c62828;text-decoration:underline;font-weight:bold"">DecisionTreeRegressor</span>(random_state=42)
# 训练决策树回归模型
<span style=""color:#c62828;text-decoration:underline;font-weight:bold"">dt_model.fit(X_train, y_train)</span>

# 保存训练好的模型
with open('2.2.5_model.pkl', 'wb') as model_file:
    pickle.<span style=""color:#c62828;text-decoration:underline;font-weight:bold"">dump(dt_model, model_file)</span>

# 进行预测
y_pred = <span style=""color:#c62828;text-decoration:underline;font-weight:bold"">dt_model.predict(X_test)</span>

# 将结果保存到文本文件中
results = pd.DataFrame({'实际值': y_test, '预测值': y_pred})
results_filename = '2.2.5_results.txt'
<span style=""color:#c62828;text-decoration:underline;font-weight:bold"">results.to_csv</span>(<span style=""color:#c62828;text-decoration:underline;font-weight:bold"">results_filename</span>, index=False, sep='\t')  

# 将测试结果保存到报告文件中
report_filename = '2.2.5_report.txt'
with open(<span style=""color:#c62828;text-decoration:underline;font-weight:bold"">report_filename, 'w'</span>) as f:
    f.write(f'均方误差: {<span style=""color:#c62828;text-decoration:underline;font-weight:bold"">mean_squared_error(y_test, y_pred)</span>}\n')
    f.write(f'平均绝对误差: {<span style=""color:#c62828;text-decoration:underline;font-weight:bold"">mean_absolute_error(y_test, y_pred)</span>}\n')
    f.write(f'决定系数: {<span style=""color:#c62828;text-decoration:underline;font-weight:bold"">r2_score(y_test, y_pred)</span>}\n')</pre>"	2.2.5::代码填空题
"<div style=""font-size:14px; color:#666; margin-bottom:8px"">【3.2.1】模型加载</div>
<pre style=""background:#f5f5f5; padding:12px; border-radius:6px; font-size:13px; line-height:1.6; overflow-x:auto; border:1px solid #ddd"">
import onnxruntime as ort
import numpy as np
import scipy.special
from PIL import Image


# 预处理图像
def preprocess_image(image, resize_size=256, crop_size=224, mean=[0.485, 0.456, 0.406], std=[0.229, 0.224, 0.225]):
  image = image.resize((resize_size, resize_size), Image.BILINEAR)
  w, h = image.size
  left = (w - crop_size) / 2
  top = (h - crop_size) / 2
  image = image.crop((left, top, left + crop_size, top + crop_size))
  image = np.array(image).astype(np.float32)
  image = image / 255.0
  image = (image - mean) / std
  image = np.transpose(image, (2, 0, 1))
  image = image.reshape((1,) + image.shape)
  return image


# 模型加载 2分
session = _________________


# 加载类别标签
labels_path = 'labels.txt'
with open(labels_path) as f:
  labels = [line.strip() for line in f.readlines()]


# 获取模型输入和输出的名称
input_name = session.get_inputs()[0].name
output_name = session.get_outputs()[0].name


# 加载图片 2分
image = _________________('RGB')


# 预处理图片 2分
processed_image = _________________


# 确保输入数据是 float32 类型
processed_image = processed_image.astype(np.float32)


# 进行图片识别 2分
output = _________________([output_name], {input_name: processed_image})[0]


# 应用 softmax 函数获取概率 2分
probabilities = _________________(output, axis=-1)


# 获取最高的5个概率和对应的类别索引 3分
top5_idx = _________________[-5:][::-1]
top5_prob = _________________


# 打印结果
print(""Top 5 predicted classes:"")
for i in range(5):
  print(f""{i+1}: {labels[top5_idx[i]]} - Probability: {top5_prob[i]}"")</pre>"	"<div style=""font-size:14px; color:#666; margin-bottom:8px"">【3.2.1】模型加载 — 共7个填空</div>
<pre style=""background:#f0faf0; padding:12px; border-radius:6px; font-size:13px; line-height:1.6; overflow-x:auto; border:1px solid #4CAF50; border-left:4px solid #4CAF50"">
import onnxruntime as ort
import numpy as np
import scipy.special
from PIL import Image


# 预处理图像
def preprocess_image(image, resize_size=256, crop_size=224, mean=[0.485, 0.456, 0.406], std=[0.229, 0.224, 0.225]):
  image = image.resize((resize_size, resize_size), Image.BILINEAR)
  w, h = image.size
  left = (w - crop_size) / 2
  top = (h - crop_size) / 2
  image = image.crop((left, top, left + crop_size, top + crop_size))
  image = np.array(image).astype(np.float32)
  image = image / 255.0
  image = (image - mean) / std
  image = np.transpose(image, (2, 0, 1))
  image = image.reshape((1,) + image.shape)
  return image


# 模型加载 2分
session = <span style=""color:#c62828;text-decoration:underline;font-weight:bold"">ort.InferenceSession('resnet.onnx')</span>


# 加载类别标签
labels_path = 'labels.txt'
with open(labels_path) as f:
  labels = [line.strip() for line in f.readlines()]


# 获取模型输入和输出的名称
input_name = session.get_inputs()[0].name
output_name = session.get_outputs()[0].name


# 加载图片 2分
image = <span style=""color:#c62828;text-decoration:underline;font-weight:bold"">Image.open('img_test.jpg').convert</span>('RGB')


# 预处理图片 2分
processed_image = <span style=""color:#c62828;text-decoration:underline;font-weight:bold"">preprocess_image(image)</span>


# 确保输入数据是 float32 类型
processed_image = processed_image.astype(np.float32)


# 进行图片识别 2分
output = <span style=""color:#c62828;text-decoration:underline;font-weight:bold"">session.run</span>([output_name], {input_name: processed_image})[0]


# 应用 softmax 函数获取概率 2分
probabilities = <span style=""color:#c62828;text-decoration:underline;font-weight:bold"">scipy.special.softmax</span>(output, axis=-1)


# 获取最高的5个概率和对应的类别索引 3分
top5_idx = <span style=""color:#c62828;text-decoration:underline;font-weight:bold"">np.argsort(probabilities[0])</span>[-5:][::-1]
top5_prob = <span style=""color:#c62828;text-decoration:underline;font-weight:bold"">probabilities[0][top5_idx]</span>


# 打印结果
print(""Top 5 predicted classes:"")
for i in range(5):
  print(f""{i+1}: {labels[top5_idx[i]]} - Probability: {top5_prob[i]}"")</pre>"	3.2.1::代码填空题
"<div style=""font-size:14px; color:#666; margin-bottom:8px"">【3.2.2】加载ONNX模型</div>
<pre style=""background:#f5f5f5; padding:12px; border-radius:6px; font-size:13px; line-height:1.6; overflow-x:auto; border:1px solid #ddd"">
import onnxruntime
import numpy as np
from PIL import Image


# 加载ONNX模型  2分
ort_session = __________________


# 加载图像 2分
image = __________________('L')  # 转为灰度图


#图像预处理 
image = __________________((28, 28))  # 调整大小为MNIST模型的输入尺寸2分
image_array = __________________(__________________, dtype=np.float32)  # 转为numpy数组2分
image_array = __________________(__________________, axis=0)  # 添加batch维度2分
image_array = __________________(__________________, axis=0)  # 添加通道维度2分


#返回模型输入列表 2分
ort_inputs = {__________________()[0].name: image_array}
# 执行预测 2分
ort_outs = __________________(None, ort_inputs)


# 获取预测结果 2分
predicted_class = __________________


# 输出预测结果
print(f""Predicted class: {predicted_class}"")</pre>"	"<div style=""font-size:14px; color:#666; margin-bottom:8px"">【3.2.2】加载ONNX模型 — 共12个填空</div>
<pre style=""background:#f0faf0; padding:12px; border-radius:6px; font-size:13px; line-height:1.6; overflow-x:auto; border:1px solid #4CAF50; border-left:4px solid #4CAF50"">
import onnxruntime
import numpy as np
from PIL import Image


# 加载ONNX模型  2分
ort_session = <span style=""color:#c62828;text-decoration:underline;font-weight:bold"">onnxruntime.InferenceSession('mnist.onnx')</span>


# 加载图像 2分
image = <span style=""color:#c62828;text-decoration:underline;font-weight:bold"">Image.open('img_test.png').convert</span>('L')  # 转为灰度图


#图像预处理 
image = <span style=""color:#c62828;text-decoration:underline;font-weight:bold"">image.resize</span>((28, 28))  # 调整大小为MNIST模型的输入尺寸2分
image_array = <span style=""color:#c62828;text-decoration:underline;font-weight:bold"">np.array</span>(<span style=""color:#c62828;text-decoration:underline;font-weight:bold"">image</span>, dtype=np.float32)  # 转为numpy数组2分
image_array = <span style=""color:#c62828;text-decoration:underline;font-weight:bold"">np.expand_dims</span>(<span style=""color:#c62828;text-decoration:underline;font-weight:bold"">image_array</span>, axis=0)  # 添加batch维度2分
image_array = <span style=""color:#c62828;text-decoration:underline;font-weight:bold"">np.expand_dims</span>(<span style=""color:#c62828;text-decoration:underline;font-weight:bold"">image_array</span>, axis=0)  # 添加通道维度2分


#返回模型输入列表 2分
ort_inputs = {<span style=""color:#c62828;text-decoration:underline;font-weight:bold"">ort_session.get_inputs</span>()[0].name: image_array}
# 执行预测 2分
ort_outs = <span style=""color:#c62828;text-decoration:underline;font-weight:bold"">ort_session.run</span>(None, ort_inputs)


# 获取预测结果 2分
predicted_class = <span style=""color:#c62828;text-decoration:underline;font-weight:bold"">np.argmax(ort_outs[0])</span>


# 输出预测结果
print(f""Predicted class: {predicted_class}"")</pre>"	3.2.2::代码填空题
"<div style=""font-size:14px; color:#666; margin-bottom:8px"">【3.2.3】定义情感类别与数字标签的映射表</div>
<pre style=""background:#f5f5f5; padding:12px; border-radius:6px; font-size:13px; line-height:1.6; overflow-x:auto; border:1px solid #ddd"">
# 导入必要的库
import numpy as np
from PIL import Image
import onnxruntime as ort


# 定义预处理函数，用于将图片转换为模型所需的输入格式
def preprocess(image_path):
    input_shape = (1, 1, 64, 64)    # 模型输入期望的形状，这里是 (N, C, H, W)，N=batch size, C=channels, H=height, W=width
    img = Image.open(image_path).convert('L')    # 打开图像文件并将其转换为灰度图  1分
    img = img.resize((64, 64), Image.ANTIALIAS)    # 调整图像大小到模型输入所需的尺寸
    img_data = np.array(img, dtype=np.float32)    # 将PIL图像对象转换为numpy数组，并确保数据类型是float32
    # 调整数组的形状以匹配模型输入的形状
    img_data = np.expand_dims(img_data, axis=0)  # 添加 batch 维度
    img_data = np.expand_dims(img_data, axis=1)  # 添加 channel 维度
    assert img_data.shape == input_shape, f""Expected shape {input_shape}, but got {img_data.shape}""    # 确保最终的形状与模型输入要求的形状一致
    return img_data    # 返回预处理后的图像数据


# 定义情感类别与数字标签的映射表 3分
emotion_table = {____________}


# 加载模型 3分
ort_session = ____________    # 使用onnxruntime创建一个会话，用于加载并运行模型


# 加载本地图片并进行预处理 3分
input_data = ____________


# 准备输入数据，确保其符合模型输入的要求
ort_inputs = {ort_session.get_inputs()[0].name: input_data}    # ort_session.get_inputs()[0].name 是获取模型的第一个输入的名字


# 运行模型，进行预测 3分
ort_outs = ____________(None, ____________)


# 解码模型输出，找到预测概率最高的情感类别 3分
predicted_label = ____________(ort_outs[0])


# 根据预测的标签找到对应的情感名称 3分
predicted_emotion = ____________[predicted_label]


# 输出预测的情感
print(f""Predicted emotion: {predicted_emotion}"")</pre>"	"<div style=""font-size:14px; color:#666; margin-bottom:8px"">【3.2.3】定义情感类别与数字标签的映射表 — 共7个填空</div>
<pre style=""background:#f0faf0; padding:12px; border-radius:6px; font-size:13px; line-height:1.6; overflow-x:auto; border:1px solid #4CAF50; border-left:4px solid #4CAF50"">
# 导入必要的库
import numpy as np
from PIL import Image
import onnxruntime as ort


# 定义预处理函数，用于将图片转换为模型所需的输入格式
def preprocess(image_path):
    input_shape = (1, 1, 64, 64)    # 模型输入期望的形状，这里是 (N, C, H, W)，N=batch size, C=channels, H=height, W=width
    img = Image.open(image_path).convert('L')    # 打开图像文件并将其转换为灰度图  1分
    img = img.resize((64, 64), Image.ANTIALIAS)    # 调整图像大小到模型输入所需的尺寸
    img_data = np.array(img, dtype=np.float32)    # 将PIL图像对象转换为numpy数组，并确保数据类型是float32
    # 调整数组的形状以匹配模型输入的形状
    img_data = np.expand_dims(img_data, axis=0)  # 添加 batch 维度
    img_data = np.expand_dims(img_data, axis=1)  # 添加 channel 维度
    assert img_data.shape == input_shape, f""Expected shape {input_shape}, but got {img_data.shape}""    # 确保最终的形状与模型输入要求的形状一致
    return img_data    # 返回预处理后的图像数据


# 定义情感类别与数字标签的映射表 3分
emotion_table = {<span style=""color:#c62828;text-decoration:underline;font-weight:bold"">'neutral':0, 'happiness':1, 'surprise':2, 'sadness':3, 'anger':4, 'disgust':5, 'fear':6, 'contempt':7</span>}


# 加载模型 3分
ort_session = <span style=""color:#c62828;text-decoration:underline;font-weight:bold"">ort.InferenceSession('emotion-ferplus.onnx')</span>    # 使用onnxruntime创建一个会话，用于加载并运行模型


# 加载本地图片并进行预处理 3分
input_data = <span style=""color:#c62828;text-decoration:underline;font-weight:bold"">preprocess('img_test.png')</span>


# 准备输入数据，确保其符合模型输入的要求
ort_inputs = {ort_session.get_inputs()[0].name: input_data}    # ort_session.get_inputs()[0].name 是获取模型的第一个输入的名字


# 运行模型，进行预测 3分
ort_outs = <span style=""color:#c62828;text-decoration:underline;font-weight:bold"">ort_session.run</span>(None, <span style=""color:#c62828;text-decoration:underline;font-weight:bold"">ort_inputs</span>)


# 解码模型输出，找到预测概率最高的情感类别 3分
predicted_label = <span style=""color:#c62828;text-decoration:underline;font-weight:bold"">np.argmax</span>(ort_outs[0])


# 根据预测的标签找到对应的情感名称 3分
predicted_emotion = <span style=""color:#c62828;text-decoration:underline;font-weight:bold"">list(emotion_table.keys())</span>[predicted_label]


# 输出预测的情感
print(f""Predicted emotion: {predicted_emotion}"")</pre>"	3.2.3::代码填空题
"<div style=""font-size:14px; color:#666; margin-bottom:8px"">【3.2.4】加载模型</div>
<pre style=""background:#f5f5f5; padding:12px; border-radius:6px; font-size:13px; line-height:1.6; overflow-x:auto; border:1px solid #ddd"">
import onnxruntime as ort
import numpy as np
import scipy.special
from PIL import Image


# 预处理图像
def preprocess_image(image, resize_size=256, crop_size=224, mean=[0.485, 0.456, 0.406], std=[0.229, 0.224, 0.225]):
    image = image.resize((resize_size, resize_size), Image.BILINEAR)
    w, h = image.size
    left = (w - crop_size) / 2
    top = (h - crop_size) / 2
    image = image.crop((left, top, left + crop_size, top + crop_size))
    image = np.array(image).astype(np.float32)
    image = image / 255.0
    image = (image - mean) / std
    image = np.transpose(image, (2, 0, 1))
    image = image.reshape((1,) + image.shape)
    return image


# 加载模型  2分
session = _________________


# 加载类别标签 2分
with _________________ as f:
    labels = [line.strip() for line in f.readlines()]


# 获取模型输入和输出的名称
input_name = session.get_inputs()[0].name
output_name = session.get_outputs()[0].name


# 加载图片  2分
image = _________________('RGB')


# 预处理图片  2分
processed_image = _________________


# 确保输入数据是 float32 类型
processed_image = processed_image.astype(np.float32)


# 进行图片识别  2分
output = _________________([output_name], {input_name: processed_image})[0]


# 应用 softmax 函数获取识别分类后的准确率  2分
accuracy = _________________(output, axis=-1)


# 获取预测的类别索引
predicted_idx =  __________


# 获取预测的准确值（转换为百分比）
prob_percentage =  __________


# 获取预测的类别标签
predicted_label = __________


# 输出预测结果，包含百分比形式的概率
print(f""Predicted class: {predicted_label}, Accuracy: {prob_percentage:.2f}%"")</pre>"	"<div style=""font-size:14px; color:#666; margin-bottom:8px"">【3.2.4】加载模型 — 共9个填空</div>
<pre style=""background:#f0faf0; padding:12px; border-radius:6px; font-size:13px; line-height:1.6; overflow-x:auto; border:1px solid #4CAF50; border-left:4px solid #4CAF50"">
import onnxruntime as ort
import numpy as np
import scipy.special
from PIL import Image


# 预处理图像
def preprocess_image(image, resize_size=256, crop_size=224, mean=[0.485, 0.456, 0.406], std=[0.229, 0.224, 0.225]):
    image = image.resize((resize_size, resize_size), Image.BILINEAR)
    w, h = image.size
    left = (w - crop_size) / 2
    top = (h - crop_size) / 2
    image = image.crop((left, top, left + crop_size, top + crop_size))
    image = np.array(image).astype(np.float32)
    image = image / 255.0
    image = (image - mean) / std
    image = np.transpose(image, (2, 0, 1))
    image = image.reshape((1,) + image.shape)
    return image


# 加载模型  2分
session = <span style=""color:#c62828;text-decoration:underline;font-weight:bold"">ort.InferenceSession('flower-detection.onnx')</span>


# 加载类别标签 2分
with <span style=""color:#c62828;text-decoration:underline;font-weight:bold"">open('labels.txt')</span> as f:
    labels = [line.strip() for line in f.readlines()]


# 获取模型输入和输出的名称
input_name = session.get_inputs()[0].name
output_name = session.get_outputs()[0].name


# 加载图片  2分
image = <span style=""color:#c62828;text-decoration:underline;font-weight:bold"">Image.open('flower_test.png').convert</span>('RGB')


# 预处理图片  2分
processed_image = <span style=""color:#c62828;text-decoration:underline;font-weight:bold"">preprocess_image(image)</span>


# 确保输入数据是 float32 类型
processed_image = processed_image.astype(np.float32)


# 进行图片识别  2分
output = <span style=""color:#c62828;text-decoration:underline;font-weight:bold"">session.run</span>([output_name], {input_name: processed_image})[0]


# 应用 softmax 函数获取识别分类后的准确率  2分
accuracy = <span style=""color:#c62828;text-decoration:underline;font-weight:bold"">scipy.special.softmax</span>(output, axis=-1)


# 获取预测的类别索引
predicted_idx =  <span style=""color:#c62828;text-decoration:underline;font-weight:bold"">np.argmax(accuracy[0])</span>


# 获取预测的准确值（转换为百分比）
prob_percentage =  <span style=""color:#c62828;text-decoration:underline;font-weight:bold"">accuracy[0, predicted_idx] * 100</span>


# 获取预测的类别标签
predicted_label = <span style=""color:#c62828;text-decoration:underline;font-weight:bold"">labels[predicted_idx]</span>


# 输出预测结果，包含百分比形式的概率
print(f""Predicted class: {predicted_label}, Accuracy: {prob_percentage:.2f}%"")</pre>"	3.2.4::代码填空题
"<div style=""font-size:14px; color:#666; margin-bottom:8px"">【3.2.5】从标签文件中读取每一行，并去除行首尾的空白字符，得到类别名称列表</div>
<pre style=""background:#f5f5f5; padding:12px; border-radius:6px; font-size:13px; line-height:1.6; overflow-x:auto; border:1px solid #ddd"">
import os
import time
import cv2
import numpy as np
import vision.utils.box_utils_numpy as box_utils
import onnxruntime as ort

# 定义预测函数，对模型输出的边界框和置信度进行后处理
def predict(width, height, confidences, boxes, prob_threshold, iou_threshold=0.3, top_k=-1):
    boxes = boxes[0]
    confidences = confidences[0]
    picked_box_probs = []
    picked_labels = []
    for class_index in range(1, confidences.shape[1]):
        probs = confidences[:, class_index]
        mask = probs > prob_threshold
        probs = probs[mask]
        if probs.shape[0] == 0:
            continue
        subset_boxes = boxes[mask, :]
        box_probs = np.concatenate([subset_boxes, probs.reshape(-1, 1)], axis=1)
        box_probs = box_utils.hard_nms(box_probs,
                                       iou_threshold=iou_threshold,
                                       top_k=top_k,
                                       )
        picked_box_probs.append(box_probs)
        picked_labels.extend([class_index] * box_probs.shape[0])
    if not picked_box_probs:
        return np.array([]), np.array([]), np.array([])
    picked_box_probs = np.concatenate(picked_box_probs)
    picked_box_probs[:, 0] *= width
    picked_box_probs[:, 1] *= height
    picked_box_probs[:, 2] *= width
    picked_box_probs[:, 3] *= height
    return picked_box_probs[:, :4].astype(np.int32), np.array(picked_labels), picked_box_probs[:, 4]

# 从标签文件中读取每一行，并去除行首尾的空白字符，得到类别名称列表 2分
class_names = [_______________ for name in open('voc-model-labels.txt').readlines()]

# 创建 ONNX Runtime 的推理会话，用于运行模型进行推理 2分
ort_session = _______________('version-RFB-320.onnx')

# 获取模型输入的名称 2分
input_name = _______________()[0].name

# 定义保存检测结果图像的目录路径
result_path = ""./detect_imgs_results_onnx""

# 定义置信度阈值，用于筛选出置信度较高的检测结果
threshold = 0.7
# 定义存储待检测图像的目录路径
path = ""imgs""
# 用于统计所有图像中检测到的目标框总数，初始化为 0
sum = 0

# 如果保存结果的目录不存在，则创建该目录 2分
if not os.path.exists(result_path):
    os._______________
    
# 获取指定目录下的所有文件和文件夹名称列表
listdir = os.listdir(path)

# 遍历目录下的每个文件
for file_path in listdir:
    # 拼接图像文件的完整路径
    img_path = os.path.join(path, file_path)
    # 使用 OpenCV 读取图像文件 2分
    orig_image = _______________
    # 将图像从 BGR 颜色空间转换为 RGB 颜色空间（许多模型要求输入为 RGB 格式）
    image = cv2.cvtColor(orig_image, cv2.COLOR_BGR2RGB)
    # 将图像调整为 320x240 的尺寸（符合模型输入的尺寸要求） 2分
    image = _______________(_______________, (320, 240))
    # 定义图像归一化的均值数组 2分
    image_mean = _______________([127, 127, 127])
    # 对图像进行归一化处理，减去均值并除以 128
    image = (image - image_mean) / 128
    # 将图像的维度从 (高度, 宽度, 通道数) 转换为 (通道数, 高度, 宽度)
    image = np.transpose(image, [2, 0, 1])
    # 在第一个维度上扩展一个维度，将图像变为 (1, 通道数, 高度, 宽度)，以符合模型输入的维度要求  1分
    image = _______________(image, axis=0)
    # 将图像数据类型转换为 float32 类型
    image = image.astype(np.float32)
    # 记录开始时间，用于计算模型推理的耗时
    time_time = time.time()
    # 使用 ONNX Runtime 运行模型，输入图像数据，得到模型输出的置信度和边界框  2分
    confidences, boxes = _______________(None, {input_name: image})
    # 计算并打印模型推理的耗时
    print(""cost time:{}"".format(time.time() - time_time))
    # 调用 predict 函数对模型输出的边界框和置信度进行后处理，得到最终的边界框、类别标签和置信度
    boxes, labels, probs = predict(orig_image.shape[1], orig_image.shape[0], confidences, boxes, threshold)
    # 遍历每个检测到的目标框
    for i in range(boxes.shape[0]):
        # 获取当前目标框的坐标
        box = boxes[i, :]
        # 生成当前目标框的标签字符串，包含类别名称和置信度
        label = f""{class_names[labels[i]]}: {probs[i]:.2f}""

        # 在原始图像上绘制目标框，颜色为 (255, 255, 0)，线条粗细为 4
        cv2.rectangle(orig_image, (box[0], box[1]), (box[2], box[3]), (255, 255, 0), 4)
        # 将绘制了目标框的图像保存到结果目录中
        cv2.imwrite(os.path.join(result_path, file_path), orig_image)
    # 累加当前图像中检测到的目标框数量到总数中
    sum += boxes.shape[0]
# 打印所有图像中检测到的目标框总数
print(""sum:{}"".format(sum))</pre>"	"<div style=""font-size:14px; color:#666; margin-bottom:8px"">【3.2.5】从标签文件中读取每一行，并去除行首尾的空白字符，得到类别名称列表 — 共10个填空</div>
<pre style=""background:#f0faf0; padding:12px; border-radius:6px; font-size:13px; line-height:1.6; overflow-x:auto; border:1px solid #4CAF50; border-left:4px solid #4CAF50"">
import os
import time
import cv2
import numpy as np
import vision.utils.box_utils_numpy as box_utils
import onnxruntime as ort

# 定义预测函数，对模型输出的边界框和置信度进行后处理
def predict(width, height, confidences, boxes, prob_threshold, iou_threshold=0.3, top_k=-1):
    boxes = boxes[0]
    confidences = confidences[0]
    picked_box_probs = []
    picked_labels = []
    for class_index in range(1, confidences.shape[1]):
        probs = confidences[:, class_index]
        mask = probs > prob_threshold
        probs = probs[mask]
        if probs.shape[0] == 0:
            continue
        subset_boxes = boxes[mask, :]
        box_probs = np.concatenate([subset_boxes, probs.reshape(-1, 1)], axis=1)
        box_probs = box_utils.hard_nms(box_probs,
                                       iou_threshold=iou_threshold,
                                       top_k=top_k,
                                       )
        picked_box_probs.append(box_probs)
        picked_labels.extend([class_index] * box_probs.shape[0])
    if not picked_box_probs:
        return np.array([]), np.array([]), np.array([])
    picked_box_probs = np.concatenate(picked_box_probs)
    picked_box_probs[:, 0] *= width
    picked_box_probs[:, 1] *= height
    picked_box_probs[:, 2] *= width
    picked_box_probs[:, 3] *= height
    return picked_box_probs[:, :4].astype(np.int32), np.array(picked_labels), picked_box_probs[:, 4]

# 从标签文件中读取每一行，并去除行首尾的空白字符，得到类别名称列表 2分
class_names = [<span style=""color:#c62828;text-decoration:underline;font-weight:bold"">name.strip()</span> for name in open('voc-model-labels.txt').readlines()]

# 创建 ONNX Runtime 的推理会话，用于运行模型进行推理 2分
ort_session = <span style=""color:#c62828;text-decoration:underline;font-weight:bold"">ort.InferenceSession</span>('version-RFB-320.onnx')

# 获取模型输入的名称 2分
input_name = <span style=""color:#c62828;text-decoration:underline;font-weight:bold"">ort_session.get_inputs</span>()[0].name

# 定义保存检测结果图像的目录路径
result_path = ""./detect_imgs_results_onnx""

# 定义置信度阈值，用于筛选出置信度较高的检测结果
threshold = 0.7
# 定义存储待检测图像的目录路径
path = ""imgs""
# 用于统计所有图像中检测到的目标框总数，初始化为 0
sum = 0

# 如果保存结果的目录不存在，则创建该目录 2分
if not os.path.exists(result_path):
    os.<span style=""color:#c62828;text-decoration:underline;font-weight:bold"">makedirs(result_path)</span>
    
# 获取指定目录下的所有文件和文件夹名称列表
listdir = os.listdir(path)

# 遍历目录下的每个文件
for file_path in listdir:
    # 拼接图像文件的完整路径
    img_path = os.path.join(path, file_path)
    # 使用 OpenCV 读取图像文件 2分
    orig_image = <span style=""color:#c62828;text-decoration:underline;font-weight:bold"">cv2.imread(img_path)</span>
    # 将图像从 BGR 颜色空间转换为 RGB 颜色空间（许多模型要求输入为 RGB 格式）
    image = cv2.cvtColor(orig_image, cv2.COLOR_BGR2RGB)
    # 将图像调整为 320x240 的尺寸（符合模型输入的尺寸要求） 2分
    image = <span style=""color:#c62828;text-decoration:underline;font-weight:bold"">cv2.resize</span>(<span style=""color:#c62828;text-decoration:underline;font-weight:bold"">image</span>, (320, 240))
    # 定义图像归一化的均值数组 2分
    image_mean = <span style=""color:#c62828;text-decoration:underline;font-weight:bold"">np.array</span>([127, 127, 127])
    # 对图像进行归一化处理，减去均值并除以 128
    image = (image - image_mean) / 128
    # 将图像的维度从 (高度, 宽度, 通道数) 转换为 (通道数, 高度, 宽度)
    image = np.transpose(image, [2, 0, 1])
    # 在第一个维度上扩展一个维度，将图像变为 (1, 通道数, 高度, 宽度)，以符合模型输入的维度要求  1分
    image = <span style=""color:#c62828;text-decoration:underline;font-weight:bold"">np.expand_dims</span>(image, axis=0)
    # 将图像数据类型转换为 float32 类型
    image = image.astype(np.float32)
    # 记录开始时间，用于计算模型推理的耗时
    time_time = time.time()
    # 使用 ONNX Runtime 运行模型，输入图像数据，得到模型输出的置信度和边界框  2分
    confidences, boxes = <span style=""color:#c62828;text-decoration:underline;font-weight:bold"">ort_session.run</span>(None, {input_name: image})
    # 计算并打印模型推理的耗时
    print(""cost time:{}"".format(time.time() - time_time))
    # 调用 predict 函数对模型输出的边界框和置信度进行后处理，得到最终的边界框、类别标签和置信度
    boxes, labels, probs = predict(orig_image.shape[1], orig_image.shape[0], confidences, boxes, threshold)
    # 遍历每个检测到的目标框
    for i in range(boxes.shape[0]):
        # 获取当前目标框的坐标
        box = boxes[i, :]
        # 生成当前目标框的标签字符串，包含类别名称和置信度
        label = f""{class_names[labels[i]]}: {probs[i]:.2f}""

        # 在原始图像上绘制目标框，颜色为 (255, 255, 0)，线条粗细为 4
        cv2.rectangle(orig_image, (box[0], box[1]), (box[2], box[3]), (255, 255, 0), 4)
        # 将绘制了目标框的图像保存到结果目录中
        cv2.imwrite(os.path.join(result_path, file_path), orig_image)
    # 累加当前图像中检测到的目标框数量到总数中
    sum += boxes.shape[0]
# 打印所有图像中检测到的目标框总数
print(""sum:{}"".format(sum))</pre>"	3.2.5::代码填空题
