正面;背面
【判断题】道德评价的关键是看其行为是否符合社会道德规范。;"【DeepSeek答案】√

【PDF官方答案】√

✅ 两者答案一致


【题目】
道德评价的关键是看其行为是否符合社会道德规范。"
【判断题】人工智能训练师在处理敏感数据时，可以不经用户同意直接使用这些数据进;"【DeepSeek答案】×

【PDF官方答案】×

✅ 两者答案一致


【题目】
人工智能训练师在处理敏感数据时，可以不经用户同意直接使用这些数据进"
【判断题】随着全球化的发展，职业道德也呈现出单一化的趋势，不同国家和地区的职;"【DeepSeek答案】×

【PDF官方答案】×

✅ 两者答案一致


【题目】
随着全球化的发展，职业道德也呈现出单一化的趋势，不同国家和地区的职"
【判断题】人工智能训练师在职业道德建设中，无需考虑数据的质量与适用性，只需关;"【DeepSeek答案】×

【PDF官方答案】×

✅ 两者答案一致


【题目】
人工智能训练师在职业道德建设中，无需考虑数据的质量与适用性，只需关"
【判断题】人工智能训练师在开发和训练AI模型时，不需要对模型可能产生的歧视性;"【DeepSeek答案】×

【PDF官方答案】×

✅ 两者答案一致


【题目】
人工智能训练师在开发和训练AI模型时，不需要对模型可能产生的歧视性"
【判断题】人工智能训练师的职业道德不包括对用户隐私的保护。;"【DeepSeek答案】×

【PDF官方答案】×

✅ 两者答案一致


【题目】
人工智能训练师的职业道德不包括对用户隐私的保护。"
【判断题】人工智能训练师的主要任务是设计和开发新的算法。;"【DeepSeek答案】×

【PDF官方答案】×

✅ 两者答案一致


【题目】
人工智能训练师的主要任务是设计和开发新的算法。"
【判断题】职业守则仅仅是一种软约束，不具备法律效力。;"【DeepSeek答案】×

【PDF官方答案】√

⚠️ 答案不一致，请重点复习！


【题目】
职业守则仅仅是一种软约束，不具备法律效力。"
【判断题】职业守则的特点之一是具有普遍性，适用于所有行业。;"【DeepSeek答案】×

【PDF官方答案】×

✅ 两者答案一致


【题目】
职业守则的特点之一是具有普遍性，适用于所有行业。"
【判断题】职业守则核心内容不包括遵守法律。;"【DeepSeek答案】×

【PDF官方答案】×

✅ 两者答案一致


【题目】
职业守则核心内容不包括遵守法律。"
【判断题】人工智能训练师在制定职业守则的过程中，应该充分考虑到人工智能技术;"【DeepSeek答案】√

【PDF官方答案】√

✅ 两者答案一致


【题目】
人工智能训练师在制定职业守则的过程中，应该充分考虑到人工智能技术"
【判断题】职业守则的实施与监督应该完全依靠员工个人的自觉性。;"【DeepSeek答案】×

【PDF官方答案】×

✅ 两者答案一致


【题目】
职业守则的实施与监督应该完全依靠员工个人的自觉性。"
【判断题】职业守则中的奉献社会是指从业人员在工作中要正确处理个人利益和社会;"【DeepSeek答案】×

【PDF官方答案】×

✅ 两者答案一致


【题目】
职业守则中的奉献社会是指从业人员在工作中要正确处理个人利益和社会"
【判断题】从业人员能否做到爱岗敬业，取决于他是否具有过硬的专业技能。;"【DeepSeek答案】×

【PDF官方答案】×

✅ 两者答案一致


【题目】
从业人员能否做到爱岗敬业，取决于他是否具有过硬的专业技能。"
【判断题】人工智能训练师在训练过程中，可以根据自己的经验和直觉来调整模型参;"【DeepSeek答案】√

【PDF官方答案】×

⚠️ 答案不一致，请重点复习！


【题目】
人工智能训练师在训练过程中，可以根据自己的经验和直觉来调整模型参"
【判断题】语音输入是Windows输入法的一种智能应用。;"【DeepSeek答案】√

【PDF官方答案】√

✅ 两者答案一致


【题目】
语音输入是Windows输入法的一种智能应用。"
【判断题】Windows系统的维护利器是一款可以帮助用户优化系统性能、清理垃圾文;"【DeepSeek答案】√

【PDF官方答案】√

✅ 两者答案一致


【题目】
Windows系统的维护利器是一款可以帮助用户优化系统性能、清理垃圾文"
【判断题】如果鼠标和键盘都无法使用，可以通过按F8键进入Windows的高级启动;"【DeepSeek答案】√

【PDF官方答案】×

⚠️ 答案不一致，请重点复习！


【题目】
如果鼠标和键盘都无法使用，可以通过按F8键进入Windows的高级启动"
【判断题】Windows 10中小工具中的时钟可以锁定前端显示。;"【DeepSeek答案】√

【PDF官方答案】×

⚠️ 答案不一致，请重点复习！


【题目】
Windows 10中小工具中的时钟可以锁定前端显示。"
【判断题】在浏览器中，可以通过点击地址栏输入网址来访问网页。;"【DeepSeek答案】√

【PDF官方答案】√

✅ 两者答案一致


【题目】
在浏览器中，可以通过点击地址栏输入网址来访问网页。"
【判断题】浏览器的高级探索功能可以帮助用户更好地了解和管理浏览器的设置和功;"【DeepSeek答案】√

【PDF官方答案】×

⚠️ 答案不一致，请重点复习！


【题目】
浏览器的高级探索功能可以帮助用户更好地了解和管理浏览器的设置和功"
【判断题】使用Ctrl +C可以复制选中的文本或对象。;"【DeepSeek答案】√

【PDF官方答案】√

✅ 两者答案一致


【题目】
使用Ctrl +C可以复制选中的文本或对象。"
【判断题】使用Word进行高效办公时，可以同时打开多个文档进行编辑。;"【DeepSeek答案】√

【PDF官方答案】√

✅ 两者答案一致


【题目】
使用Word进行高效办公时，可以同时打开多个文档进行编辑。"
【判断题】Word样式库中的样式可以快速应用到文档中的多个段落或文本框中。;"【DeepSeek答案】√

【PDF官方答案】√

✅ 两者答案一致


【题目】
Word样式库中的样式可以快速应用到文档中的多个段落或文本框中。"
【判断题】在Word中进行图文混排时，图片和文本框的位置是可以随意调整的。;"【DeepSeek答案】√

【PDF官方答案】√

✅ 两者答案一致


【题目】
在Word中进行图文混排时，图片和文本框的位置是可以随意调整的。"
【判断题】在Excel中，可以使用公式计算单元格中的数据。;"【DeepSeek答案】√

【PDF官方答案】√

✅ 两者答案一致


【题目】
在Excel中，可以使用公式计算单元格中的数据。"
【判断题】在Excel中，使用MAX函数可以找到一列数据中的最大值。;"【DeepSeek答案】√

【PDF官方答案】√

✅ 两者答案一致


【题目】
在Excel中，使用MAX函数可以找到一列数据中的最大值。"
【判断题】Excel图表的数据可视化功能只能用于静态展示数据，无法进行动态交互。;"【DeepSeek答案】×

【PDF官方答案】×

✅ 两者答案一致


【题目】
Excel图表的数据可视化功能只能用于静态展示数据，无法进行动态交互。"
【判断题】工作簿的扩展名是.xls。;"【DeepSeek答案】×

【PDF官方答案】×

✅ 两者答案一致


【题目】
工作簿的扩展名是.xls。"
【判断题】通过利用Excel宏，我们可以将繁琐的重复性任务自动化，使我们的工作;"【DeepSeek答案】√

【PDF官方答案】√

✅ 两者答案一致


【题目】
通过利用Excel宏，我们可以将繁琐的重复性任务自动化，使我们的工作"
【判断题】用人单位与劳动者订立的劳动合同中，约定了试用期满后自动转正的条款，;"【DeepSeek答案】×

【PDF官方答案】×

✅ 两者答案一致


【题目】
用人单位与劳动者订立的劳动合同中，约定了试用期满后自动转正的条款，"
【判断题】劳动合同中必须包含劳动合同期限。;"【DeepSeek答案】√

【PDF官方答案】√

✅ 两者答案一致


【题目】
劳动合同中必须包含劳动合同期限。"
【判断题】劳动者在试用期内可以随时解除劳动合同。;"【DeepSeek答案】×

【PDF官方答案】×

✅ 两者答案一致


【题目】
劳动者在试用期内可以随时解除劳动合同。"
【判断题】网络运营者应当采取技术措施和其他必要措施，确保其收集的个人信息安;"【DeepSeek答案】√

【PDF官方答案】√

✅ 两者答案一致


【题目】
网络运营者应当采取技术措施和其他必要措施，确保其收集的个人信息安"
【判断题】网络接入的规范要求中，用户必须使用实名制进行注册。;"【DeepSeek答案】√

【PDF官方答案】√

✅ 两者答案一致


【题目】
网络接入的规范要求中，用户必须使用实名制进行注册。"
【判断题】关键信息基础设施的运营者应当自行或者委托网络安全服务机构对其网络;"【DeepSeek答案】√

⚠️ PDF答案缺失


【题目】
关键信息基础设施的运营者应当自行或者委托网络安全服务机构对其网络"
【判断题】只有发明人和设计人才能成为专利申请权主体。;"【DeepSeek答案】×

【PDF官方答案】×

✅ 两者答案一致


【题目】
只有发明人和设计人才能成为专利申请权主体。"
【判断题】如果一项发明创造具有新颖性、创造性和实用性，那么它一定可以获得专;"【DeepSeek答案】×

【PDF官方答案】×

✅ 两者答案一致


【题目】
如果一项发明创造具有新颖性、创造性和实用性，那么它一定可以获得专"
【判断题】在专利申请流程中，申请人需要提交详细的专利说明书、权利要求书和摘;"【DeepSeek答案】√

【PDF官方答案】√

✅ 两者答案一致


【题目】
在专利申请流程中，申请人需要提交详细的专利说明书、权利要求书和摘"
【判断题】遵纪守法是社会成员的基本义务，因此每个人都应该自觉遵守法律法规。;"【DeepSeek答案】√

【PDF官方答案】√

✅ 两者答案一致


【题目】
遵纪守法是社会成员的基本义务，因此每个人都应该自觉遵守法律法规。"
【判断题】根据我国相关法律法规，人工智能训练师在工作过程中应当享有与其他职;"【DeepSeek答案】√

⚠️ PDF答案缺失


【题目】
根据我国相关法律法规，人工智能训练师在工作过程中应当享有与其他职"
【判断题】在人工智能训练师的工作中，使用、复制或分发数据、算法或模型时，必;"【DeepSeek答案】√

⚠️ PDF答案缺失


【题目】
在人工智能训练师的工作中，使用、复制或分发数据、算法或模型时，必"
【判断题】著作权法只保护原创性的作品。;"【DeepSeek答案】√

【PDF官方答案】√

✅ 两者答案一致


【题目】
著作权法只保护原创性的作品。"
【判断题】专利权的主体只能是发明人或设计人。;"【DeepSeek答案】×

【PDF官方答案】×

✅ 两者答案一致


【题目】
专利权的主体只能是发明人或设计人。"
【判断题】知识产权的保护措施只针对原创性作品。;"【DeepSeek答案】×

【PDF官方答案】×

✅ 两者答案一致


【题目】
知识产权的保护措施只针对原创性作品。"
【判断题】数据采集的常用工具包括Python、Excel和SQLServer。;"【DeepSeek答案】√

【PDF官方答案】√

✅ 两者答案一致


【题目】
数据采集的常用工具包括Python、Excel和SQLServer。"
【判断题】使用Python编写网络爬虫时，可以安装requests库，来完成任务。;"【DeepSeek答案】√

【PDF官方答案】√

✅ 两者答案一致


【题目】
使用Python编写网络爬虫时，可以安装requests库，来完成任务。"
【判断题】在数据采集流程中，工具应用的意义仅限于提高数据收集的速度。;"【DeepSeek答案】×

【PDF官方答案】×

✅ 两者答案一致


【题目】
在数据采集流程中，工具应用的意义仅限于提高数据收集的速度。"
【判断题】数据治理工具主要用于优化人工智能算法训练过程中的数据输入，以确保;"【DeepSeek答案】√

【PDF官方答案】×

⚠️ 答案不一致，请重点复习！


【题目】
数据治理工具主要用于优化人工智能算法训练过程中的数据输入，以确保"
【判断题】ETL工具的基本原理包括数据抽取、数据转换和数据加载三个步骤。;"【DeepSeek答案】√

【PDF官方答案】√

✅ 两者答案一致


【题目】
ETL工具的基本原理包括数据抽取、数据转换和数据加载三个步骤。"
【判断题】数据存储和管理相关工具通常具有自动备份和恢复功能。;"【DeepSeek答案】√

【PDF官方答案】√

✅ 两者答案一致


【题目】
数据存储和管理相关工具通常具有自动备份和恢复功能。"
【判断题】云服务是一种基于互联网的计算方式，通过这种方式，共享软硬件资源和;"【DeepSeek答案】√

⚠️ PDF答案缺失


【题目】
云服务是一种基于互联网的计算方式，通过这种方式，共享软硬件资源和"
【判断题】使用Excel可以将CSV文件转换为JSON格式。;"【DeepSeek答案】√

【PDF官方答案】×

⚠️ 答案不一致，请重点复习！


【题目】
使用Excel可以将CSV文件转换为JSON格式。"
【判断题】所有的大数据处理平台都专门用于处理结构化数据，并且不能处理非结构;"【DeepSeek答案】×

【PDF官方答案】×

✅ 两者答案一致


【题目】
所有的大数据处理平台都专门用于处理结构化数据，并且不能处理非结构"
【判断题】所有的常用数据处理工具都只能处理数值型数据，无法处理文本或图像数;"【DeepSeek答案】×

【PDF官方答案】×

✅ 两者答案一致


【题目】
所有的常用数据处理工具都只能处理数值型数据，无法处理文本或图像数"
【判断题】在特征工程中，所有工具都自动选择最佳的特征集，无需人工干预或领域;"【DeepSeek答案】×

【PDF官方答案】×

✅ 两者答案一致


【题目】
在特征工程中，所有工具都自动选择最佳的特征集，无需人工干预或领域"
【判断题】数据质量监控工具的主要意义在于减少数据集的大小，以便更快地处理数;"【DeepSeek答案】×

【PDF官方答案】×

✅ 两者答案一致


【题目】
数据质量监控工具的主要意义在于减少数据集的大小，以便更快地处理数"
【判断题】数据审核平台是一种专门用于审核和处理数据的软件工具。;"【DeepSeek答案】√

【PDF官方答案】×

⚠️ 答案不一致，请重点复习！


【题目】
数据审核平台是一种专门用于审核和处理数据的软件工具。"
【判断题】PowerBI是微软推出的一款商业智能工具，主要用于数据分析和报告制作。;"【DeepSeek答案】√

【PDF官方答案】√

✅ 两者答案一致


【题目】
PowerBI是微软推出的一款商业智能工具，主要用于数据分析和报告制作。"
【判断题】业务流程管理与优化工具只能用于制造业企业。;"【DeepSeek答案】×

【PDF官方答案】×

✅ 两者答案一致


【题目】
业务流程管理与优化工具只能用于制造业企业。"
【判断题】数据采集策略应该避免使用自动化工具，以确保数据的原始性。;"【DeepSeek答案】×

【PDF官方答案】×

✅ 两者答案一致


【题目】
数据采集策略应该避免使用自动化工具，以确保数据的原始性。"
【判断题】数据源选择只要基于数据的准确性，不需要可靠性。;"【DeepSeek答案】×

【PDF官方答案】×

✅ 两者答案一致


【题目】
数据源选择只要基于数据的准确性，不需要可靠性。"
【判断题】数据抓取技术中，正则表达式是一种非常强大的工具，可以用于匹配和提;"【DeepSeek答案】√

【PDF官方答案】√

✅ 两者答案一致


【题目】
数据抓取技术中，正则表达式是一种非常强大的工具，可以用于匹配和提"
【判断题】数据抓取策略的优化方法包括使用更快的抓取工具。;"【DeepSeek答案】√

【PDF官方答案】×

⚠️ 答案不一致，请重点复习！


【题目】
数据抓取策略的优化方法包括使用更快的抓取工具。"
【判断题】关系型数据库通常用于存储结构化数据，而非关系型数据库则更适合存储;"【DeepSeek答案】√

【PDF官方答案】√

✅ 两者答案一致


【题目】
关系型数据库通常用于存储结构化数据，而非关系型数据库则更适合存储"
【判断题】数据清洗与预处理流程的第一步是对数据进行缺失值处理。;"【DeepSeek答案】×

【PDF官方答案】×

✅ 两者答案一致


【题目】
数据清洗与预处理流程的第一步是对数据进行缺失值处理。"
【判断题】数据清洗的主要目的确实是解决数据中的重复值、缺失值和异常值问题。;"【DeepSeek答案】√

【PDF官方答案】√

✅ 两者答案一致


【题目】
数据清洗的主要目的确实是解决数据中的重复值、缺失值和异常值问题。"
【判断题】加密技术可以保证数据的机密性，但无法防止数据泄露。;"【DeepSeek答案】√

【PDF官方答案】×

⚠️ 答案不一致，请重点复习！


【题目】
加密技术可以保证数据的机密性，但无法防止数据泄露。"
【判断题】实时数据处理技术可以处理大量数据并实时产生结果。;"【DeepSeek答案】√

【PDF官方答案】√

✅ 两者答案一致


【题目】
实时数据处理技术可以处理大量数据并实时产生结果。"
【判断题】特征提取的主要方法包括主成分分析和线性判别分析。;"【DeepSeek答案】√

【PDF官方答案】√

✅ 两者答案一致


【题目】
特征提取的主要方法包括主成分分析和线性判别分析。"
【判断题】容器化技术可以完全替代传统的虚拟化技术来管理业务数据处理流程。;"【DeepSeek答案】×

【PDF官方答案】×

✅ 两者答案一致


【题目】
容器化技术可以完全替代传统的虚拟化技术来管理业务数据处理流程。"
【判断题】数据质量评估通常是通过对数据进行抽样检查来进行的。;"【DeepSeek答案】√

【PDF官方答案】√

✅ 两者答案一致


【题目】
数据质量评估通常是通过对数据进行抽样检查来进行的。"
【判断题】数据校验和异常数据检测的方法都是为了确保数据的准确性和完整性。;"【DeepSeek答案】√

【PDF官方答案】√

✅ 两者答案一致


【题目】
数据校验和异常数据检测的方法都是为了确保数据的准确性和完整性。"
【判断题】高效业务流程的设计方法应该包括对现有流程的详细分析。;"【DeepSeek答案】√

【PDF官方答案】√

✅ 两者答案一致


【题目】
高效业务流程的设计方法应该包括对现有流程的详细分析。"
【判断题】合规性检查通常只关注数据的安全性，而不涉及数据的完整性和可用性。;"【DeepSeek答案】×

【PDF官方答案】×

✅ 两者答案一致


【题目】
合规性检查通常只关注数据的安全性，而不涉及数据的完整性和可用性。"
【判断题】业务数据产生的场合包括企业内部和外部的各种业务流程。;"【DeepSeek答案】√

【PDF官方答案】√

✅ 两者答案一致


【题目】
业务数据产生的场合包括企业内部和外部的各种业务流程。"
【判断题】人工智能业务可以根据应用场景分为智能客服、智能家居、自动驾驶和智;"【DeepSeek答案】√

【PDF官方答案】√

✅ 两者答案一致


【题目】
人工智能业务可以根据应用场景分为智能客服、智能家居、自动驾驶和智"
【判断题】综合人工智能系统中的智能控制模块不能用于实现设备控制。;"【DeepSeek答案】×

【PDF官方答案】×

✅ 两者答案一致


【题目】
综合人工智能系统中的智能控制模块不能用于实现设备控制。"
【判断题】推荐系统的功能模块包括用户画像、物品画像和推荐算法三个部分。;"【DeepSeek答案】√

【PDF官方答案】√

✅ 两者答案一致


【题目】
推荐系统的功能模块包括用户画像、物品画像和推荐算法三个部分。"
【判断题】智能搜索业务不能通过自然语言处理技术来解析和理解搜索查询。;"【DeepSeek答案】×

【PDF官方答案】×

✅ 两者答案一致


【题目】
智能搜索业务不能通过自然语言处理技术来解析和理解搜索查询。"
【判断题】智能交互功能模块具有自然语言处理能力，可以理解用户的语音指令和文;"【DeepSeek答案】√

【PDF官方答案】√

✅ 两者答案一致


【题目】
智能交互功能模块具有自然语言处理能力，可以理解用户的语音指令和文"
【判断题】自动数据处理能够通过人工智能模型和算力，挖掘出稳定且准确的分析结;"【DeepSeek答案】√

【PDF官方答案】√

✅ 两者答案一致


【题目】
自动数据处理能够通过人工智能模型和算力，挖掘出稳定且准确的分析结"
【判断题】最优化决策支持利用人工智能计算来实现系统的最优性能，以及得出达到;"【DeepSeek答案】√

【PDF官方答案】√

✅ 两者答案一致


【题目】
最优化决策支持利用人工智能计算来实现系统的最优性能，以及得出达到"
【判断题】智能控制功能模块的原理是通过模拟人类大脑的思维方式来实现对设备的;"【DeepSeek答案】×

【PDF官方答案】×

✅ 两者答案一致


【题目】
智能控制功能模块的原理是通过模拟人类大脑的思维方式来实现对设备的"
【判断题】自然语言处理技术可以自动分析和理解人类语言，从而实现人机交互。;"【DeepSeek答案】√

【PDF官方答案】√

✅ 两者答案一致


【题目】
自然语言处理技术可以自动分析和理解人类语言，从而实现人机交互。"
【判断题】生物特征识别是一种身份验证技术，因此可以不经许可获取用户生物特征。;"【DeepSeek答案】×

【PDF官方答案】×

✅ 两者答案一致


【题目】
生物特征识别是一种身份验证技术，因此可以不经许可获取用户生物特征。"
【判断题】计算机视觉的功能包括图像处理、目标检测和识别等。;"【DeepSeek答案】√

【PDF官方答案】√

✅ 两者答案一致


【题目】
计算机视觉的功能包括图像处理、目标检测和识别等。"
【判断题】图像识别是智能计算在人工智能领域的主要应用之一。;"【DeepSeek答案】√

【PDF官方答案】√

✅ 两者答案一致


【题目】
图像识别是智能计算在人工智能领域的主要应用之一。"
【判断题】数据挖掘和知识发现的流程中，数据清洗和预处理步骤是可选的。;"【DeepSeek答案】×

【PDF官方答案】×

✅ 两者答案一致


【题目】
数据挖掘和知识发现的流程中，数据清洗和预处理步骤是可选的。"
【判断题】数据挖掘和知识发现的方法包括监督学习、无监督学习和强化学习。;"【DeepSeek答案】√

【PDF官方答案】√

✅ 两者答案一致


【题目】
数据挖掘和知识发现的方法包括监督学习、无监督学习和强化学习。"
【判断题】业务模块构建方法的原则包括可扩展性、可重用性和可维护性。;"【DeepSeek答案】√

【PDF官方答案】√

✅ 两者答案一致


【题目】
业务模块构建方法的原则包括可扩展性、可重用性和可维护性。"
【判断题】业务流程优化方法主要包括流程再造、流程改进和流程分析三种。;"【DeepSeek答案】√

【PDF官方答案】×

⚠️ 答案不一致，请重点复习！


【题目】
业务流程优化方法主要包括流程再造、流程改进和流程分析三种。"
【判断题】业务数据的收集方法只有通过问卷调查一种方式。;"【DeepSeek答案】×

【PDF官方答案】×

✅ 两者答案一致


【题目】
业务数据的收集方法只有通过问卷调查一种方式。"
【判断题】单据流是企业业务流程的核心流程之一。;"【DeepSeek答案】√

【PDF官方答案】√

✅ 两者答案一致


【题目】
单据流是企业业务流程的核心流程之一。"
【判断题】简单业务流程分析流程的第一步是对现有流程进行详细的记录和描述。;"【DeepSeek答案】√

【PDF官方答案】√

✅ 两者答案一致


【题目】
简单业务流程分析流程的第一步是对现有流程进行详细的记录和描述。"
【判断题】简化业务流程就是减少流程中的环节和步骤。;"【DeepSeek答案】×

【PDF官方答案】×

✅ 两者答案一致


【题目】
简化业务流程就是减少流程中的环节和步骤。"
【判断题】业务流程优化中的监测和评估阶段的目的是确定优化目标。;"【DeepSeek答案】×

【PDF官方答案】×

✅ 两者答案一致


【题目】
业务流程优化中的监测和评估阶段的目的是确定优化目标。"
【判断题】在复杂综合业务流程分析中，控制图和帕累托图是常用的分析工具。;"【DeepSeek答案】√

【PDF官方答案】√

✅ 两者答案一致


【题目】
在复杂综合业务流程分析中，控制图和帕累托图是常用的分析工具。"
【判断题】技术更新是复杂业务系统改进措施的唯一方法。;"【DeepSeek答案】×

【PDF官方答案】×

✅ 两者答案一致


【题目】
技术更新是复杂业务系统改进措施的唯一方法。"
【判断题】综合业务流程优化方法的原则包括以客户为中心、以流程为导向和持续;"【DeepSeek答案】√

【PDF官方答案】√

✅ 两者答案一致


【题目】
综合业务流程优化方法的原则包括以客户为中心、以流程为导向和持续"
【判断题】知识表示方法只有符号主义和连接主义两种。;"【DeepSeek答案】×

【PDF官方答案】×

✅ 两者答案一致


【题目】
知识表示方法只有符号主义和连接主义两种。"
【判断题】知识图谱表示法是一种基于图的数据结构，用于表示实体之间的关系。;"【DeepSeek答案】√

【PDF官方答案】√

✅ 两者答案一致


【题目】
知识图谱表示法是一种基于图的数据结构，用于表示实体之间的关系。"
【判断题】数据分析工具的种类比较多，一款好的数据分析工具，可以帮助我们提;"【DeepSeek答案】√

【PDF官方答案】√

✅ 两者答案一致


【题目】
数据分析工具的种类比较多，一款好的数据分析工具，可以帮助我们提"
【判断题】预测性分析是一种常见的业务数据分析，主要用于预测未来的趋势。;"【DeepSeek答案】√

【PDF官方答案】√

✅ 两者答案一致


【题目】
预测性分析是一种常见的业务数据分析，主要用于预测未来的趋势。"
【判断题】业务数据可以直接进行使用，不需要进行规范化。;"【DeepSeek答案】×

【PDF官方答案】×

✅ 两者答案一致


【题目】
业务数据可以直接进行使用，不需要进行规范化。"
【判断题】机器学习的基础流程包括特征工程、模型选择和评估。;"【DeepSeek答案】√

【PDF官方答案】×

⚠️ 答案不一致，请重点复习！


【题目】
机器学习的基础流程包括特征工程、模型选择和评估。"
【判断题】卷积神经网络主要用于处理图像数据，其基本结构包括输入层、卷积层、;"【DeepSeek答案】√

【PDF官方答案】√

✅ 两者答案一致


【题目】
卷积神经网络主要用于处理图像数据，其基本结构包括输入层、卷积层、"
【判断题】在智能训练中，特征提取的主要方法是手工设计特征。;"【DeepSeek答案】×

【PDF官方答案】×

✅ 两者答案一致


【题目】
在智能训练中，特征提取的主要方法是手工设计特征。"
【判断题】学习率是影响模型训练效果的关键因素之一，较大的学习率会导致模型;"【DeepSeek答案】√

【PDF官方答案】√

✅ 两者答案一致


【题目】
学习率是影响模型训练效果的关键因素之一，较大的学习率会导致模型"
【判断题】数据预处理的主要目标之一是提高模型的预测性能。;"【DeepSeek答案】√

【PDF官方答案】√

✅ 两者答案一致


【题目】
数据预处理的主要目标之一是提高模型的预测性能。"
【判断题】在图像数据集中添加随机噪声被视为一种数据增强方法。;"【DeepSeek答案】√

【PDF官方答案】√

✅ 两者答案一致


【题目】
在图像数据集中添加随机噪声被视为一种数据增强方法。"
【判断题】数据分片是将一个大型数据库或数据仓库分割成更小、更易管理的部分;"【DeepSeek答案】√

【PDF官方答案】√

✅ 两者答案一致


【题目】
数据分片是将一个大型数据库或数据仓库分割成更小、更易管理的部分"
【判断题】在数据标注过程中，主动学习可以用来选择最有价值的未标注数据进行;"【DeepSeek答案】√

【PDF官方答案】√

✅ 两者答案一致


【题目】
在数据标注过程中，主动学习可以用来选择最有价值的未标注数据进行"
【判断题】在计算模型评估指标时，我们需要使用训练集和测试集的数据来计算准;"【DeepSeek答案】√

【PDF官方答案】×

⚠️ 答案不一致，请重点复习！


【题目】
在计算模型评估指标时，我们需要使用训练集和测试集的数据来计算准"
【判断题】模型评估指标的选择应该基于问题的具体需求和目标。;"【DeepSeek答案】√

【PDF官方答案】√

✅ 两者答案一致


【题目】
模型评估指标的选择应该基于问题的具体需求和目标。"
【判断题】TensorFlow和PyTorch都是开源的机器学习库，它们都可以用于深度学习;"【DeepSeek答案】√

【PDF官方答案】√

✅ 两者答案一致


【题目】
TensorFlow和PyTorch都是开源的机器学习库，它们都可以用于深度学习"
【判断题】NumPy库中的数组对象可以存储不同类型的数据，包括整数、浮点数、;"【DeepSeek答案】√

【PDF官方答案】×

⚠️ 答案不一致，请重点复习！


【题目】
NumPy库中的数组对象可以存储不同类型的数据，包括整数、浮点数、"
【判断题】在设计数据收集任务时，应该尽量避免引入偏差，以确保数据的代表性;"【DeepSeek答案】√

【PDF官方答案】√

✅ 两者答案一致


【题目】
在设计数据收集任务时，应该尽量避免引入偏差，以确保数据的代表性"
【判断题】所有的自动化标注工具都能保证100%的准确性，无需人工审核或后处理。;"【DeepSeek答案】×

【PDF官方答案】×

✅ 两者答案一致


【题目】
所有的自动化标注工具都能保证100%的准确性，无需人工审核或后处理。"
【判断题】数据预处理通常包括转换原始数据为一种更适合机器学习模型处理的格;"【DeepSeek答案】√

【PDF官方答案】√

✅ 两者答案一致


【题目】
数据预处理通常包括转换原始数据为一种更适合机器学习模型处理的格"
【判断题】线性回归是一种用于解决分类问题的方法。;"【DeepSeek答案】×

【PDF官方答案】×

✅ 两者答案一致


【题目】
线性回归是一种用于解决分类问题的方法。"
【判断题】模型训练和验证工具的原理是通过不断调整模型的参数来最小化损失函;"【DeepSeek答案】√

【PDF官方答案】√

✅ 两者答案一致


【题目】
模型训练和验证工具的原理是通过不断调整模型的参数来最小化损失函"
【判断题】所有的自动化模型训练工具都使用相同的超参数优化策略。;"【DeepSeek答案】×

【PDF官方答案】×

✅ 两者答案一致


【题目】
所有的自动化模型训练工具都使用相同的超参数优化策略。"
【判断题】日志分析工具仅用于记录系统的错误信息。;"【DeepSeek答案】×

【PDF官方答案】×

✅ 两者答案一致


【题目】
日志分析工具仅用于记录系统的错误信息。"
【判断题】生成对抗网络中的生成器和判别器是同步训练的。;"【DeepSeek答案】√

【PDF官方答案】√

✅ 两者答案一致


【题目】
生成对抗网络中的生成器和判别器是同步训练的。"
【判断题】人工智能训练师使用Python或R进行智能训练数据处理时，主要依赖于;"【DeepSeek答案】√

⚠️ PDF答案缺失


【题目】
人工智能训练师使用Python或R进行智能训练数据处理时，主要依赖于"
【判断题】模型部署工具的原理是将训练好的模型转换为可执行程序，以便在实际;"【DeepSeek答案】√

【PDF官方答案】√

✅ 两者答案一致


【题目】
模型部署工具的原理是将训练好的模型转换为可执行程序，以便在实际"
【判断题】数据探索分析是指对数据进行收集、整理、清洗和转换的过程。;"【DeepSeek答案】×

【PDF官方答案】×

✅ 两者答案一致


【题目】
数据探索分析是指对数据进行收集、整理、清洗和转换的过程。"
【判断题】数据探索分析旨在通过初步的图表、图形和统计方法来了解和发现数据;"【DeepSeek答案】√

【PDF官方答案】√

✅ 两者答案一致


【题目】
数据探索分析旨在通过初步的图表、图形和统计方法来了解和发现数据"
【判断题】缺失值处理方法中的删除法是指直接删除含有缺失值的记录。;"【DeepSeek答案】√

【PDF官方答案】√

✅ 两者答案一致


【题目】
缺失值处理方法中的删除法是指直接删除含有缺失值的记录。"
【判断题】当数据集中存在缺失值时，我们应该直接删除这些数据点。;"【DeepSeek答案】×

【PDF官方答案】×

✅ 两者答案一致


【题目】
当数据集中存在缺失值时，我们应该直接删除这些数据点。"
【判断题】在Python中，使用箱型图法检测异常值时，任何位于箱型图外的点都应;"【DeepSeek答案】×

【PDF官方答案】×

✅ 两者答案一致


【题目】
在Python中，使用箱型图法检测异常值时，任何位于箱型图外的点都应"
【判断题】异常值检测的原理完全基于统计学方法，与数据的业务逻辑无关。;"【DeepSeek答案】×

【PDF官方答案】×

✅ 两者答案一致


【题目】
异常值检测的原理完全基于统计学方法，与数据的业务逻辑无关。"
【判断题】噪声数据处理技术只能用于消除图像中的噪声。;"【DeepSeek答案】×

【PDF官方答案】×

✅ 两者答案一致


【题目】
噪声数据处理技术只能用于消除图像中的噪声。"
【判断题】数据去重技术主要是通过哈希表来实现的。;"【DeepSeek答案】√

【PDF官方答案】√

✅ 两者答案一致


【题目】
数据去重技术主要是通过哈希表来实现的。"
【判断题】数据归一化处理的目的是为了改变数据的类型，使其能够适配不同的机;"【DeepSeek答案】×

【PDF官方答案】×

✅ 两者答案一致


【题目】
数据归一化处理的目的是为了改变数据的类型，使其能够适配不同的机"
【判断题】数据白化处理通常是指一种特殊的归一化技术，它不仅缩放数据使其具;"【DeepSeek答案】√

⚠️ PDF答案缺失


【题目】
数据白化处理通常是指一种特殊的归一化技术，它不仅缩放数据使其具"
【判断题】特征工程是指从原始数据中提取、转换和构建有助于提高模型性能的特;"【DeepSeek答案】√

【PDF官方答案】√

✅ 两者答案一致


【题目】
特征工程是指从原始数据中提取、转换和构建有助于提高模型性能的特"
【判断题】在选择数据标注工具时，应该首先考虑工具的价格，而不是它支持的标;"【DeepSeek答案】×

【PDF官方答案】×

✅ 两者答案一致


【题目】
在选择数据标注工具时，应该首先考虑工具的价格，而不是它支持的标"
【判断题】数据标注技术主要依赖于人工进行标注，因此成本较高。;"【DeepSeek答案】√

【PDF官方答案】√

✅ 两者答案一致


【题目】
数据标注技术主要依赖于人工进行标注，因此成本较高。"
【判断题】在机器学习项目中，训练集、验证集和测试集的划分并不是一成不变的。;"【DeepSeek答案】√

【PDF官方答案】√

✅ 两者答案一致


【题目】
在机器学习项目中，训练集、验证集和测试集的划分并不是一成不变的。"
【判断题】自动化标注的主要优势在于减少了人为错误，但并不包括提高效率和降;"【DeepSeek答案】×

【PDF官方答案】×

✅ 两者答案一致


【题目】
自动化标注的主要优势在于减少了人为错误，但并不包括提高效率和降"
【判断题】分布式数据处理是指在多台计算机上并行处理数据的技术。;"【DeepSeek答案】√

【PDF官方答案】√

✅ 两者答案一致


【题目】
分布式数据处理是指在多台计算机上并行处理数据的技术。"
【判断题】数据可追溯性是指在数据处理和分析过程中，能够追踪数据的来源、流;"【DeepSeek答案】√

⚠️ PDF答案缺失


【题目】
数据可追溯性是指在数据处理和分析过程中，能够追踪数据的来源、流"
【判断题】数据可追溯性确保了数据的完整性、透明度和责任性，对于数据的质量;"【DeepSeek答案】√

【PDF官方答案】√

✅ 两者答案一致


【题目】
数据可追溯性确保了数据的完整性、透明度和责任性，对于数据的质量"
【判断题】表格类数据的数据清洗和标注的第一步是对数据进行预处理，包括去除;"【DeepSeek答案】√

【PDF官方答案】√

✅ 两者答案一致


【题目】
表格类数据的数据清洗和标注的第一步是对数据进行预处理，包括去除"
【判断题】在Python中，可以使用Pillow库读取、保存或显示图像。;"【DeepSeek答案】√

【PDF官方答案】√

✅ 两者答案一致


【题目】
在Python中，可以使用Pillow库读取、保存或显示图像。"
【判断题】在进行文本类数据清洗和标注时，规则与流程是固定不变的，适用于所;"【DeepSeek答案】×

【PDF官方答案】×

✅ 两者答案一致


【题目】
在进行文本类数据清洗和标注时，规则与流程是固定不变的，适用于所"
【判断题】对图像或视频数据进行精确的标记和注释，以提供机器学习模型训练所;"【DeepSeek答案】√

⚠️ PDF答案缺失


【题目】
对图像或视频数据进行精确的标记和注释，以提供机器学习模型训练所"
【判断题】算法训练的基本流程通常包括这些步骤：数据预处理、数据分割、选择;"【DeepSeek答案】√

【PDF官方答案】√

✅ 两者答案一致


【题目】
算法训练的基本流程通常包括这些步骤：数据预处理、数据分割、选择"
【判断题】数据集划分的原则是将数据集按照一定比例随机划分为训练集、验证集;"【DeepSeek答案】√

【PDF官方答案】√

✅ 两者答案一致


【题目】
数据集划分的原则是将数据集按照一定比例随机划分为训练集、验证集"
【判断题】使用Pandas库可以方便地加载和处理CSV、Excel和SQL等格式的数据。;"【DeepSeek答案】√

【PDF官方答案】√

✅ 两者答案一致


【题目】
使用Pandas库可以方便地加载和处理CSV、Excel和SQL等格式的数据。"
【判断题】降维技术可以将高维数据集映射到低维空间，同时保留数据的主要信息。;"【DeepSeek答案】√

【PDF官方答案】√

✅ 两者答案一致


【题目】
降维技术可以将高维数据集映射到低维空间，同时保留数据的主要信息。"
【判断题】使用数据标注和注释工具时，标注结果需要人工审核以确保准确性。;"【DeepSeek答案】√

【PDF官方答案】√

✅ 两者答案一致


【题目】
使用数据标注和注释工具时，标注结果需要人工审核以确保准确性。"
【判断题】在模型训练过程中，训练数据集越大，模型训练出的准确率一定会越高。;"【DeepSeek答案】×

【PDF官方答案】×

✅ 两者答案一致


【题目】
在模型训练过程中，训练数据集越大，模型训练出的准确率一定会越高。"
【判断题】损失函数的选择和优化算法的选取都需要根据具体的模型和任务来决定，;"【DeepSeek答案】√

【PDF官方答案】√

✅ 两者答案一致


【题目】
损失函数的选择和优化算法的选取都需要根据具体的模型和任务来决定，"
【判断题】搭建算法训练环境时，只需要考虑计算硬件的性能，而无需考虑软件依;"【DeepSeek答案】×

【PDF官方答案】×

✅ 两者答案一致


【题目】
搭建算法训练环境时，只需要考虑计算硬件的性能，而无需考虑软件依"
【判断题】机器学习框架的选择与使用主要取决于开发者的个人喜好。;"【DeepSeek答案】×

【PDF官方答案】×

✅ 两者答案一致


【题目】
机器学习框架的选择与使用主要取决于开发者的个人喜好。"
【判断题】评估算法的效率，包括时间复杂度和空间复杂度分析，确保算法能够在;"【DeepSeek答案】√

⚠️ PDF答案缺失


【题目】
评估算法的效率，包括时间复杂度和空间复杂度分析，确保算法能够在"
【判断题】超参数调优的策略只有随机搜索。;"【DeepSeek答案】×

【PDF官方答案】×

✅ 两者答案一致


【题目】
超参数调优的策略只有随机搜索。"
【判断题】动态监控工具通常能够实时显示模型训练过程中的多种指标，包括但不;"【DeepSeek答案】√

⚠️ PDF答案缺失


【题目】
动态监控工具通常能够实时显示模型训练过程中的多种指标，包括但不"
【判断题】在模型调试过程中，可以通过观察训练集和验证集的损失函数值来判断;"【DeepSeek答案】√

【PDF官方答案】√

✅ 两者答案一致


【题目】
在模型调试过程中，可以通过观察训练集和验证集的损失函数值来判断"
【判断题】算法测试的评价指标主要包括时间复杂度和空间复杂度。;"【DeepSeek答案】×

【PDF官方答案】×

✅ 两者答案一致


【题目】
算法测试的评价指标主要包括时间复杂度和空间复杂度。"
【判断题】在将机器学习模型部署到生产环境时，模型部署只需要将训练好的模型;"【DeepSeek答案】×

【PDF官方答案】×

✅ 两者答案一致


【题目】
在将机器学习模型部署到生产环境时，模型部署只需要将训练好的模型"
【判断题】TensorFlowLite是一个用于在移动设备上部署机器学习模型的框架。;"【DeepSeek答案】√

【PDF官方答案】√

✅ 两者答案一致


【题目】
TensorFlowLite是一个用于在移动设备上部署机器学习模型的框架。"
【判断题】使用云平台可以降低企业的运营成本。;"【DeepSeek答案】√

【PDF官方答案】√

✅ 两者答案一致


【题目】
使用云平台可以降低企业的运营成本。"
【判断题】容器化技术是一种将应用程序及其依赖项打包在一起的方法，以便在不;"【DeepSeek答案】√

【PDF官方答案】√

✅ 两者答案一致


【题目】
容器化技术是一种将应用程序及其依赖项打包在一起的方法，以便在不"
【判断题】容器化技术与虚拟机技术相比，容器化技术提供了更彻底的操作系统级;"【DeepSeek答案】×

⚠️ PDF答案缺失


【题目】
容器化技术与虚拟机技术相比，容器化技术提供了更彻底的操作系统级"
【判断题】在人工智能项目中，选择数据处理框架时，框架的易用性和灵活性比其;"【DeepSeek答案】×

⚠️ PDF答案缺失


【题目】
在人工智能项目中，选择数据处理框架时，框架的易用性和灵活性比其"
【判断题】在高性能计算HPC环境中，为了最大化资源利用率，应该始终将所有计;"【DeepSeek答案】×

⚠️ PDF答案缺失


【题目】
在高性能计算HPC环境中，为了最大化资源利用率，应该始终将所有计"
【判断题】性能监控工具可以自动发现系统中的瓶颈和问题，无需人工干预。;"【DeepSeek答案】×

【PDF官方答案】√

⚠️ 答案不一致，请重点复习！


【题目】
性能监控工具可以自动发现系统中的瓶颈和问题，无需人工干预。"
【判断题】在设计人工智能系统的测试用例时，确保测试用例的全面性比确保它们;"【DeepSeek答案】√

⚠️ PDF答案缺失


【题目】
在设计人工智能系统的测试用例时，确保测试用例的全面性比确保它们"
【判断题】人工智能测试的目的在一定程度上可以识别并解决模型可能存在的偏差，;"【DeepSeek答案】√

【PDF官方答案】√

✅ 两者答案一致


【题目】
人工智能测试的目的在一定程度上可以识别并解决模型可能存在的偏差，"
【判断题】人工智能测试工具的类型只包括黑盒测试。;"【DeepSeek答案】×

【PDF官方答案】√

⚠️ 答案不一致，请重点复习！


【题目】
人工智能测试工具的类型只包括黑盒测试。"
【判断题】在选择测试框架时，唯一需要考虑的因素是该框架是否支持自动化测试。;"【DeepSeek答案】×

【PDF官方答案】×

✅ 两者答案一致


【题目】
在选择测试框架时，唯一需要考虑的因素是该框架是否支持自动化测试。"
【判断题】在人工智能项目的测试过程中，自动化测试可以完全取代手动测试，因;"【DeepSeek答案】×

⚠️ PDF答案缺失


【题目】
在人工智能项目的测试过程中，自动化测试可以完全取代手动测试，因"
【判断题】算法性能指标的监控可以帮助我们了解算法的实际运行情况，从而优化;"【DeepSeek答案】√

【PDF官方答案】√

✅ 两者答案一致


【题目】
算法性能指标的监控可以帮助我们了解算法的实际运行情况，从而优化"
【判断题】交叉验证是一种强大的统计技术，可以用来确保模型评估结果的稳定性;"【DeepSeek答案】√

【PDF官方答案】√

✅ 两者答案一致


【题目】
交叉验证是一种强大的统计技术，可以用来确保模型评估结果的稳定性"
【判断题】算法鲁棒性测试只关注算法在面对特定类型的数据异常时的表现。;"【DeepSeek答案】×

【PDF官方答案】√

⚠️ 答案不一致，请重点复习！


【题目】
算法鲁棒性测试只关注算法在面对特定类型的数据异常时的表现。"
【判断题】算法安全性测试的结果可以用来指导算法的改进和优化。;"【DeepSeek答案】√

【PDF官方答案】√

✅ 两者答案一致


【题目】
算法安全性测试的结果可以用来指导算法的改进和优化。"
【判断题】算法可解释性与透明度测试是确保人工智能系统决策过程能够被用户、;"【DeepSeek答案】√

【PDF官方答案】√

✅ 两者答案一致


【题目】
算法可解释性与透明度测试是确保人工智能系统决策过程能够被用户、"
【判断题】在进行数据多样性与公平性测试时，我们只需要关注数据集中是否存在;"【DeepSeek答案】×

⚠️ PDF答案缺失


【题目】
在进行数据多样性与公平性测试时，我们只需要关注数据集中是否存在"
【判断题】k折交叉验证是一种评价训练数据的数据集泛化能力的统计方法，通过对;"【DeepSeek答案】√

⚠️ PDF答案缺失


【题目】
k折交叉验证是一种评价训练数据的数据集泛化能力的统计方法，通过对"
【判断题】收集和分析算法在生产环境中的性能数据是重要的，这有助于了解算法;"【DeepSeek答案】√

【PDF官方答案】√

✅ 两者答案一致


【题目】
收集和分析算法在生产环境中的性能数据是重要的，这有助于了解算法"
【判断题】用户反馈集成可以帮助开发团队更好地理解用户需求，从而提高人工智;"【DeepSeek答案】√

【PDF官方答案】√

✅ 两者答案一致


【题目】
用户反馈集成可以帮助开发团队更好地理解用户需求，从而提高人工智"
【判断题】在进行算法测试结果的统计分析时，我们应该只关注正例的测试结果。;"【DeepSeek答案】×

【PDF官方答案】×

✅ 两者答案一致


【题目】
在进行算法测试结果的统计分析时，我们应该只关注正例的测试结果。"
【判断题】测试报告是一份重要的文档，它不仅记录了测试结果，还应该详细说明;"【DeepSeek答案】√

⚠️ PDF答案缺失


【题目】
测试报告是一份重要的文档，它不仅记录了测试结果，还应该详细说明"
【判断题】在人工智能算法开发过程中，进行调试与问题定位时，在发现问题后立;"【DeepSeek答案】×

⚠️ PDF答案缺失


【题目】
在人工智能算法开发过程中，进行调试与问题定位时，在发现问题后立"
【判断题】在人工智能算法的开发和测试中，通过可视化，可以更直观地识别数据;"【DeepSeek答案】√

⚠️ PDF答案缺失


【题目】
在人工智能算法的开发和测试中，通过可视化，可以更直观地识别数据"
【判断题】日志分析工具通常需要具备实时处理能力，以便快速响应潜在的安全威;"【DeepSeek答案】√

【PDF官方答案】√

✅ 两者答案一致


【题目】
日志分析工具通常需要具备实时处理能力，以便快速响应潜在的安全威"
【判断题】在进行算法测试实验管理时，使用统一的测试管理平台可以提高测试效;"【DeepSeek答案】×

⚠️ PDF答案缺失


【题目】
在进行算法测试实验管理时，使用统一的测试管理平台可以提高测试效"
【判断题】在人工智能项目中，修复与迭代是一个持续的过程，通常不是简单地按;"【DeepSeek答案】√

⚠️ PDF答案缺失


【题目】
在人工智能项目中，修复与迭代是一个持续的过程，通常不是简单地按"
【判断题】合规性测试只需要验证软件产品是否符合行业标准和法律法规，而不需;"【DeepSeek答案】×

⚠️ PDF答案缺失


【题目】
合规性测试只需要验证软件产品是否符合行业标准和法律法规，而不需"
【判断题】利用并行计算和分布式系统可以显著提高算法的运行效率，尤其是对于;"【DeepSeek答案】√

⚠️ PDF答案缺失


【题目】
利用并行计算和分布式系统可以显著提高算法的运行效率，尤其是对于"
【判断题】在进行伦理考量时，我们只需要关注自己的利益，而不需要考虑他人的;"【DeepSeek答案】×

【PDF官方答案】×

✅ 两者答案一致


【题目】
在进行伦理考量时，我们只需要关注自己的利益，而不需要考虑他人的"
【判断题】在人工智能算法训练中，数据拆解的基本方法包括随机拆分和分层拆分。;"【DeepSeek答案】√

【PDF官方答案】√

✅ 两者答案一致


【题目】
在人工智能算法训练中，数据拆解的基本方法包括随机拆分和分层拆分。"
【判断题】数据拆解模型的原理是将原始数据按照一定的规则进行拆分和重组，以;"【DeepSeek答案】√

⚠️ PDF答案缺失


【题目】
数据拆解模型的原理是将原始数据按照一定的规则进行拆分和重组，以"
【判断题】训练集、验证集和测试集的作用都是为了评估模型的性能。;"【DeepSeek答案】×

⚠️ PDF答案缺失


【题目】
训练集、验证集和测试集的作用都是为了评估模型的性能。"
【判断题】主成分分析是一种基于数据拆解的特征降维方法。;"【DeepSeek答案】√

【PDF官方答案】√

✅ 两者答案一致


【题目】
主成分分析是一种基于数据拆解的特征降维方法。"
【判断题】基于统计的特征拆解及选择是一种常用的机器学习特征处理方法。;"【DeepSeek答案】√

⚠️ PDF答案缺失


【题目】
基于统计的特征拆解及选择是一种常用的机器学习特征处理方法。"
【判断题】在基于模型的特征选择中，递归特征消除RFE是一种包装器方法，它通;"【DeepSeek答案】√

【PDF官方答案】√

✅ 两者答案一致


【题目】
在基于模型的特征选择中，递归特征消除RFE是一种包装器方法，它通"
【判断题】时间序列数据分割时，通常不需要保持数据的连续性和时序性，可以直;"【DeepSeek答案】×

【PDF官方答案】×

✅ 两者答案一致


【题目】
时间序列数据分割时，通常不需要保持数据的连续性和时序性，可以直"
【判断题】在文本数据处理中，分词是所有语言的必要步骤。;"【DeepSeek答案】×

⚠️ PDF答案缺失


【题目】
在文本数据处理中，分词是所有语言的必要步骤。"
【判断题】时间序列分析是一种预测方法，它可以帮助我们预测未来的天气情况。;"【DeepSeek答案】√

【PDF官方答案】√

✅ 两者答案一致


【题目】
时间序列分析是一种预测方法，它可以帮助我们预测未来的天气情况。"
【判断题】在网络分析中，节点和边分别代表网络中的对象和它们之间的关系。;"【DeepSeek答案】√

【PDF官方答案】√

✅ 两者答案一致


【题目】
在网络分析中，节点和边分别代表网络中的对象和它们之间的关系。"
【判断题】社会网络分析主要关注个体之间的社会联系，而忽略了网络结构的影响。;"【DeepSeek答案】×

【PDF官方答案】√

⚠️ 答案不一致，请重点复习！


【题目】
社会网络分析主要关注个体之间的社会联系，而忽略了网络结构的影响。"
【判断题】多维度数据分解的原理仅适用于数值型数据。;"【DeepSeek答案】×

【PDF官方答案】×

✅ 两者答案一致


【题目】
多维度数据分解的原理仅适用于数值型数据。"
【判断题】多维度数据分解不能有效地提高图像处理的效率和准确性。;"【DeepSeek答案】×

【PDF官方答案】√

⚠️ 答案不一致，请重点复习！


【题目】
多维度数据分解不能有效地提高图像处理的效率和准确性。"
【判断题】特征提取是指从原始数据中提取出对模型预测有帮助的特征。;"【DeepSeek答案】√

【PDF官方答案】√

✅ 两者答案一致


【题目】
特征提取是指从原始数据中提取出对模型预测有帮助的特征。"
【判断题】在自然语言处理中，特征工程主要用于文本数据的降维处理。;"【DeepSeek答案】×

【PDF官方答案】√

⚠️ 答案不一致，请重点复习！


【题目】
在自然语言处理中，特征工程主要用于文本数据的降维处理。"
【判断题】响应时间的优化是指在软件设计中减少程序执行所需的时间。;"【DeepSeek答案】√

【PDF官方答案】√

✅ 两者答案一致


【题目】
响应时间的优化是指在软件设计中减少程序执行所需的时间。"
【判断题】在人工智能系统的训练过程中，人工智能训练师不需要关注模型的安全;"【DeepSeek答案】×

⚠️ PDF答案缺失


【题目】
在人工智能系统的训练过程中，人工智能训练师不需要关注模型的安全"
【判断题】负载均衡是一种资源分配策略，用于确保系统中的各个服务器负载相对;"【DeepSeek答案】√

【PDF官方答案】√

✅ 两者答案一致


【题目】
负载均衡是一种资源分配策略，用于确保系统中的各个服务器负载相对"
【判断题】数据预处理技术细节包括数据清洗、数据集成、数据变换和数据规约四;"【DeepSeek答案】√

【PDF官方答案】√

✅ 两者答案一致


【题目】
数据预处理技术细节包括数据清洗、数据集成、数据变换和数据规约四"
【判断题】在数据分析过程中，数据清洗的主要目的是去除重复数据、处理缺失值;"【DeepSeek答案】√

【PDF官方答案】√

✅ 两者答案一致


【题目】
在数据分析过程中，数据清洗的主要目的是去除重复数据、处理缺失值"
【判断题】使用交叉验证方法可以避免过拟合问题，因此在选择统计模型时应该优;"【DeepSeek答案】×

【PDF官方答案】√

⚠️ 答案不一致，请重点复习！


【题目】
使用交叉验证方法可以避免过拟合问题，因此在选择统计模型时应该优"
【判断题】机器学习算法可以完全替代人类专家在某些领域的决策过程。;"【DeepSeek答案】×

【PDF官方答案】×

✅ 两者答案一致


【题目】
机器学习算法可以完全替代人类专家在某些领域的决策过程。"
【判断题】聚类分析是一种无监督学习方法，主要用于发现数据集中的模式和结构。;"【DeepSeek答案】√

【PDF官方答案】√

✅ 两者答案一致


【题目】
聚类分析是一种无监督学习方法，主要用于发现数据集中的模式和结构。"
【判断题】关联规则学习中的置信度是指包含项集A的事务中同时也包含项集B的;"【DeepSeek答案】√

【PDF官方答案】√

✅ 两者答案一致


【题目】
关联规则学习中的置信度是指包含项集A的事务中同时也包含项集B的"
【判断题】线性回归模型是最常用的回归分析方法。;"【DeepSeek答案】√

【PDF官方答案】√

✅ 两者答案一致


【题目】
线性回归模型是最常用的回归分析方法。"
【判断题】决策树的每个节点可以有多个父节点。;"【DeepSeek答案】×

【PDF官方答案】√

⚠️ 答案不一致，请重点复习！


【题目】
决策树的每个节点可以有多个父节点。"
【判断题】神经网络中的激活函数是用来引入非线性因素的。;"【DeepSeek答案】√

【PDF官方答案】√

✅ 两者答案一致


【题目】
神经网络中的激活函数是用来引入非线性因素的。"
【判断题】在贝叶斯网络中，节点之间的依赖关系是通过概率分布来描述的。;"【DeepSeek答案】√

【PDF官方答案】√

✅ 两者答案一致


【题目】
在贝叶斯网络中，节点之间的依赖关系是通过概率分布来描述的。"
【判断题】集成学习方法的效果合成是指将多个模型的预测结果进行加权平均，以;"【DeepSeek答案】√

⚠️ PDF答案缺失


【题目】
集成学习方法的效果合成是指将多个模型的预测结果进行加权平均，以"
【判断题】深度学习中的卷积神经网络CNN主要用于处理序列数据。;"【DeepSeek答案】×

⚠️ PDF答案缺失


【题目】
深度学习中的卷积神经网络CNN主要用于处理序列数据。"
【判断题】在强化学习中，奖励信号应该始终与动作结果相关联，以便模型能够学;"【DeepSeek答案】√

【PDF官方答案】√

✅ 两者答案一致


【题目】
在强化学习中，奖励信号应该始终与动作结果相关联，以便模型能够学"
【判断题】在文本分析中，词袋模型将文本表示为单词的集合。;"【DeepSeek答案】√

【PDF官方答案】√

✅ 两者答案一致


【题目】
在文本分析中，词袋模型将文本表示为单词的集合。"
【判断题】时间序列分析只能处理线性数据。;"【DeepSeek答案】×

⚠️ PDF答案缺失


【题目】
时间序列分析只能处理线性数据。"
【判断题】主成分分析PCA是一种常用的维度约简技术，其基本思想是通过降低数;"【DeepSeek答案】×

⚠️ PDF答案缺失


【题目】
主成分分析PCA是一种常用的维度约简技术，其基本思想是通过降低数"
【判断题】异常值检测与处理是一种用于识别数据集中异常点的方法。;"【DeepSeek答案】√

【PDF官方答案】√

✅ 两者答案一致


【题目】
异常值检测与处理是一种用于识别数据集中异常点的方法。"
【判断题】数据融合技术主要用于将多源异构数据集成为一个统一的数据源。;"【DeepSeek答案】√

【PDF官方答案】√

✅ 两者答案一致


【题目】
数据融合技术主要用于将多源异构数据集成为一个统一的数据源。"
【判断题】智能解决方案设计旨在结合人工智能技术与特定领域需求，提供全面的;"【DeepSeek答案】√

【PDF官方答案】√

✅ 两者答案一致


【题目】
智能解决方案设计旨在结合人工智能技术与特定领域需求，提供全面的"
【判断题】用户需求分析是指识别和理解用户对产品或服务的需求和期望，以便设;"【DeepSeek答案】√

【PDF官方答案】√

✅ 两者答案一致


【题目】
用户需求分析是指识别和理解用户对产品或服务的需求和期望，以便设"
【判断题】产品功能规划是对产品功能的全面、系统、科学的规划，它具有全局性、;"【DeepSeek答案】√

【PDF官方答案】√

✅ 两者答案一致


【题目】
产品功能规划是对产品功能的全面、系统、科学的规划，它具有全局性、"
【判断题】人工智能技术选型的原则包括选择最新的技术，以保持竞争优势。;"【DeepSeek答案】×

⚠️ PDF答案缺失


【题目】
人工智能技术选型的原则包括选择最新的技术，以保持竞争优势。"
【判断题】模型训练与验证的方法只有交叉验证一种。;"【DeepSeek答案】×

【PDF官方答案】√

⚠️ 答案不一致，请重点复习！


【题目】
模型训练与验证的方法只有交叉验证一种。"
【判断题】系统集成设计的规则主要包括尽量减少模块之间的依赖关系，以提高系;"【DeepSeek答案】√

【PDF官方答案】√

✅ 两者答案一致


【题目】
系统集成设计的规则主要包括尽量减少模块之间的依赖关系，以提高系"
【判断题】用户界面设计UI不需要考虑性能优化。;"【DeepSeek答案】×

【PDF官方答案】√

⚠️ 答案不一致，请重点复习！


【题目】
用户界面设计UI不需要考虑性能优化。"
【判断题】用户体验设计UX的原则强调在设计过程中始终关注用户的需求和体验。;"【DeepSeek答案】√

【PDF官方答案】√

✅ 两者答案一致


【题目】
用户体验设计UX的原则强调在设计过程中始终关注用户的需求和体验。"
【判断题】产品差异化设计旨在使产品在竞争激烈的市场中脱颖而出，吸引更多的;"【DeepSeek答案】√

【PDF官方答案】√

✅ 两者答案一致


【题目】
产品差异化设计旨在使产品在竞争激烈的市场中脱颖而出，吸引更多的"
【判断题】在设计软件时，不需要考虑安全性问题。;"【DeepSeek答案】×

【PDF官方答案】√

⚠️ 答案不一致，请重点复习！


【题目】
在设计软件时，不需要考虑安全性问题。"
【判断题】在云服务集成中，关键策略之一是选择合适的云服务提供商以满足业务;"【DeepSeek答案】√

【PDF官方答案】√

✅ 两者答案一致


【题目】
在云服务集成中，关键策略之一是选择合适的云服务提供商以满足业务"
【判断题】性能优化技术的原理是通过减少程序中的冗余代码来提高程序的运行速;"【DeepSeek答案】√

⚠️ PDF答案缺失


【题目】
性能优化技术的原理是通过减少程序中的冗余代码来提高程序的运行速"
【判断题】可扩展性设计旨在确保系统能够在不断增长的需求下保持高性能。;"【DeepSeek答案】√

【PDF官方答案】√

✅ 两者答案一致


【题目】
可扩展性设计旨在确保系统能够在不断增长的需求下保持高性能。"
【判断题】代码审计主要关注代码的编写规范性，对系统性能影响不大。;"【DeepSeek答案】×

【PDF官方答案】√

⚠️ 答案不一致，请重点复习！


【题目】
代码审计主要关注代码的编写规范性，对系统性能影响不大。"
【判断题】企业在收集、存储和处理用户数据时，不需要告知用户数据的用途和收;"【DeepSeek答案】×

【PDF官方答案】√

⚠️ 答案不一致，请重点复习！


【题目】
企业在收集、存储和处理用户数据时，不需要告知用户数据的用途和收"
【判断题】故障恢复策略的设计不包括备份和恢复机制。;"【DeepSeek答案】×

【PDF官方答案】√

⚠️ 答案不一致，请重点复习！


【题目】
故障恢复策略的设计不包括备份和恢复机制。"
【判断题】产品维护与升级制定的关键是定期发布新版本以保持用户的兴趣。;"【DeepSeek答案】×

⚠️ PDF答案缺失


【题目】
产品维护与升级制定的关键是定期发布新版本以保持用户的兴趣。"
【判断题】在用户反馈与迭代过程的管理中，应该忽略所有负面反馈。;"【DeepSeek答案】×

【PDF官方答案】√

⚠️ 答案不一致，请重点复习！


【题目】
在用户反馈与迭代过程的管理中，应该忽略所有负面反馈。"
【判断题】人机交互是指人与计算机之间的信息交流和操作过程。;"【DeepSeek答案】√

【PDF官方答案】√

✅ 两者答案一致


【题目】
人机交互是指人与计算机之间的信息交流和操作过程。"
【判断题】人机交互三要素包括输入设备、输出设备和控制器。;"【DeepSeek答案】√

【PDF官方答案】√

✅ 两者答案一致


【题目】
人机交互三要素包括输入设备、输出设备和控制器。"
【判断题】人机交互模型描述了人和计算机之间信息传递的过程，通常包括输入、;"【DeepSeek答案】√

【PDF官方答案】√

✅ 两者答案一致


【题目】
人机交互模型描述了人和计算机之间信息传递的过程，通常包括输入、"
【判断题】在用户界面设计中，应该遵循一致性原则，即相同类型的元素应该有相;"【DeepSeek答案】√

【PDF官方答案】√

✅ 两者答案一致


【题目】
在用户界面设计中，应该遵循一致性原则，即相同类型的元素应该有相"
【判断题】输入与输出的系统设计应该考虑用户的操作习惯和心理模型。;"【DeepSeek答案】√

【PDF官方答案】√

✅ 两者答案一致


【题目】
输入与输出的系统设计应该考虑用户的操作习惯和心理模型。"
【判断题】反馈机制在人机交互中不起重要作用。;"【DeepSeek答案】×

【PDF官方答案】×

✅ 两者答案一致


【题目】
反馈机制在人机交互中不起重要作用。"
【判断题】适应性设计是指产品或服务能够根据用户的需求和偏好进行自动调整。;"【DeepSeek答案】√

【PDF官方答案】√

✅ 两者答案一致


【题目】
适应性设计是指产品或服务能够根据用户的需求和偏好进行自动调整。"
【判断题】触摸界面交互主要依赖键盘和鼠标。;"【DeepSeek答案】×

【PDF官方答案】×

✅ 两者答案一致


【题目】
触摸界面交互主要依赖键盘和鼠标。"
【判断题】语音交互设计不需要考虑语音识别的准确性和响应速度。;"【DeepSeek答案】×

【PDF官方答案】×

✅ 两者答案一致


【题目】
语音交互设计不需要考虑语音识别的准确性和响应速度。"
【判断题】增强现实AR交互主要依赖虚拟现实头戴设备。;"【DeepSeek答案】×

【PDF官方答案】×

✅ 两者答案一致


【题目】
增强现实AR交互主要依赖虚拟现实头戴设备。"
【判断题】虚拟现实VR交互的设计需要考虑用户的生理反应。;"【DeepSeek答案】√

【PDF官方答案】√

✅ 两者答案一致


【题目】
虚拟现实VR交互的设计需要考虑用户的生理反应。"
【判断题】多模态交互设计仅关注不同输入方式的整合，而不考虑输出方式。;"【DeepSeek答案】×

【PDF官方答案】×

✅ 两者答案一致


【题目】
多模态交互设计仅关注不同输入方式的整合，而不考虑输出方式。"
【判断题】用户研究的方法论主要包括定性和定量两种方法。;"【DeepSeek答案】√

【PDF官方答案】√

✅ 两者答案一致


【题目】
用户研究的方法论主要包括定性和定量两种方法。"
【判断题】原型设计与测试是人机交互设计过程中的最后一步。;"【DeepSeek答案】×

【PDF官方答案】×

✅ 两者答案一致


【题目】
原型设计与测试是人机交互设计过程中的最后一步。"
【判断题】用户测试与评估的系统方法是一种定性的研究方法。;"【DeepSeek答案】×

【PDF官方答案】×

✅ 两者答案一致


【题目】
用户测试与评估的系统方法是一种定性的研究方法。"
【判断题】情感设计主要关注用户的理性需求。;"【DeepSeek答案】×

【PDF官方答案】×

✅ 两者答案一致


【题目】
情感设计主要关注用户的理性需求。"
【判断题】人工智能在人机交互中主要应用于提高系统的安全性。;"【DeepSeek答案】×

【PDF官方答案】×

✅ 两者答案一致


【题目】
人工智能在人机交互中主要应用于提高系统的安全性。"
【判断题】一个高效的人机交互系统应该能够在短时间内响应用户的操作。;"【DeepSeek答案】√

【PDF官方答案】√

✅ 两者答案一致


【题目】
一个高效的人机交互系统应该能够在短时间内响应用户的操作。"
【判断题】用户中心的设计原则要求设计师在设计过程中始终站在用户的角度思考;"【DeepSeek答案】×

⚠️ PDF答案缺失


【题目】
用户中心的设计原则要求设计师在设计过程中始终站在用户的角度思考"
【判断题】设计的可用性标准是指在设计过程中需要遵循的一系列原则和规范，以;"【DeepSeek答案】√

【PDF官方答案】√

✅ 两者答案一致


【题目】
设计的可用性标准是指在设计过程中需要遵循的一系列原则和规范，以"
【判断题】交互设计模板可以帮助设计师更好地组织和展示他们的想法。;"【DeepSeek答案】√

【PDF官方答案】√

✅ 两者答案一致


【题目】
交互设计模板可以帮助设计师更好地组织和展示他们的想法。"
【判断题】在设计过程中，用户反馈是必不可少的环节，因为它可以帮助设计师更;"【DeepSeek答案】√

【PDF官方答案】√

✅ 两者答案一致


【题目】
在设计过程中，用户反馈是必不可少的环节，因为它可以帮助设计师更"
【判断题】工作流程的任务分解有助于明确每个阶段的责任和目标。;"【DeepSeek答案】√

【PDF官方答案】√

✅ 两者答案一致


【题目】
工作流程的任务分解有助于明确每个阶段的责任和目标。"
【判断题】界面设计的布局策略仅关注美观而忽视功能性。;"【DeepSeek答案】×

【PDF官方答案】×

✅ 两者答案一致


【题目】
界面设计的布局策略仅关注美观而忽视功能性。"
【判断题】用户使用情境的分析工具可以帮助设计师更好地理解目标用户的需求和;"【DeepSeek答案】√

【PDF官方答案】√

✅ 两者答案一致


【题目】
用户使用情境的分析工具可以帮助设计师更好地理解目标用户的需求和"
【判断题】使用AdobeXD进行原型制作时，用户可以直接导出最终的设计文件。;"【DeepSeek答案】√

【PDF官方答案】√

✅ 两者答案一致


【题目】
使用AdobeXD进行原型制作时，用户可以直接导出最终的设计文件。"
【判断题】AdobeXD只能用于创建移动应用的原型。;"【DeepSeek答案】×

【PDF官方答案】×

✅ 两者答案一致


【题目】
AdobeXD只能用于创建移动应用的原型。"
【判断题】AxureRP是一款用于创建原型和模拟复杂交互的工具。;"【DeepSeek答案】√

【PDF官方答案】√

✅ 两者答案一致


【题目】
AxureRP是一款用于创建原型和模拟复杂交互的工具。"
【判断题】AxureRP中的条件逻辑设置可以用来控制页面元素的显示和隐藏。;"【DeepSeek答案】√

【PDF官方答案】√

✅ 两者答案一致


【题目】
AxureRP中的条件逻辑设置可以用来控制页面元素的显示和隐藏。"
【判断题】BalsamiqMockups只能用于创建线框图。;"【DeepSeek答案】×

【PDF官方答案】×

✅ 两者答案一致


【题目】
BalsamiqMockups只能用于创建线框图。"
【判断题】Figma的设计系统支持创建自定义组件库。;"【DeepSeek答案】√

【PDF官方答案】√

✅ 两者答案一致


【题目】
Figma的设计系统支持创建自定义组件库。"
【判断题】Marvel的简单交互设计强调减少用户的认知负担，提高用户体验。;"【DeepSeek答案】√

【PDF官方答案】√

✅ 两者答案一致


【题目】
Marvel的简单交互设计强调减少用户的认知负担，提高用户体验。"
【判断题】在使用Marvel的设计评审功能时，用户可以上传自己的设计文件，但是;"【DeepSeek答案】×

【PDF官方答案】×

✅ 两者答案一致


【题目】
在使用Marvel的设计评审功能时，用户可以上传自己的设计文件，但是"
【判断题】使用Marvel的响应式设计预览，设计师可以轻松地查看和调整他们的网;"【DeepSeek答案】√

【PDF官方答案】√

✅ 两者答案一致


【题目】
使用Marvel的响应式设计预览，设计师可以轻松地查看和调整他们的网"
【判断题】Sketch的插件生态系统为用户提供了广泛的功能扩展选项。;"【DeepSeek答案】√

【PDF官方答案】√

✅ 两者答案一致


【题目】
Sketch的插件生态系统为用户提供了广泛的功能扩展选项。"
【判断题】Sketch的矢量图形编辑功能非常强大，可以轻松地创建和编辑各种复杂的;"【DeepSeek答案】√

【PDF官方答案】√

✅ 两者答案一致


【题目】
Sketch的矢量图形编辑功能非常强大，可以轻松地创建和编辑各种复杂的"
【判断题】培训讲义编写应该包含大量的理论知识和实例分析。;"【DeepSeek答案】√

【PDF官方答案】×

⚠️ 答案不一致，请重点复习！


【题目】
培训讲义编写应该包含大量的理论知识和实例分析。"
【判断题】培训讲义的编写应该遵循一定的结构，包括引入、主体和总结三个部分。;"【DeepSeek答案】√

【PDF官方答案】√

✅ 两者答案一致


【题目】
培训讲义的编写应该遵循一定的结构，包括引入、主体和总结三个部分。"
【判断题】编写培训讲义时，不需要考虑学员的学习需求和背景。;"【DeepSeek答案】×

【PDF官方答案】×

✅ 两者答案一致


【题目】
编写培训讲义时，不需要考虑学员的学习需求和背景。"
【判断题】在人工智能培训中，使用单一的教学方法可以有效地满足所有学员的学;"【DeepSeek答案】×

【PDF官方答案】×

✅ 两者答案一致


【题目】
在人工智能培训中，使用单一的教学方法可以有效地满足所有学员的学"
【判断题】讲授法是一种单向沟通的培训方法，因此它不利于受训者主动参与培训。;"【DeepSeek答案】√

【PDF官方答案】×

⚠️ 答案不一致，请重点复习！


【题目】
讲授法是一种单向沟通的培训方法，因此它不利于受训者主动参与培训。"
【判断题】讲授法是一种非常有效的培训方法，因此没有缺点。;"【DeepSeek答案】×

【PDF官方答案】×

✅ 两者答案一致


【题目】
讲授法是一种非常有效的培训方法，因此没有缺点。"
【判断题】培训方法的选择应该完全依赖于培训者的经验和偏好。;"【DeepSeek答案】×

【PDF官方答案】×

✅ 两者答案一致


【题目】
培训方法的选择应该完全依赖于培训者的经验和偏好。"
【判断题】在数据采集和处理流程中，重点分析数据的质量和准确性是非常重要的。;"【DeepSeek答案】√

【PDF官方答案】√

✅ 两者答案一致


【题目】
在数据采集和处理流程中，重点分析数据的质量和准确性是非常重要的。"
【判断题】在数据采集和处理流程中，数据清洗的主要目的是去除重复数据和提高;"【DeepSeek答案】√

【PDF官方答案】√

✅ 两者答案一致


【题目】
在数据采集和处理流程中，数据清洗的主要目的是去除重复数据和提高"
【判断题】在数据采集和处理流程中，数据清洗是一个不必要的步骤。;"【DeepSeek答案】×

【PDF官方答案】×

✅ 两者答案一致


【题目】
在数据采集和处理流程中，数据清洗是一个不必要的步骤。"
【判断题】指导数据采集和处理问题的解决方法主要包括数据清洗、数据转换和数;"【DeepSeek答案】×

【PDF官方答案】×

✅ 两者答案一致


【题目】
指导数据采集和处理问题的解决方法主要包括数据清洗、数据转换和数"
【判断题】在数据标注流程中，标注员需要严格按照标注规则进行操作。;"【DeepSeek答案】√

【PDF官方答案】√

✅ 两者答案一致


【题目】
在数据标注流程中，标注员需要严格按照标注规则进行操作。"
【判断题】数据标注流程中的难点仅仅是数据清洗。;"【DeepSeek答案】×

【PDF官方答案】×

✅ 两者答案一致


【题目】
数据标注流程中的难点仅仅是数据清洗。"
【判断题】数据标注流程中的常见问题点包括数据清洗和预处理。;"【DeepSeek答案】√

【PDF官方答案】×

⚠️ 答案不一致，请重点复习！


【题目】
数据标注流程中的常见问题点包括数据清洗和预处理。"
【判断题】在数据标注过程中，标注人员需要遵循一定的标注规范和流程。;"【DeepSeek答案】√

【PDF官方答案】√

✅ 两者答案一致


【题目】
在数据标注过程中，标注人员需要遵循一定的标注规范和流程。"
"【单选题】职业道德的概念有广义和狭义之分。狭义的职业道德是指在( )活动中应遵循的职
业行为准则和规范。
人工智能训练师（三级）理论知识复习题
(A)职业活动
(B)普通职业
(C)一定职业
(D)危险职业";"【DeepSeek答案】A

⚠️ PDF答案缺失，此为AI预测答案


【题目】
职业道德的概念有广义和狭义之分。狭义的职业道德是指在( )活动中应遵循的职
业行为准则和规范。
人工智能训练师（三级）理论知识复习题
(A)职业活动
(B)普通职业
(C)一定职业
(D)危险职业"
"【单选题】( )是调整职业个人、职业主体和社会成员之间关系的行为准则和规范。
(A)职业纪律
(B)职业责任
(C)职业良心
(D)职业作风";"【DeepSeek答案】B

⚠️ PDF答案缺失，此为AI预测答案


【题目】
( )是调整职业个人、职业主体和社会成员之间关系的行为准则和规范。
(A)职业纪律
(B)职业责任
(C)职业良心
(D)职业作风"
"【单选题】职业道德真正形成于( )。
(A)原始社会
(B)奴隶社会
(C)封建社会
(D)资本主义社会";"【DeepSeek答案】B

⚠️ PDF答案缺失，此为AI预测答案


【题目】
职业道德真正形成于( )。
(A)原始社会
(B)奴隶社会
(C)封建社会
(D)资本主义社会"
"【单选题】古人所谓的“鞠躬尽瘁，死而后已”。揭示了职业活动内在的道德准则中的( )准则。
(A)忠诚
(B)审慎
(C)勤勉
(D)民主";"【DeepSeek答案】C

⚠️ PDF答案缺失，此为AI预测答案


【题目】
古人所谓的“鞠躬尽瘁，死而后已”。揭示了职业活动内在的道德准则中的( )准则。
(A)忠诚
(B)审慎
(C)勤勉
(D)民主"
"【单选题】从道德和社会责任角度考虑，人工智能训练师在处理用户数据时，应确保数据的
( )。
(A)准确性
(B)完整性
(C)可追溯性
(D)安全性";"【DeepSeek答案】D

⚠️ PDF答案缺失，此为AI预测答案


【题目】
从道德和社会责任角度考虑，人工智能训练师在处理用户数据时，应确保数据的
( )。
(A)准确性
(B)完整性
(C)可追溯性
(D)安全性"
"【单选题】在人工智能的职业道德中，最能体现其对隐私保护的重视是( )。
(A)忠诚
人工智能训练师（三级）理论知识复习题
(B)勤勉
(C)诚信
(D)保密";"【DeepSeek答案】D

⚠️ PDF答案缺失，此为AI预测答案


【题目】
在人工智能的职业道德中，最能体现其对隐私保护的重视是( )。
(A)忠诚
人工智能训练师（三级）理论知识复习题
(B)勤勉
(C)诚信
(D)保密"
"【单选题】人工智能训练师需要具备的素质包括( )。
(A)高级管理技能
(B)扎实的技术基础
(C)高级图形设计技能
(D)敏锐的市场洞察力";"【DeepSeek答案】B

⚠️ PDF答案缺失，此为AI预测答案


【题目】
人工智能训练师需要具备的素质包括( )。
(A)高级管理技能
(B)扎实的技术基础
(C)高级图形设计技能
(D)敏锐的市场洞察力"
"【单选题】职业道德是职业守则的核心内容之一，不属于职业道德强调的关系是( )。
(A)个人与集体
(B)个人与社会
(C)个人与他人
(D)个人与工作职责";"【DeepSeek答案】D

⚠️ PDF答案缺失，此为AI预测答案


【题目】
职业道德是职业守则的核心内容之一，不属于职业道德强调的关系是( )。
(A)个人与集体
(B)个人与社会
(C)个人与他人
(D)个人与工作职责"
"【单选题】从业人员要强化岗位职业责任必须要做到( )。
(A)了解职业责任、坚守工作岗位
(B)了解职业责任、强化责任意识
(C)坚守工作岗位、履行职业守则
(D)坚守工作岗位、强化责任意识";"【DeepSeek答案】B

⚠️ PDF答案缺失，此为AI预测答案


【题目】
从业人员要强化岗位职业责任必须要做到( )。
(A)了解职业责任、坚守工作岗位
(B)了解职业责任、强化责任意识
(C)坚守工作岗位、履行职业守则
(D)坚守工作岗位、强化责任意识"
"【单选题】爱岗敬业是企业对从业人员的( )。
(A)职业规定
(B)职业守则
(C)职业纪律
(D)职业要求";"【DeepSeek答案】D

⚠️ PDF答案缺失，此为AI预测答案


【题目】
爱岗敬业是企业对从业人员的( )。
(A)职业规定
(B)职业守则
(C)职业纪律
(D)职业要求"
"【单选题】在职业守则的制定过程中，( )的步骤旨在确保守则的公平性和合理性。
(A)收集各方意见和建议
(B)由专业机构进行审核
(C)通过行业大会进行表决
人工智能训练师（三级）理论知识复习题
(D)制定详细的实施计划";"【DeepSeek答案】A

⚠️ PDF答案缺失，此为AI预测答案


【题目】
在职业守则的制定过程中，( )的步骤旨在确保守则的公平性和合理性。
(A)收集各方意见和建议
(B)由专业机构进行审核
(C)通过行业大会进行表决
人工智能训练师（三级）理论知识复习题
(D)制定详细的实施计划"
"【单选题】为了确保职业守则的有效执行，组织应当采取( )机制来确保其落实。
(A)仅依赖内部监督
(B)主要依靠外部监督
(C)结合内部监督和外部监督
(D)单独采用自我监督";"【DeepSeek答案】C

⚠️ PDF答案缺失，此为AI预测答案


【题目】
为了确保职业守则的有效执行，组织应当采取( )机制来确保其落实。
(A)仅依赖内部监督
(B)主要依靠外部监督
(C)结合内部监督和外部监督
(D)单独采用自我监督"
"【单选题】在职业守则中，诚实守信主要体现在( )行为上。
(A)随意许诺，以满足客户需求
(B)不轻易承诺，但一旦答应就全力以赴
(C)为迎合市场趋势，夸大产品效果
(D)为提高工作效率，省略必要的工作步骤";"【DeepSeek答案】B

⚠️ PDF答案缺失，此为AI预测答案


【题目】
在职业守则中，诚实守信主要体现在( )行为上。
(A)随意许诺，以满足客户需求
(B)不轻易承诺，但一旦答应就全力以赴
(C)为迎合市场趋势，夸大产品效果
(D)为提高工作效率，省略必要的工作步骤"
"【单选题】爱岗敬业的具体表现不包括( )。
(A)树立远大的职业理想
(B)只在自己喜欢的岗位上工作
(C)努力提升专业技能
(D)严格遵守企业规章制度";"【DeepSeek答案】B

⚠️ PDF答案缺失，此为AI预测答案


【题目】
爱岗敬业的具体表现不包括( )。
(A)树立远大的职业理想
(B)只在自己喜欢的岗位上工作
(C)努力提升专业技能
(D)严格遵守企业规章制度"
"【单选题】在保护用户隐私方面，人工智能训练师应采取( )措施。
(A)仅对敏感数据进行部分加密
(B)随意限制数据访问权限
(C)定期进行数据备份，但不进行安全审计
(D)对敏感数据进行加密存储，限制数据访问权限，并定期进行安全审计";"【DeepSeek答案】D

⚠️ PDF答案缺失，此为AI预测答案


【题目】
在保护用户隐私方面，人工智能训练师应采取( )措施。
(A)仅对敏感数据进行部分加密
(B)随意限制数据访问权限
(C)定期进行数据备份，但不进行安全审计
(D)对敏感数据进行加密存储，限制数据访问权限，并定期进行安全审计"
"【单选题】五笔字型汉字输入法的编码属于( )。
(A)音码
(B)形声码
(C)区位码
(D)形码";"【DeepSeek答案】D

⚠️ PDF答案缺失，此为AI预测答案


【题目】
五笔字型汉字输入法的编码属于( )。
(A)音码
(B)形声码
(C)区位码
(D)形码"
"【单选题】使用Windows系统的维护利器可以( )系统性能。
人工智能训练师（三级）理论知识复习题
(A)提高
(B)降低
(C)保持不变
(D)无法确定";"【DeepSeek答案】A

⚠️ PDF答案缺失，此为AI预测答案


【题目】
使用Windows系统的维护利器可以( )系统性能。
人工智能训练师（三级）理论知识复习题
(A)提高
(B)降低
(C)保持不变
(D)无法确定"
"【单选题】当Windows系统无法连接到网络时，首先应该尝试( )，快速修复方法。
(A)重启路由器或计算机
(B)重装网络适配器驱动程序
(C)联系售后
(D)检查其他设备是否能够连接网络";"【DeepSeek答案】A

⚠️ PDF答案缺失，此为AI预测答案


【题目】
当Windows系统无法连接到网络时，首先应该尝试( )，快速修复方法。
(A)重启路由器或计算机
(B)重装网络适配器驱动程序
(C)联系售后
(D)检查其他设备是否能够连接网络"
"【单选题】要打开Windows小工具，用户需要( )。
(A)右键任务栏空白区域
(B)左键任务栏空白区域
(C)从开始菜单中选择小工具
(D)右键单击开始按钮";"【DeepSeek答案】A

⚠️ PDF答案缺失，此为AI预测答案


【题目】
要打开Windows小工具，用户需要( )。
(A)右键任务栏空白区域
(B)左键任务栏空白区域
(C)从开始菜单中选择小工具
(D)右键单击开始按钮"
"【单选题】在浏览器中，要打开一个新的标签页，应该使用快捷键( )。
(A)Ctrl+T
(B)Ctrl+N
(C)Ctrl+Shift+ T
(D)Ctrl+Shift+N";"【DeepSeek答案】A

⚠️ PDF答案缺失，此为AI预测答案


【题目】
在浏览器中，要打开一个新的标签页，应该使用快捷键( )。
(A)Ctrl+T
(B)Ctrl+N
(C)Ctrl+Shift+ T
(D)Ctrl+Shift+N"
"【单选题】使用( )可以帮助我们调试网页代码，查看元素结构以及分析网络请求等。
(A)任务管理器
(B)资源管理器
(C)控制面板
(D)开发者工具";"【DeepSeek答案】D

⚠️ PDF答案缺失，此为AI预测答案


【题目】
使用( )可以帮助我们调试网页代码，查看元素结构以及分析网络请求等。
(A)任务管理器
(B)资源管理器
(C)控制面板
(D)开发者工具"
"【单选题】在Excel中，使用( )键可以快速将光标移动到当前列最底下的单元格。
(A)Ctrl+Down
(B)Ctrl+Home
人工智能训练师（三级）理论知识复习题
(C)Ctrl+Right
(D)Ctrl+Left";"【DeepSeek答案】A

⚠️ PDF答案缺失，此为AI预测答案


【题目】
在Excel中，使用( )键可以快速将光标移动到当前列最底下的单元格。
(A)Ctrl+Down
(B)Ctrl+Home
人工智能训练师（三级）理论知识复习题
(C)Ctrl+Right
(D)Ctrl+Left"
"【单选题】为了提高Word2019文档的编辑效率，可以使用( )快捷键来快速插入当前日期。
(A)ALT+Shift+D
(B)ALT+Shift+ T
(C)Ctrl+Shift+ Y
(D)Ctrl+Shift+I";"【DeepSeek答案】A

⚠️ PDF答案缺失，此为AI预测答案


【题目】
为了提高Word2019文档的编辑效率，可以使用( )快捷键来快速插入当前日期。
(A)ALT+Shift+D
(B)ALT+Shift+ T
(C)Ctrl+Shift+ Y
(D)Ctrl+Shift+I"
"【单选题】在Word中，通过( )，来快速应用一组格式选项。
(A)手动逐一调整每个段落的格式
(B)使用格式刷复制并应用格式
(C)创建个性化样式模板
(D)在样式库中选择并应用内置样式";"【DeepSeek答案】D

⚠️ PDF答案缺失，此为AI预测答案


【题目】
在Word中，通过( )，来快速应用一组格式选项。
(A)手动逐一调整每个段落的格式
(B)使用格式刷复制并应用格式
(C)创建个性化样式模板
(D)在样式库中选择并应用内置样式"
"【单选题】在Word中进行图文混排时，调整图片大小的方法( )。
(A)单击图片，然后拖动图片边框上的控制点
(B)双击图片，然后在弹出的对话框中输入新的尺寸
(C)左键点击图片，选择'大小和位置'选项进行调整
(D)选择图片，然后按键盘上的方向键进行微调";"【DeepSeek答案】A

⚠️ PDF答案缺失，此为AI预测答案


【题目】
在Word中进行图文混排时，调整图片大小的方法( )。
(A)单击图片，然后拖动图片边框上的控制点
(B)双击图片，然后在弹出的对话框中输入新的尺寸
(C)左键点击图片，选择'大小和位置'选项进行调整
(D)选择图片，然后按键盘上的方向键进行微调"
"【单选题】在Excel中，使用( )函数可以将一个日期转换为文本格式。
(A)TEXT
(B)VALUE
(C)NUMBER
(D)DATE";"【DeepSeek答案】A

⚠️ PDF答案缺失，此为AI预测答案


【题目】
在Excel中，使用( )函数可以将一个日期转换为文本格式。
(A)TEXT
(B)VALUE
(C)NUMBER
(D)DATE"
"【单选题】在Excel工作表单元格中输入公式时，F$2的单元格引用方式称为( )。
(A)交叉地址引用
(B)混合地址引用
(C)相对地址引用
(D)绝对地址引用
人工智能训练师（三级）理论知识复习题";"【DeepSeek答案】B

⚠️ PDF答案缺失，此为AI预测答案


【题目】
在Excel工作表单元格中输入公式时，F$2的单元格引用方式称为( )。
(A)交叉地址引用
(B)混合地址引用
(C)相对地址引用
(D)绝对地址引用
人工智能训练师（三级）理论知识复习题"
"【单选题】在Excel中，( )图表类型最适合用于展示时间序列的数据变化。
(A)条形图
(B)折线图
(C)饼图
(D)散点图";"【DeepSeek答案】B

⚠️ PDF答案缺失，此为AI预测答案


【题目】
在Excel中，( )图表类型最适合用于展示时间序列的数据变化。
(A)条形图
(B)折线图
(C)饼图
(D)散点图"
"【单选题】在Excel中，( )不可以快速切换不同的工作簿。
(A)Ctrl+PageUp
(B)Ctrl+PageDown
(C)鼠标点击工作表目录
(D)Ctrl+Shift+Tab";"【DeepSeek答案】D

⚠️ PDF答案缺失，此为AI预测答案


【题目】
在Excel中，( )不可以快速切换不同的工作簿。
(A)Ctrl+PageUp
(B)Ctrl+PageDown
(C)鼠标点击工作表目录
(D)Ctrl+Shift+Tab"
"【单选题】在MicrosoftExcel中，宏的主要作用是( )。
(A)手动执行一系列复杂的计算任务。
(B)将数据从一个工作表复制到另一个工作表。
(C)格式化工作表的单元格。
(D)自动执行一系列预定义的操作。";"【DeepSeek答案】D

⚠️ PDF答案缺失，此为AI预测答案


【题目】
在MicrosoftExcel中，宏的主要作用是( )。
(A)手动执行一系列复杂的计算任务。
(B)将数据从一个工作表复制到另一个工作表。
(C)格式化工作表的单元格。
(D)自动执行一系列预定义的操作。"
"【单选题】( )不会导致劳动合同无效。
(A)违反法律、行政法规强制性规定的
(B)双方当事人真实意思表示一致
(C)一方以欺诈、胁迫的手段或者乘人之危，使对方在违背真实意思的情况下订立或者变
更劳动合同的
(D)用人单位免除自己的法定责任、排除劳动者权利的";"【DeepSeek答案】B

⚠️ PDF答案缺失，此为AI预测答案


【题目】
( )不会导致劳动合同无效。
(A)违反法律、行政法规强制性规定的
(B)双方当事人真实意思表示一致
(C)一方以欺诈、胁迫的手段或者乘人之危，使对方在违背真实意思的情况下订立或者变
更劳动合同的
(D)用人单位免除自己的法定责任、排除劳动者权利的"
"【单选题】( )不是劳动合同必备的核心条款。
(A)劳动合同期限
(B)工作内容和工作地点
(C)社会保险和福利待遇
(D)劳动者家庭情况";"【DeepSeek答案】D

⚠️ PDF答案缺失，此为AI预测答案


【题目】
( )不是劳动合同必备的核心条款。
(A)劳动合同期限
(B)工作内容和工作地点
(C)社会保险和福利待遇
(D)劳动者家庭情况"
"【单选题】用人单位不得解除劳动合同的情形是( )。
人工智能训练师（三级）理论知识复习题
(A)患职业病或者因工负伤被确认丧失或者部分丧失劳动能力的
(B)在试用期被证明不符合录用条件的
(C)严重违反劳动纪律或者用人单位规章制度的
(D)被依法追究刑事责任的";"【DeepSeek答案】A

⚠️ PDF答案缺失，此为AI预测答案


【题目】
用人单位不得解除劳动合同的情形是( )。
人工智能训练师（三级）理论知识复习题
(A)患职业病或者因工负伤被确认丧失或者部分丧失劳动能力的
(B)在试用期被证明不符合录用条件的
(C)严重违反劳动纪律或者用人单位规章制度的
(D)被依法追究刑事责任的"
"【单选题】网络运营者应当履行的安全保障义务包括( )。
(A)不得收集用户个人信息
(B)向第三方提供用户个人信息
(C)采取技术措施和其他必要措施，保障网络安全、稳定运行
(D)未经用户同意不得发布广告";"【DeepSeek答案】C

⚠️ PDF答案缺失，此为AI预测答案


【题目】
网络运营者应当履行的安全保障义务包括( )。
(A)不得收集用户个人信息
(B)向第三方提供用户个人信息
(C)采取技术措施和其他必要措施，保障网络安全、稳定运行
(D)未经用户同意不得发布广告"
"【单选题】网络接入的规范要求不包括( )。
(A)遵守国家网络安全和信息技术管理法规
(B)不得进行非法网络活动
(C)无需获得相关资质即可提供接入服务
(D)保障接入网络的安全性和稳定性";"【DeepSeek答案】C

⚠️ PDF答案缺失，此为AI预测答案


【题目】
网络接入的规范要求不包括( )。
(A)遵守国家网络安全和信息技术管理法规
(B)不得进行非法网络活动
(C)无需获得相关资质即可提供接入服务
(D)保障接入网络的安全性和稳定性"
"【单选题】( )是关键信息基础设施的特殊保护中的一方面。
(A)物理安全
(B)网络安全
(C)数据安全
(D)应急响应";"【DeepSeek答案】D

⚠️ PDF答案缺失，此为AI预测答案


【题目】
( )是关键信息基础设施的特殊保护中的一方面。
(A)物理安全
(B)网络安全
(C)数据安全
(D)应急响应"
"【单选题】( )不能作为专利申请权的主体。
(A)自然人
(B)法人
(C)非法人组织
(D)某研究所课题组";"【DeepSeek答案】D

⚠️ PDF答案缺失，此为AI预测答案


【题目】
( )不能作为专利申请权的主体。
(A)自然人
(B)法人
(C)非法人组织
(D)某研究所课题组"
"【单选题】( )不是专利授权的实质性条件。
(A)新颖性
(B)创造性
人工智能训练师（三级）理论知识复习题
(C)实用性
(D)美观性";"【DeepSeek答案】D

⚠️ PDF答案缺失，此为AI预测答案


【题目】
( )不是专利授权的实质性条件。
(A)新颖性
(B)创造性
人工智能训练师（三级）理论知识复习题
(C)实用性
(D)美观性"
"【单选题】( )不属于专利申请流程的标准化步骤。
(A)提交专利申请
(B)专利局审查
(C)授予专利权
(D)投入市场生产";"【DeepSeek答案】D

⚠️ PDF答案缺失，此为AI预测答案


【题目】
( )不属于专利申请流程的标准化步骤。
(A)提交专利申请
(B)专利局审查
(C)授予专利权
(D)投入市场生产"
"【单选题】( )不是遵纪守法的社会价值体现。
(A)维护社会秩序和稳定
(B)保障人民权利和自由
(C)阻碍社会发展和创新
(D)树立社会道德风尚";"【DeepSeek答案】C

⚠️ PDF答案缺失，此为AI预测答案


【题目】
( )不是遵纪守法的社会价值体现。
(A)维护社会秩序和稳定
(B)保障人民权利和自由
(C)阻碍社会发展和创新
(D)树立社会道德风尚"
"【单选题】据劳动保护的法律规定，人工智能训练师在工作中享有( )的权益。
(A)自由选择工作时间
(B)接受定期的安全培训
(C)直接参与公司利润分配
(D)无限制的加班权利";"【DeepSeek答案】B

⚠️ PDF答案缺失，此为AI预测答案


【题目】
据劳动保护的法律规定，人工智能训练师在工作中享有( )的权益。
(A)自由选择工作时间
(B)接受定期的安全培训
(C)直接参与公司利润分配
(D)无限制的加班权利"
"【单选题】知识产权法的基本原则包括保护创作成果、鼓励创新和技术进步以及( )。
(A)公平分配利益
(B)促进知识传播
(C)保障公共利益
(D)限制知识产权滥用";"【DeepSeek答案】A

⚠️ PDF答案缺失，此为AI预测答案


【题目】
知识产权法的基本原则包括保护创作成果、鼓励创新和技术进步以及( )。
(A)公平分配利益
(B)促进知识传播
(C)保障公共利益
(D)限制知识产权滥用"
"【单选题】根据著作权法的规定，( )受著作权法的保护。
(A)法律条文
(B)计算机软件
(C)国家机关的决定
(D)历法
人工智能训练师（三级）理论知识复习题";"【DeepSeek答案】B

⚠️ PDF答案缺失，此为AI预测答案


【题目】
根据著作权法的规定，( )受著作权法的保护。
(A)法律条文
(B)计算机软件
(C)国家机关的决定
(D)历法
人工智能训练师（三级）理论知识复习题"
"【单选题】根据我国《专利法》的规定，申请专利的发明创造在申请日以前六个月内，出现( )
的情况，会丧失新颖性。
(A)他人未经申请人同意而泄露其内容
(B)在规定的学术会议或者技术会议上首次发表
(C)在中国政府主办或者承认的国际展览会上首次展出
(D)他人使用申请人未公开的类似技术方案";"【DeepSeek答案】D

⚠️ PDF答案缺失，此为AI预测答案


【题目】
根据我国《专利法》的规定，申请专利的发明创造在申请日以前六个月内，出现( )
的情况，会丧失新颖性。
(A)他人未经申请人同意而泄露其内容
(B)在规定的学术会议或者技术会议上首次发表
(C)在中国政府主办或者承认的国际展览会上首次展出
(D)他人使用申请人未公开的类似技术方案"
"【单选题】有可能无限期拥有的知识产权是( )。
(A)著作权
(B)专利权
(C)商标权
(D)集成电路图设计权";"【DeepSeek答案】C

⚠️ PDF答案缺失，此为AI预测答案


【题目】
有可能无限期拥有的知识产权是( )。
(A)著作权
(B)专利权
(C)商标权
(D)集成电路图设计权"
"【单选题】在进行数据采集时，( )工具可以处理非结构化数据。
(A)Python
(B)Excel
(C)Access
(D)Mysql";"【DeepSeek答案】A

⚠️ PDF答案缺失，此为AI预测答案


【题目】
在进行数据采集时，( )工具可以处理非结构化数据。
(A)Python
(B)Excel
(C)Access
(D)Mysql"
"【单选题】为了提高数据抓取效率，可以使用( )技术。
(A)多线程
(B)单线程
(C)模拟登录
(D)验证码识别";"【DeepSeek答案】A

⚠️ PDF答案缺失，此为AI预测答案


【题目】
为了提高数据抓取效率，可以使用( )技术。
(A)多线程
(B)单线程
(C)模拟登录
(D)验证码识别"
"【单选题】在数据采集流程中，使用( )可以帮助我们实现数据的持久化与高效检索。
(A)数据分析软件
(B)数据可视化工具
(C)网络爬虫
(D)数据存储与管理工具";"【DeepSeek答案】D

⚠️ PDF答案缺失，此为AI预测答案


【题目】
在数据采集流程中，使用( )可以帮助我们实现数据的持久化与高效检索。
(A)数据分析软件
(B)数据可视化工具
(C)网络爬虫
(D)数据存储与管理工具"
"【单选题】数据治理工具在人工智能培训中的作用，描述正确的是( )。
人工智能训练师（三级）理论知识复习题
(A)数据治理工具与人工智能培训无关
(B)数据治理工具主要用于数据删除
(C)数据治理工具帮助人工智能训练师获取和整理培训所需的高质量数据
(D)数据治理工具只用于数据可视化";"【DeepSeek答案】C

⚠️ PDF答案缺失，此为AI预测答案


【题目】
数据治理工具在人工智能培训中的作用，描述正确的是( )。
人工智能训练师（三级）理论知识复习题
(A)数据治理工具与人工智能培训无关
(B)数据治理工具主要用于数据删除
(C)数据治理工具帮助人工智能训练师获取和整理培训所需的高质量数据
(D)数据治理工具只用于数据可视化"
"【单选题】ETL工具的使用方法通常包括这些步骤：1. 设计ETL过程；2. 配置ETL工具；3. 执
行ETL过程；4. 监控和维护ETL过程。其中，( )是ETL工具使用方法的第一个步骤。
(A)设计ETL过程
(B)配置ETL工具
(C)执行ETL过程
(D)监控和维护ETL过程";"【DeepSeek答案】A

⚠️ PDF答案缺失，此为AI预测答案


【题目】
ETL工具的使用方法通常包括这些步骤：1. 设计ETL过程；2. 配置ETL工具；3. 执
行ETL过程；4. 监控和维护ETL过程。其中，( )是ETL工具使用方法的第一个步骤。
(A)设计ETL过程
(B)配置ETL工具
(C)执行ETL过程
(D)监控和维护ETL过程"
"【单选题】( )更适合处理大量非结构化数据。
(A)关系型数据库
(B)非关系型数据库
(C)分布式数据库
(D)内存数据库";"【DeepSeek答案】C

⚠️ PDF答案缺失，此为AI预测答案


【题目】
( )更适合处理大量非结构化数据。
(A)关系型数据库
(B)非关系型数据库
(C)分布式数据库
(D)内存数据库"
"【单选题】不属于云服务主要特点的是( )。
(A)弹性伸缩
(B)按需付费
(C)高可用性
(D)完全无限制";"【DeepSeek答案】D

⚠️ PDF答案缺失，此为AI预测答案


【题目】
不属于云服务主要特点的是( )。
(A)弹性伸缩
(B)按需付费
(C)高可用性
(D)完全无限制"
"【单选题】在进行CSV到XML数据格式转换时，可以使用( )工具或语言的库效率最高。
(A)Excel
(B)Notepad++
(C)Python的pandas库
(D)PowerPoint";"【DeepSeek答案】C

⚠️ PDF答案缺失，此为AI预测答案


【题目】
在进行CSV到XML数据格式转换时，可以使用( )工具或语言的库效率最高。
(A)Excel
(B)Notepad++
(C)Python的pandas库
(D)PowerPoint"
"【单选题】内存计算平台的设计初衷是为了解决( )。
(A)提高数据处理的效率
人工智能训练师（三级）理论知识复习题
(B)降低存储成本
(C)解决数据倾斜问题
(D)支持复杂的数据挖掘算法";"【DeepSeek答案】A

⚠️ PDF答案缺失，此为AI预测答案


【题目】
内存计算平台的设计初衷是为了解决( )。
(A)提高数据处理的效率
人工智能训练师（三级）理论知识复习题
(B)降低存储成本
(C)解决数据倾斜问题
(D)支持复杂的数据挖掘算法"
"【单选题】数据可视化工具的主要作用是( )。
(A)展示数据
(B)分析数据
(C)存储数据
(D)清洗数据";"【DeepSeek答案】A

⚠️ PDF答案缺失，此为AI预测答案


【题目】
数据可视化工具的主要作用是( )。
(A)展示数据
(B)分析数据
(C)存储数据
(D)清洗数据"
"【单选题】( )可能被人工智能训练师用于特征工程，以辅助数据的探索性分析。
(A)数据可视化工具
(B)文本编辑器
(C)数据库管理系统
(D)网络浏览器";"【DeepSeek答案】A

⚠️ PDF答案缺失，此为AI预测答案


【题目】
( )可能被人工智能训练师用于特征工程，以辅助数据的探索性分析。
(A)数据可视化工具
(B)文本编辑器
(C)数据库管理系统
(D)网络浏览器"
"【单选题】企业使用数据质量监控工具的主要目的是( )。
(A)提高数据处理的速度
(B)降低数据处理的难度
(C)确保数据的准确性和可靠性
(D)减少数据存储的需求";"【DeepSeek答案】C

⚠️ PDF答案缺失，此为AI预测答案


【题目】
企业使用数据质量监控工具的主要目的是( )。
(A)提高数据处理的速度
(B)降低数据处理的难度
(C)确保数据的准确性和可靠性
(D)减少数据存储的需求"
"【单选题】离线审核平台通常用于( )场景。
(A)处理大量历史数据
(B)处理实时数据
(C)处理小规模数据
(D)处理非结构化数据";"【DeepSeek答案】A

⚠️ PDF答案缺失，此为AI预测答案


【题目】
离线审核平台通常用于( )场景。
(A)处理大量历史数据
(B)处理实时数据
(C)处理小规模数据
(D)处理非结构化数据"
"【单选题】PowerBI支持( )操作系统。
(A)Windows
(B)macOS
(C)Linux
人工智能训练师（三级）理论知识复习题
(D)iOS";"【DeepSeek答案】A

⚠️ PDF答案缺失，此为AI预测答案


【题目】
PowerBI支持( )操作系统。
(A)Windows
(B)macOS
(C)Linux
人工智能训练师（三级）理论知识复习题
(D)iOS"
"【单选题】为人工智能训练师，( )工具最常用于业务流程管理与优化。
(A)TensorFlow
(B)OracleBPMSuite
(C)Docker
(D)Kubernetes";"【DeepSeek答案】B

⚠️ PDF答案缺失，此为AI预测答案


【题目】
为人工智能训练师，( )工具最常用于业务流程管理与优化。
(A)TensorFlow
(B)OracleBPMSuite
(C)Docker
(D)Kubernetes"
"【单选题】在进行网络数据采集时，我们应该优先选择( )方法来确保数据的全面性。
(A)爬虫
(B)访谈
(C)问卷调查
(D)观察法";"【DeepSeek答案】A

⚠️ PDF答案缺失，此为AI预测答案


【题目】
在进行网络数据采集时，我们应该优先选择( )方法来确保数据的全面性。
(A)爬虫
(B)访谈
(C)问卷调查
(D)观察法"
"【单选题】在评估数据源的质量时，( )指标不是关键因素。
(A)数据的准确性
(B)数据的多样性
(C)数据的时效性
(D)数据的可解释性";"【DeepSeek答案】D

⚠️ PDF答案缺失，此为AI预测答案


【题目】
在评估数据源的质量时，( )指标不是关键因素。
(A)数据的准确性
(B)数据的多样性
(C)数据的时效性
(D)数据的可解释性"
"【单选题】对于小型网站的数据抓取任务，( )技术可能更适合。
(A)网络爬虫
(B)SDK
(C)JavaScript渲染
(D)数据库查询";"【DeepSeek答案】A

⚠️ PDF答案缺失，此为AI预测答案


【题目】
对于小型网站的数据抓取任务，( )技术可能更适合。
(A)网络爬虫
(B)SDK
(C)JavaScript渲染
(D)数据库查询"
"【单选题】为了确保抓取的数据质量，( )方法是无效的。
(A)设置合理的抓取间隔
(B)使用更复杂的抓取规则
(C)避免抓取重复内容
(D)减少抓取深度";"【DeepSeek答案】B

⚠️ PDF答案缺失，此为AI预测答案


【题目】
为了确保抓取的数据质量，( )方法是无效的。
(A)设置合理的抓取间隔
(B)使用更复杂的抓取规则
(C)避免抓取重复内容
(D)减少抓取深度"
"【单选题】( )不是常见的数据库管理系统。
人工智能训练师（三级）理论知识复习题
(A)MySQL
(B)MongoDB
(C)Oracle
(D)Hadoop";"【DeepSeek答案】D

⚠️ PDF答案缺失，此为AI预测答案


【题目】
( )不是常见的数据库管理系统。
人工智能训练师（三级）理论知识复习题
(A)MySQL
(B)MongoDB
(C)Oracle
(D)Hadoop"
"【单选题】在数据清洗与预处理流程中，( )是第一步。
(A)数据收集
(B)数据整理
(C)数据转换
(D)数据分析";"【DeepSeek答案】A

⚠️ PDF答案缺失，此为AI预测答案


【题目】
在数据清洗与预处理流程中，( )是第一步。
(A)数据收集
(B)数据整理
(C)数据转换
(D)数据分析"
"【单选题】为了提高数据质量，数据转换过程中常用的方法不包括( )。
(A)数据去重
(B)数据规范化
(C)数据压缩
(D)数据标准化";"【DeepSeek答案】C

⚠️ PDF答案缺失，此为AI预测答案


【题目】
为了提高数据质量，数据转换过程中常用的方法不包括( )。
(A)数据去重
(B)数据规范化
(C)数据压缩
(D)数据标准化"
"【单选题】为了保护用户隐私，业务数据相关流程中应该采用( )技术来对数据进行脱敏处
理。
(A)数据掩码
(B)数据脱敏
(C)数据加密
(D)数据备份";"【DeepSeek答案】B

⚠️ PDF答案缺失，此为AI预测答案


【题目】
为了保护用户隐私，业务数据相关流程中应该采用( )技术来对数据进行脱敏处
理。
(A)数据掩码
(B)数据脱敏
(C)数据加密
(D)数据备份"
"【单选题】实时数据处理技术的主要原理是通过( )来对数据进行快速处理和分析。
(A)批处理
(B)串行计算
(C)分布式计算
(D)缓存技术";"【DeepSeek答案】C

⚠️ PDF答案缺失，此为AI预测答案


【题目】
实时数据处理技术的主要原理是通过( )来对数据进行快速处理和分析。
(A)批处理
(B)串行计算
(C)分布式计算
(D)缓存技术"
"【单选题】( )不是特征选择的主要方法。
(A)过滤法
人工智能训练师（三级）理论知识复习题
(B)包装法
(C)嵌入法
(D)降维法";"【DeepSeek答案】D

⚠️ PDF答案缺失，此为AI预测答案


【题目】
( )不是特征选择的主要方法。
(A)过滤法
人工智能训练师（三级）理论知识复习题
(B)包装法
(C)嵌入法
(D)降维法"
"【单选题】容器化技术在业务数据处理流程中的优势不包括( )。
(A)易于部署
(B)易于扩展
(C)易于监控
(D)易于迁移";"【DeepSeek答案】C

⚠️ PDF答案缺失，此为AI预测答案


【题目】
容器化技术在业务数据处理流程中的优势不包括( )。
(A)易于部署
(B)易于扩展
(C)易于监控
(D)易于迁移"
"【单选题】( )是一种通过邀请领域专家对数据进行评价来评估数据质量的方法。
(A)统计分析法
(B)逻辑检查法
(C)专家评估法
(D)抽样评估法";"【DeepSeek答案】C

⚠️ PDF答案缺失，此为AI预测答案


【题目】
( )是一种通过邀请领域专家对数据进行评价来评估数据质量的方法。
(A)统计分析法
(B)逻辑检查法
(C)专家评估法
(D)抽样评估法"
"【单选题】在数据校验和异常数据检测的方法中，( )方法不可以用于检测数据中的异常值。
(A)Z-score方法
(B)IQR方法
(C)DBSCAN方法
(D)K-means方法";"【DeepSeek答案】D

⚠️ PDF答案缺失，此为AI预测答案


【题目】
在数据校验和异常数据检测的方法中，( )方法不可以用于检测数据中的异常值。
(A)Z-score方法
(B)IQR方法
(C)DBSCAN方法
(D)K-means方法"
"【单选题】在设计高效业务流程时，( )措施最有助于减少不必要的延误。
(A)增加审批环节
(B)实施自动化工具
(C)简化决策流程
(D)扩大团队规模";"【DeepSeek答案】C

⚠️ PDF答案缺失，此为AI预测答案


【题目】
在设计高效业务流程时，( )措施最有助于减少不必要的延误。
(A)增加审批环节
(B)实施自动化工具
(C)简化决策流程
(D)扩大团队规模"
"【单选题】合规性检查的目的是确保组织的数据处理活动符合( )的要求。
(A)法律法规
(B)行业标准
(C)内部政策
人工智能训练师（三级）理论知识复习题
(D)客户期望";"【DeepSeek答案】A

⚠️ PDF答案缺失，此为AI预测答案


【题目】
合规性检查的目的是确保组织的数据处理活动符合( )的要求。
(A)法律法规
(B)行业标准
(C)内部政策
人工智能训练师（三级）理论知识复习题
(D)客户期望"
"【单选题】( )业务场景的数据产生特点是低频度、数据量小。
(A)企业的专利申请数据
(B)证券市场的股票交易数据
(C)网络游戏的玩家行为数据
(D)体育赛事的直播数据";"【DeepSeek答案】A

⚠️ PDF答案缺失，此为AI预测答案


【题目】
( )业务场景的数据产生特点是低频度、数据量小。
(A)企业的专利申请数据
(B)证券市场的股票交易数据
(C)网络游戏的玩家行为数据
(D)体育赛事的直播数据"
"【单选题】在人工智能业务的分类中，( )不是人工智能训练师常见的工作内容。
(A)监督学习项目的进展
(B)编写和调试机器学习算法代码
(C)制定和执行数据收集计划
(D)进行市场趋势分析";"【DeepSeek答案】D

⚠️ PDF答案缺失，此为AI预测答案


【题目】
在人工智能业务的分类中，( )不是人工智能训练师常见的工作内容。
(A)监督学习项目的进展
(B)编写和调试机器学习算法代码
(C)制定和执行数据收集计划
(D)进行市场趋势分析"
"【单选题】人工智能业务的功能之一是通过( )为用户提供个性化的服务体验。
(A)智能推荐系统
(B)自动化客服
(C)数据分析
(D)虚拟现实";"【DeepSeek答案】A

⚠️ PDF答案缺失，此为AI预测答案


【题目】
人工智能业务的功能之一是通过( )为用户提供个性化的服务体验。
(A)智能推荐系统
(B)自动化客服
(C)数据分析
(D)虚拟现实"
"【单选题】在推荐系统中，( )方法是基于用户过去的购买或评分历史来预测他们可能喜欢
的项目。
(A)基于内容的推荐
(B)协同过滤
(C)混合推荐
(D)基于知识的推荐";"【DeepSeek答案】B

⚠️ PDF答案缺失，此为AI预测答案


【题目】
在推荐系统中，( )方法是基于用户过去的购买或评分历史来预测他们可能喜欢
的项目。
(A)基于内容的推荐
(B)协同过滤
(C)混合推荐
(D)基于知识的推荐"
"【单选题】在智能搜索功能模块中，( )技术可以用来构建和维护一个庞大的实体关系网络。
(A)知识图谱
(B)搜索引擎优化
(C)个性化推荐
(D)数据挖掘
人工智能训练师（三级）理论知识复习题";"【DeepSeek答案】A

⚠️ PDF答案缺失，此为AI预测答案


【题目】
在智能搜索功能模块中，( )技术可以用来构建和维护一个庞大的实体关系网络。
(A)知识图谱
(B)搜索引擎优化
(C)个性化推荐
(D)数据挖掘
人工智能训练师（三级）理论知识复习题"
"【单选题】智能交互功能模块的优势在于( )。
(A)提高用户体验
(B)降低人工成本
(C)增强系统稳定性
(D)拓展应用领域";"【DeepSeek答案】A

⚠️ PDF答案缺失，此为AI预测答案


【题目】
智能交互功能模块的优势在于( )。
(A)提高用户体验
(B)降低人工成本
(C)增强系统稳定性
(D)拓展应用领域"
"【单选题】自动数据处理功能模块在( )环节可以提高数据处理速度。
(A)数据收集
(B)数据清洗
(C)数据分析
(D)数据可视化";"【DeepSeek答案】C

⚠️ PDF答案缺失，此为AI预测答案


【题目】
自动数据处理功能模块在( )环节可以提高数据处理速度。
(A)数据收集
(B)数据清洗
(C)数据分析
(D)数据可视化"
"【单选题】( )方法常用于解决离散优化问题。
(A)梯度下降法
(B)遗传算法
(C)拉格朗日乘数法
(D)牛顿法";"【DeepSeek答案】B

⚠️ PDF答案缺失，此为AI预测答案


【题目】
( )方法常用于解决离散优化问题。
(A)梯度下降法
(B)遗传算法
(C)拉格朗日乘数法
(D)牛顿法"
"【单选题】智能控制功能模块的原理主要包括( )。
(A)人工智能技术
(B)自动控制理论
(C)传感器技术
(D)通信技术";"【DeepSeek答案】A

⚠️ PDF答案缺失，此为AI预测答案


【题目】
智能控制功能模块的原理主要包括( )。
(A)人工智能技术
(B)自动控制理论
(C)传感器技术
(D)通信技术"
"【单选题】自然语言处理中的( )任务通常涉及对文本进行分析，以确定其是积极的、消极
的还是中性的。
(A)命名实体识别
(B)词性标注
(C)情感分析
(D)句法分析";"【DeepSeek答案】C

⚠️ PDF答案缺失，此为AI预测答案


【题目】
自然语言处理中的( )任务通常涉及对文本进行分析，以确定其是积极的、消极
的还是中性的。
(A)命名实体识别
(B)词性标注
(C)情感分析
(D)句法分析"
"【单选题】生物特征识别功能模块的主要应用场景包括( )。
人工智能训练师（三级）理论知识复习题
(A)金融安全
(B)网络安全
(C)医疗诊断
(D)智能家居";"【DeepSeek答案】A

⚠️ PDF答案缺失，此为AI预测答案


【题目】
生物特征识别功能模块的主要应用场景包括( )。
人工智能训练师（三级）理论知识复习题
(A)金融安全
(B)网络安全
(C)医疗诊断
(D)智能家居"
"【单选题】计算机视觉通过模拟人类视觉系统来处理和分析图像，( )不是其主要功能。
(A)图像增强
(B)图像恢复
(C)图像压缩
(D)图像分类";"【DeepSeek答案】C

⚠️ PDF答案缺失，此为AI预测答案


【题目】
计算机视觉通过模拟人类视觉系统来处理和分析图像，( )不是其主要功能。
(A)图像增强
(B)图像恢复
(C)图像压缩
(D)图像分类"
"【单选题】计算智能的核心技术是( )。
(A)机器学习
(B)深度学习
(C)进化计算
(D)模糊逻辑";"【DeepSeek答案】A

⚠️ PDF答案缺失，此为AI预测答案


【题目】
计算智能的核心技术是( )。
(A)机器学习
(B)深度学习
(C)进化计算
(D)模糊逻辑"
"【单选题】在知识发现的流程中，( )不是由人工智能训练师执行的。
(A)数据分类
(B)模式识别
(C)模型调优
(D)模型开发";"【DeepSeek答案】D

⚠️ PDF答案缺失，此为AI预测答案


【题目】
在知识发现的流程中，( )不是由人工智能训练师执行的。
(A)数据分类
(B)模式识别
(C)模型调优
(D)模型开发"
"【单选题】在数据挖掘方法中，( )技术不是分类算法。
(A)K-最近邻
(B)支持向量机
(C)随机森林
(D)关联规则";"【DeepSeek答案】D

⚠️ PDF答案缺失，此为AI预测答案


【题目】
在数据挖掘方法中，( )技术不是分类算法。
(A)K-最近邻
(B)支持向量机
(C)随机森林
(D)关联规则"
"【单选题】业务模块构建方法强调的是( )。
(A)快速开发
(B)高质量代码
人工智能训练师（三级）理论知识复习题
(C)灵活性和可扩展性
(D)降低维护成本";"【DeepSeek答案】C

⚠️ PDF答案缺失，此为AI预测答案


【题目】
业务模块构建方法强调的是( )。
(A)快速开发
(B)高质量代码
人工智能训练师（三级）理论知识复习题
(C)灵活性和可扩展性
(D)降低维护成本"
"【单选题】在业务流程优化过程中，( )策略可以提高企业的响应速度。
(A)消除非增值活动
(B)增加流程
(C)整合相关活动
(D)自动化处理";"【DeepSeek答案】D

⚠️ PDF答案缺失，此为AI预测答案


【题目】
在业务流程优化过程中，( )策略可以提高企业的响应速度。
(A)消除非增值活动
(B)增加流程
(C)整合相关活动
(D)自动化处理"
"【单选题】为了确保数据收集的准确性，通常需要对数据进行( )。
(A)清洗
(B)验证
(C)转换
(D)整合";"【DeepSeek答案】B

⚠️ PDF答案缺失，此为AI预测答案


【题目】
为了确保数据收集的准确性，通常需要对数据进行( )。
(A)清洗
(B)验证
(C)转换
(D)整合"
"【单选题】业务流程的展现形式与技术通常使用( )来绘制。
(A)流程图软件
(B)数据库管理系统
(C)电子表格软件
(D)文字处理软件";"【DeepSeek答案】A

⚠️ PDF答案缺失，此为AI预测答案


【题目】
业务流程的展现形式与技术通常使用( )来绘制。
(A)流程图软件
(B)数据库管理系统
(C)电子表格软件
(D)文字处理软件"
"【单选题】在了解业务流程现状时，( )是非常重要的信息来源。
(A)企业战略规划文件
(B)员工访谈记录
(C)客户反馈信息
(D)市场调查报告";"【DeepSeek答案】B

⚠️ PDF答案缺失，此为AI预测答案


【题目】
在了解业务流程现状时，( )是非常重要的信息来源。
(A)企业战略规划文件
(B)员工访谈记录
(C)客户反馈信息
(D)市场调查报告"
"【单选题】为了确保简单业务流程优化的效果，企业应该采取( )方法来评估流程改进的成
果。
(A)对比分析
(B)问卷调查
(C)流程模拟
人工智能训练师（三级）理论知识复习题
(D)成本效益分析";"【DeepSeek答案】A

⚠️ PDF答案缺失，此为AI预测答案


【题目】
为了确保简单业务流程优化的效果，企业应该采取( )方法来评估流程改进的成
果。
(A)对比分析
(B)问卷调查
(C)流程模拟
人工智能训练师（三级）理论知识复习题
(D)成本效益分析"
"【单选题】在评价业务流程优化效果时，( )是一个重要的指标。
(A)生产效率
(B)员工满意度
(C)产品质量
(D)销售额";"【DeepSeek答案】A

⚠️ PDF答案缺失，此为AI预测答案


【题目】
在评价业务流程优化效果时，( )是一个重要的指标。
(A)生产效率
(B)员工满意度
(C)产品质量
(D)销售额"
"【单选题】在综合业务流程分析中，常用的工具不包括( )。
(A)流程图
(B)鱼骨图
(C)SWOT分析
(D)甘特图";"【DeepSeek答案】C

⚠️ PDF答案缺失，此为AI预测答案


【题目】
在综合业务流程分析中，常用的工具不包括( )。
(A)流程图
(B)鱼骨图
(C)SWOT分析
(D)甘特图"
"【单选题】在进行复杂业务系统的改进时，首先应该进行的是( )。
(A)分析现有系统的优点和缺点
(B)确定改进的目标和范围
(C)设计新的业务流程
(D)制定详细的实施计划";"【DeepSeek答案】B

⚠️ PDF答案缺失，此为AI预测答案


【题目】
在进行复杂业务系统的改进时，首先应该进行的是( )。
(A)分析现有系统的优点和缺点
(B)确定改进的目标和范围
(C)设计新的业务流程
(D)制定详细的实施计划"
"【单选题】综合业务流程优化方法的目标是( )。
(A)提高效率
(B)降低成本
(C)提升质量
(D)增强竞争力";"【DeepSeek答案】A

⚠️ PDF答案缺失，此为AI预测答案


【题目】
综合业务流程优化方法的目标是( )。
(A)提高效率
(B)降低成本
(C)提升质量
(D)增强竞争力"
"【单选题】产生式系统通常用于( )领域的知识表示。
(A)自然语言处理
(B)专家系统
(C)图像识别
(D)语音识别";"【DeepSeek答案】B

⚠️ PDF答案缺失，此为AI预测答案


【题目】
产生式系统通常用于( )领域的知识表示。
(A)自然语言处理
(B)专家系统
(C)图像识别
(D)语音识别"
"【单选题】知识图谱中的实体和关系的表示方法通常是( )。
人工智能训练师（三级）理论知识复习题
(A)使用XML格式来编码实体和它们之间的关系
(B)实体和关系被表示为图中的节点和边，其中实体是节点，关系是连接节点的边
(C)实体和关系通过数据库表中的行和列来表示
(D)实体和关系通过神经网络中的权重和激活函数来表示";"【DeepSeek答案】B

⚠️ PDF答案缺失，此为AI预测答案


【题目】
知识图谱中的实体和关系的表示方法通常是( )。
人工智能训练师（三级）理论知识复习题
(A)使用XML格式来编码实体和它们之间的关系
(B)实体和关系被表示为图中的节点和边，其中实体是节点，关系是连接节点的边
(C)实体和关系通过数据库表中的行和列来表示
(D)实体和关系通过神经网络中的权重和激活函数来表示"
"【单选题】数据处理工具的主要功能是( )。
(A)对数据进行清洗和预处理
(B)进行复杂的数据分析
(C)将数据以图表等形式展示出来
(D)从各种来源获取数据";"【DeepSeek答案】A

⚠️ PDF答案缺失，此为AI预测答案


【题目】
数据处理工具的主要功能是( )。
(A)对数据进行清洗和预处理
(B)进行复杂的数据分析
(C)将数据以图表等形式展示出来
(D)从各种来源获取数据"
"【单选题】在业务数据分析方法中，( )是一种结构化的数据分析方法，用于深入挖掘数据
背后的原因和影响。
(A)时间序列分析法
(B)决策树分析法
(C)神经网络分析法
(D)因果分析法";"【DeepSeek答案】D

⚠️ PDF答案缺失，此为AI预测答案


【题目】
在业务数据分析方法中，( )是一种结构化的数据分析方法，用于深入挖掘数据
背后的原因和影响。
(A)时间序列分析法
(B)决策树分析法
(C)神经网络分析法
(D)因果分析法"
"【单选题】在业务数据分析方法中，( )步骤涉及到对数据进行深入的探讨和理解。
(A)收集数据
(B)清洗数据
(C)分析数据
(D)得出结论";"【DeepSeek答案】C

⚠️ PDF答案缺失，此为AI预测答案


【题目】
在业务数据分析方法中，( )步骤涉及到对数据进行深入的探讨和理解。
(A)收集数据
(B)清洗数据
(C)分析数据
(D)得出结论"
"【单选题】机器学习中的监督学习是( )。
(A)通过已知数据进行模型训练，以预测新数据的类别或值
(B)通过已知数据进行模型训练，以预测新数据的特征
(C)通过已知数据进行模型训练，以预测新数据的分布
(D)通过已知数据进行模型训练，以预测新数据的关联性";"【DeepSeek答案】A

⚠️ PDF答案缺失，此为AI预测答案


【题目】
机器学习中的监督学习是( )。
(A)通过已知数据进行模型训练，以预测新数据的类别或值
(B)通过已知数据进行模型训练，以预测新数据的特征
(C)通过已知数据进行模型训练，以预测新数据的分布
(D)通过已知数据进行模型训练，以预测新数据的关联性"
"【单选题】卷积神经网络CNN的核心组件包括卷积层、池化层和全连接层，其中( )层用
于提取图像特征。
人工智能训练师（三级）理论知识复习题
(A)卷积层
(B)池化层
(C)全连接层
(D)激活层";"【DeepSeek答案】A

⚠️ PDF答案缺失，此为AI预测答案


【题目】
卷积神经网络CNN的核心组件包括卷积层、池化层和全连接层，其中( )层用
于提取图像特征。
人工智能训练师（三级）理论知识复习题
(A)卷积层
(B)池化层
(C)全连接层
(D)激活层"
"【单选题】在智能训练中，特征提取的主要方法之一是( )。
(A)决策树
(B)贝叶斯分类器
(C)K-均值聚类
(D)主成分分析";"【DeepSeek答案】D

⚠️ PDF答案缺失，此为AI预测答案


【题目】
在智能训练中，特征提取的主要方法之一是( )。
(A)决策树
(B)贝叶斯分类器
(C)K-均值聚类
(D)主成分分析"
"【单选题】在模型训练时，( )策略可以帮助模型更快地收敛到最优解。
(A)学习率调整
(B)动量减速
(C)梯度裁剪
(D)早停法";"【DeepSeek答案】A

⚠️ PDF答案缺失，此为AI预测答案


【题目】
在模型训练时，( )策略可以帮助模型更快地收敛到最优解。
(A)学习率调整
(B)动量减速
(C)梯度裁剪
(D)早停法"
"【单选题】在特征选择方法中，过滤法通常基于( )准则来选择特征。
(A)信息增益
(B)相关性系数
(C)方差阈值
(D)互信息";"【DeepSeek答案】A

⚠️ PDF答案缺失，此为AI预测答案


【题目】
在特征选择方法中，过滤法通常基于( )准则来选择特征。
(A)信息增益
(B)相关性系数
(C)方差阈值
(D)互信息"
"【单选题】在数据增强方法中，( )是一种常见的图像变换技术，它可以改变图像的大小和
形状。
(A)裁剪
(B)缩放
(C)旋转
(D)平移";"【DeepSeek答案】B

⚠️ PDF答案缺失，此为AI预测答案


【题目】
在数据增强方法中，( )是一种常见的图像变换技术，它可以改变图像的大小和
形状。
(A)裁剪
(B)缩放
(C)旋转
(D)平移"
"【单选题】在数据分片中，( )是用来决定如何将数据分割到各个分片的。
(A)主键
人工智能训练师（三级）理论知识复习题
(B)外键
(C)分区键
(D)唯一键";"【DeepSeek答案】C

⚠️ PDF答案缺失，此为AI预测答案


【题目】
在数据分片中，( )是用来决定如何将数据分割到各个分片的。
(A)主键
人工智能训练师（三级）理论知识复习题
(B)外键
(C)分区键
(D)唯一键"
"【单选题】自动标注方法是指利用( )技术对数据进行自动标注。
(A)计算机程序
(B)机器学习算法
(C)数据挖掘技术
(D)自动化";"【DeepSeek答案】B

⚠️ PDF答案缺失，此为AI预测答案


【题目】
自动标注方法是指利用( )技术对数据进行自动标注。
(A)计算机程序
(B)机器学习算法
(C)数据挖掘技术
(D)自动化"
"【单选题】在模型评估中，召回率Recall的计算方法是：( )。
(A)真正例数 / 真正例数 + 真正例数 / 假负例数
(B)假正例数 / 真正例数 + 假正例数 / 假负例数
(C)正确预测的样本数 / 总样本数
(D)错误预测的样本数 / 总样本数";"【DeepSeek答案】A

⚠️ PDF答案缺失，此为AI预测答案


【题目】
在模型评估中，召回率Recall的计算方法是：( )。
(A)真正例数 / 真正例数 + 真正例数 / 假负例数
(B)假正例数 / 真正例数 + 假正例数 / 假负例数
(C)正确预测的样本数 / 总样本数
(D)错误预测的样本数 / 总样本数"
"【单选题】在评估分类模型的准确性时，通常使用( )指标。
(A)均方误差
(B)准确率
(C)均方根误差
(D)对数损失";"【DeepSeek答案】B

⚠️ PDF答案缺失，此为AI预测答案


【题目】
在评估分类模型的准确性时，通常使用( )指标。
(A)均方误差
(B)准确率
(C)均方根误差
(D)对数损失"
"【单选题】如果需要快速原型设计和实验，( )机器学习库更适合。
(A)TensorFlow
(B)PyTorch
(C)Scikit-learn
(D)Keras";"【DeepSeek答案】B

⚠️ PDF答案缺失，此为AI预测答案


【题目】
如果需要快速原型设计和实验，( )机器学习库更适合。
(A)TensorFlow
(B)PyTorch
(C)Scikit-learn
(D)Keras"
"【单选题】NumPy库在数据处理中的优势在于其高效的( )。
(A)数组计算
(B)字符串处理
(C)图形绘制
人工智能训练师（三级）理论知识复习题
(D)数据库连接";"【DeepSeek答案】A

⚠️ PDF答案缺失，此为AI预测答案


【题目】
NumPy库在数据处理中的优势在于其高效的( )。
(A)数组计算
(B)字符串处理
(C)图形绘制
人工智能训练师（三级）理论知识复习题
(D)数据库连接"
"【单选题】在确定数据收集方法时，应该考虑数据的类型和来源，( )方法适用于收集结构
化数据。
(A)问卷调查
(B)访谈
(C)观察法
(D)实验法";"【DeepSeek答案】A

⚠️ PDF答案缺失，此为AI预测答案


【题目】
在确定数据收集方法时，应该考虑数据的类型和来源，( )方法适用于收集结构
化数据。
(A)问卷调查
(B)访谈
(C)观察法
(D)实验法"
"【单选题】在自动化标注中，为了提高标注的准确性，系统可能会利用( )机制来不断优化
其标注能力。
(A)随机猜测
(B)专家系统
(C)机器学习
(D)手动校验";"【DeepSeek答案】C

⚠️ PDF答案缺失，此为AI预测答案


【题目】
在自动化标注中，为了提高标注的准确性，系统可能会利用( )机制来不断优化
其标注能力。
(A)随机猜测
(B)专家系统
(C)机器学习
(D)手动校验"
"【单选题】( )工具库主要用于数据的加载和预处理。
(A)NumPy
(B)Pandas
(C)Matplotlib
(D)Scikit-learn";"【DeepSeek答案】B

⚠️ PDF答案缺失，此为AI预测答案


【题目】
( )工具库主要用于数据的加载和预处理。
(A)NumPy
(B)Pandas
(C)Matplotlib
(D)Scikit-learn"
"【单选题】在深度学习中，用来防止过拟合的方法是( )。
(A)仅使用一层隐藏层
(B)增加模型的复杂度
(C)应用早停技术
(D)减少训练数据量";"【DeepSeek答案】C

⚠️ PDF答案缺失，此为AI预测答案


【题目】
在深度学习中，用来防止过拟合的方法是( )。
(A)仅使用一层隐藏层
(B)增加模型的复杂度
(C)应用早停技术
(D)减少训练数据量"
"【单选题】在机器学习中，交叉验证的主要目的是( )。
(A)提高模型的训练速度
(B)减少模型的复杂性
(C)增加模型的预测准确性
人工智能训练师（三级）理论知识复习题
(D)评估模型的泛化能力";"【DeepSeek答案】D

⚠️ PDF答案缺失，此为AI预测答案


【题目】
在机器学习中，交叉验证的主要目的是( )。
(A)提高模型的训练速度
(B)减少模型的复杂性
(C)增加模型的预测准确性
人工智能训练师（三级）理论知识复习题
(D)评估模型的泛化能力"
"【单选题】在模型训练自动化工具中，( )是指通过自动化的方式对模型进行迭代优化，以
提高模型的性能。
(A)模型评估
(B)模型训练
(C)特征工程
(D)数据清洗";"【DeepSeek答案】B

⚠️ PDF答案缺失，此为AI预测答案


【题目】
在模型训练自动化工具中，( )是指通过自动化的方式对模型进行迭代优化，以
提高模型的性能。
(A)模型评估
(B)模型训练
(C)特征工程
(D)数据清洗"
"【单选题】在系统监控中，( )工具主要用于实时收集和分析日志数据。
(A)ApacheHadoop
(B)ELKStack
(C)TensorFlow
(D)PyTorch";"【DeepSeek答案】B

⚠️ PDF答案缺失，此为AI预测答案


【题目】
在系统监控中，( )工具主要用于实时收集和分析日志数据。
(A)ApacheHadoop
(B)ELKStack
(C)TensorFlow
(D)PyTorch"
"【单选题】生成对抗网络中的生成器通常使用( )类型的神经网络结构。
(A)卷积神经网络
(B)循环神经网络
(C)自编码器
(D)生成对抗网络";"【DeepSeek答案】A

⚠️ PDF答案缺失，此为AI预测答案


【题目】
生成对抗网络中的生成器通常使用( )类型的神经网络结构。
(A)卷积神经网络
(B)循环神经网络
(C)自编码器
(D)生成对抗网络"
"【单选题】在智能训练数据处理中，人工智能训练师使用Python或R的主要原因是( )。
(A)这些语言提供了丰富的库和框架，专门用于数据处理和机器学习。
(B)这些语言不需要编程知识，任何人都可以轻松使用。
(C)这些语言是唯一可以进行数据处理和机器学习的语言。
(D)这些语言的处理速度是最快的，超过了其他所有编程语言。";"【DeepSeek答案】A

⚠️ PDF答案缺失，此为AI预测答案


【题目】
在智能训练数据处理中，人工智能训练师使用Python或R的主要原因是( )。
(A)这些语言提供了丰富的库和框架，专门用于数据处理和机器学习。
(B)这些语言不需要编程知识，任何人都可以轻松使用。
(C)这些语言是唯一可以进行数据处理和机器学习的语言。
(D)这些语言的处理速度是最快的，超过了其他所有编程语言。"
"【单选题】( )不是模型部署工具的使用方法。
(A)选择合适的部署环境
(B)将模型文件上传到部署环境中
(C)编写测试代码来验证模型的准确性
(D)对模型进行微调以提高性能
人工智能训练师（三级）理论知识复习题";"【DeepSeek答案】D

⚠️ PDF答案缺失，此为AI预测答案


【题目】
( )不是模型部署工具的使用方法。
(A)选择合适的部署环境
(B)将模型文件上传到部署环境中
(C)编写测试代码来验证模型的准确性
(D)对模型进行微调以提高性能
人工智能训练师（三级）理论知识复习题"
"【单选题】数据探索分析的结果通常用于支持( )决策。
(A)业务策略制定
(B)产品研发
(C)市场推广
(D)客户关系管理";"【DeepSeek答案】A

⚠️ PDF答案缺失，此为AI预测答案


【题目】
数据探索分析的结果通常用于支持( )决策。
(A)业务策略制定
(B)产品研发
(C)市场推广
(D)客户关系管理"
"【单选题】在进行数据探索分析时，( )可以帮助我们更好地理解数据的结构和特点。
(A)数据可视化
(B)统计分析
(C)数据挖掘
(D)机器学习";"【DeepSeek答案】A

⚠️ PDF答案缺失，此为AI预测答案


【题目】
在进行数据探索分析时，( )可以帮助我们更好地理解数据的结构和特点。
(A)数据可视化
(B)统计分析
(C)数据挖掘
(D)机器学习"
"【单选题】在缺失数据处理中，( )方法适用于存在大量相似观测值的情况。
(A)删除法
(B)填充法
(C)插值法
(D)替换法";"【DeepSeek答案】B

⚠️ PDF答案缺失，此为AI预测答案


【题目】
在缺失数据处理中，( )方法适用于存在大量相似观测值的情况。
(A)删除法
(B)填充法
(C)插值法
(D)替换法"
"【单选题】对于分类数据，( )方法可以用来处理缺失值。
(A)使用删除法
(B)使用均值填充缺失值
(C)使用中位数填充缺失值
(D)使用众数填充缺失值";"【DeepSeek答案】D

⚠️ PDF答案缺失，此为AI预测答案


【题目】
对于分类数据，( )方法可以用来处理缺失值。
(A)使用删除法
(B)使用均值填充缺失值
(C)使用中位数填充缺失值
(D)使用众数填充缺失值"
"【单选题】箱线图法在异常值检测中的作用是( )。
(A)确定数据的分布范围
(B)识别数据中的异常值
(C)评估数据的离散程度
(D)判断数据的集中趋势";"【DeepSeek答案】B

⚠️ PDF答案缺失，此为AI预测答案


【题目】
箱线图法在异常值检测中的作用是( )。
(A)确定数据的分布范围
(B)识别数据中的异常值
(C)评估数据的离散程度
(D)判断数据的集中趋势"
"【单选题】Z-score方法是一种基于( )的异常值检测方法。
(A)最大值
人工智能训练师（三级）理论知识复习题
(B)中位数
(C)众数
(D)标准差";"【DeepSeek答案】D

⚠️ PDF答案缺失，此为AI预测答案


【题目】
Z-score方法是一种基于( )的异常值检测方法。
(A)最大值
人工智能训练师（三级）理论知识复习题
(B)中位数
(C)众数
(D)标准差"
"【单选题】在噪声数据处理中，( )主要用于消除信号中的平稳随机噪声。
(A)滤波法
(B)变换法
(C)统计法
(D)模型法";"【DeepSeek答案】A

⚠️ PDF答案缺失，此为AI预测答案


【题目】
在噪声数据处理中，( )主要用于消除信号中的平稳随机噪声。
(A)滤波法
(B)变换法
(C)统计法
(D)模型法"
"【单选题】位图法在数据去重中的应用主要是通过( )。
(A)比较每个数据与已有数据的相似度
(B)记录每个数据是否出现过
(C)对数据进行排序
(D)对数据进行压缩";"【DeepSeek答案】B

⚠️ PDF答案缺失，此为AI预测答案


【题目】
位图法在数据去重中的应用主要是通过( )。
(A)比较每个数据与已有数据的相似度
(B)记录每个数据是否出现过
(C)对数据进行排序
(D)对数据进行压缩"
"【单选题】数据归一化处理的定义是( )。
(A)将数据集中的所有值转换为相同的格式。
(B)将数据集中的所有值缩放到一个特定的小范围，通常是0到1之间。
(C)将数据集中的所有值增加到最大可能的值。
(D)将数据集中的所有值减少到最小可能的值。";"【DeepSeek答案】B

⚠️ PDF答案缺失，此为AI预测答案


【题目】
数据归一化处理的定义是( )。
(A)将数据集中的所有值转换为相同的格式。
(B)将数据集中的所有值缩放到一个特定的小范围，通常是0到1之间。
(C)将数据集中的所有值增加到最大可能的值。
(D)将数据集中的所有值减少到最小可能的值。"
"【单选题】数据白化处理的主要目的是( )。
(A)提高数据的准确性
(B)减少数据的冗余
(C)增强数据的可读性
(D)保护数据的隐私";"【DeepSeek答案】B

⚠️ PDF答案缺失，此为AI预测答案


【题目】
数据白化处理的主要目的是( )。
(A)提高数据的准确性
(B)减少数据的冗余
(C)增强数据的可读性
(D)保护数据的隐私"
"【单选题】在进行特征工程时，通常需要对数据进行( )，以便更好地进行模型训练。
(A)数据清洗
(B)数据集成
(C)数据变换
人工智能训练师（三级）理论知识复习题
(D)数据划分";"【DeepSeek答案】A

⚠️ PDF答案缺失，此为AI预测答案


【题目】
在进行特征工程时，通常需要对数据进行( )，以便更好地进行模型训练。
(A)数据清洗
(B)数据集成
(C)数据变换
人工智能训练师（三级）理论知识复习题
(D)数据划分"
"【单选题】在选择数据标注工具时，应该权衡( )。
(A)准确性、易用性、成本
(B)准确性、易用性、速度
(C)准确性、成本、速度
(D)易用性、成本、速度";"【DeepSeek答案】A

⚠️ PDF答案缺失，此为AI预测答案


【题目】
在选择数据标注工具时，应该权衡( )。
(A)准确性、易用性、成本
(B)准确性、易用性、速度
(C)准确性、成本、速度
(D)易用性、成本、速度"
"【单选题】数据标注技术的目的是( )。
(A)提高数据质量
(B)降低数据成本
(C)优化数据结构
(D)简化数据处理流程";"【DeepSeek答案】A

⚠️ PDF答案缺失，此为AI预测答案


【题目】
数据标注技术的目的是( )。
(A)提高数据质量
(B)降低数据成本
(C)优化数据结构
(D)简化数据处理流程"
"【单选题】为了确保模型具有较好的泛化能力，通常建议将数据集划分为( )的比例。
(A)40%训练集，30%验证集，30%测试集
(B)80%训练集，10%验证集，10%测试集
(C)40%训练集，40%验证集，20%测试集
(D)30%训练集，50%验证集，20%测试集";"【DeepSeek答案】B

⚠️ PDF答案缺失，此为AI预测答案


【题目】
为了确保模型具有较好的泛化能力，通常建议将数据集划分为( )的比例。
(A)40%训练集，30%验证集，30%测试集
(B)80%训练集，10%验证集，10%测试集
(C)40%训练集，40%验证集，20%测试集
(D)30%训练集，50%验证集，20%测试集"
"【单选题】自动化标注能够显著降低( )成本。
(A)数据收集
(B)数据存储
(C)数据标注
(D)数据传输";"【DeepSeek答案】C

⚠️ PDF答案缺失，此为AI预测答案


【题目】
自动化标注能够显著降低( )成本。
(A)数据收集
(B)数据存储
(C)数据标注
(D)数据传输"
"【单选题】分布式数据处理的优势之一是能够利用多个计算节点的计算能力，从而实现任务
的快速响应和高效处理。这种优势主要得益于( )。
(A)负载均衡技术
(B)数据压缩技术
(C)数据缓存技术
(D)数据加密技术
人工智能训练师（三级）理论知识复习题";"【DeepSeek答案】A

⚠️ PDF答案缺失，此为AI预测答案


【题目】
分布式数据处理的优势之一是能够利用多个计算节点的计算能力，从而实现任务
的快速响应和高效处理。这种优势主要得益于( )。
(A)负载均衡技术
(B)数据压缩技术
(C)数据缓存技术
(D)数据加密技术
人工智能训练师（三级）理论知识复习题"
"【单选题】为了确保数据可追溯性，组织应该建立一套完整的数据管理流程，包括数据的
( )、存储、传输和销毁等环节。
(A)创建
(B)收集
(C)分析
(D)应用";"【DeepSeek答案】B

⚠️ PDF答案缺失，此为AI预测答案


【题目】
为了确保数据可追溯性，组织应该建立一套完整的数据管理流程，包括数据的
( )、存储、传输和销毁等环节。
(A)创建
(B)收集
(C)分析
(D)应用"
"【单选题】在数据管理中，数据可追溯性的主要目的是( )。
(A)提高数据处理速度
(B)减少数据存储成本
(C)确保数据来源和修改历史的透明度
(D)增加数据的复杂性";"【DeepSeek答案】C

⚠️ PDF答案缺失，此为AI预测答案


【题目】
在数据管理中，数据可追溯性的主要目的是( )。
(A)提高数据处理速度
(B)减少数据存储成本
(C)确保数据来源和修改历史的透明度
(D)增加数据的复杂性"
"【单选题】在Excel中进行数据清洗时，( )操作是用于识别重复数据的最佳实践。
(A)使用“条件格式”高亮显示重复值
(B)手动检查每一行数据寻找重复项
(C)使用排序查找重复值
(D)将数据转换为文本格式以便更容易识别重复";"【DeepSeek答案】A

⚠️ PDF答案缺失，此为AI预测答案


【题目】
在Excel中进行数据清洗时，( )操作是用于识别重复数据的最佳实践。
(A)使用“条件格式”高亮显示重复值
(B)手动检查每一行数据寻找重复项
(C)使用排序查找重复值
(D)将数据转换为文本格式以便更容易识别重复"
"【单选题】( )是一种常用的图像读取方法，可以从文件中提取像素数据。
(A)图像编码
(B)图像解码
(C)图像压缩
(D)图像解压缩";"【DeepSeek答案】B

⚠️ PDF答案缺失，此为AI预测答案


【题目】
( )是一种常用的图像读取方法，可以从文件中提取像素数据。
(A)图像编码
(B)图像解码
(C)图像压缩
(D)图像解压缩"
"【单选题】在文本类数据标注过程步骤中，( )是不需要的。
(A)对数据进行分词
(B)构建词典
(C)进行情感分析
(D)标记实体";"【DeepSeek答案】C

⚠️ PDF答案缺失，此为AI预测答案


【题目】
在文本类数据标注过程步骤中，( )是不需要的。
(A)对数据进行分词
(B)构建词典
(C)进行情感分析
(D)标记实体"
"【单选题】在处理视觉类数据时，人工智能训练师制定规范的目的是( )。
人工智能训练师（三级）理论知识复习题
(A)增加数据集的多样性
(B)保证训练模型时的数据处理一致性和数据质量
(C)减少数据存储的空间需求
(D)加快数据处理的速度";"【DeepSeek答案】B

⚠️ PDF答案缺失，此为AI预测答案


【题目】
在处理视觉类数据时，人工智能训练师制定规范的目的是( )。
人工智能训练师（三级）理论知识复习题
(A)增加数据集的多样性
(B)保证训练模型时的数据处理一致性和数据质量
(C)减少数据存储的空间需求
(D)加快数据处理的速度"
"【单选题】在算法训练过程中，选择合适的模型对于提高模型性能至关重要。( )步骤不属
于模型选择过程。
(A)了解不同模型的优缺点
(B)根据任务需求选择合适的模型
(C)对模型进行调参优化
(D)对模型进行评估和比较";"【DeepSeek答案】C

⚠️ PDF答案缺失，此为AI预测答案


【题目】
在算法训练过程中，选择合适的模型对于提高模型性能至关重要。( )步骤不属
于模型选择过程。
(A)了解不同模型的优缺点
(B)根据任务需求选择合适的模型
(C)对模型进行调参优化
(D)对模型进行评估和比较"
"【单选题】在数据集划分时，如果目标是提高模型的准确性，应采用( )划分方法。
(A)随机划分
(B)按比例划分
(C)分层划分
(D)交叉验证";"【DeepSeek答案】D

⚠️ PDF答案缺失，此为AI预测答案


【题目】
在数据集划分时，如果目标是提高模型的准确性，应采用( )划分方法。
(A)随机划分
(B)按比例划分
(C)分层划分
(D)交叉验证"
"【单选题】在进行文本数据预处理时，( )步骤通常用于将文本转换为数值型数据。
(A)分词
(B)去除停用词
(C)词干提取
(D)编码转换";"【DeepSeek答案】D

⚠️ PDF答案缺失，此为AI预测答案


【题目】
在进行文本数据预处理时，( )步骤通常用于将文本转换为数值型数据。
(A)分词
(B)去除停用词
(C)词干提取
(D)编码转换"
"【单选题】降维的主要目的是减少数据的复杂性，同时保留数据中的重要信息。( )降维方
法是通过将高维数据映射到低维空间来实现的。
(A)主成分分析
(B)线性判别分析
(C)决策树
(D)遗传算法";"【DeepSeek答案】A

⚠️ PDF答案缺失，此为AI预测答案


【题目】
降维的主要目的是减少数据的复杂性，同时保留数据中的重要信息。( )降维方
法是通过将高维数据映射到低维空间来实现的。
(A)主成分分析
(B)线性判别分析
(C)决策树
(D)遗传算法"
"【单选题】当需要对图像中的多个对象进行精确边界框绘制时，通常会使用的标注工具是
( )。
人工智能训练师（三级）理论知识复习题
(A)多边形标注工具
(B)点云标注工具
(C)目标检测标注工具
(D)关键点标注工具";"【DeepSeek答案】C

⚠️ PDF答案缺失，此为AI预测答案


【题目】
当需要对图像中的多个对象进行精确边界框绘制时，通常会使用的标注工具是
( )。
人工智能训练师（三级）理论知识复习题
(A)多边形标注工具
(B)点云标注工具
(C)目标检测标注工具
(D)关键点标注工具"
"【单选题】模型训练的目标是( )。
(A)最大化模型准确率
(B)最小化模型损失
(C)最大化模型泛化能力
(D)最小化模型复杂度";"【DeepSeek答案】B

⚠️ PDF答案缺失，此为AI预测答案


【题目】
模型训练的目标是( )。
(A)最大化模型准确率
(B)最小化模型损失
(C)最大化模型泛化能力
(D)最小化模型复杂度"
"【单选题】线性规划是一种用于求解( )问题的优化算法。
(A)线性
(B)非线性
(C)凸
(D)离散";"【DeepSeek答案】A

⚠️ PDF答案缺失，此为AI预测答案


【题目】
线性规划是一种用于求解( )问题的优化算法。
(A)线性
(B)非线性
(C)凸
(D)离散"
"【单选题】为了高效地训练大规模数据集，( )软件组件最为关键。
(A)数据库管理系统
(B)版本控制系统
(C)分布式训练框架
(D)集成开发环境IDE";"【DeepSeek答案】C

⚠️ PDF答案缺失，此为AI预测答案


【题目】
为了高效地训练大规模数据集，( )软件组件最为关键。
(A)数据库管理系统
(B)版本控制系统
(C)分布式训练框架
(D)集成开发环境IDE"
"【单选题】在进行大规模分布式训练时，( )框架提供了较为成熟的分布式训练支持。
(A)TensorFlow
(B)PyTorch
(C)MXNet
(D)Chainer";"【DeepSeek答案】A

⚠️ PDF答案缺失，此为AI预测答案


【题目】
在进行大规模分布式训练时，( )框架提供了较为成熟的分布式训练支持。
(A)TensorFlow
(B)PyTorch
(C)MXNet
(D)Chainer"
"【单选题】在算法验证过程中，通常采用的形式化方法包括模型检验和( )。
(A)形式化描述
(B)逻辑推理
人工智能训练师（三级）理论知识复习题
(C)代码审查
(D)测试用例";"【DeepSeek答案】A

⚠️ PDF答案缺失，此为AI预测答案


【题目】
在算法验证过程中，通常采用的形式化方法包括模型检验和( )。
(A)形式化描述
(B)逻辑推理
人工智能训练师（三级）理论知识复习题
(C)代码审查
(D)测试用例"
"【单选题】在超参数调优过程中，通常使用( )方法来评估模型性能。
(A)交叉验证
(B)网格搜索
(C)随机搜索
(D)贝叶斯优化";"【DeepSeek答案】A

⚠️ PDF答案缺失，此为AI预测答案


【题目】
在超参数调优过程中，通常使用( )方法来评估模型性能。
(A)交叉验证
(B)网格搜索
(C)随机搜索
(D)贝叶斯优化"
"【单选题】( )不是模型训练动态监控工具的典型功能。
(A)提供训练损失和验证损失的实时图表
(B)检测并报告过拟合或欠拟合现象
(C)自动调整模型参数以优化性能
(D)允许用户远程访问和操作训练环境";"【DeepSeek答案】C

⚠️ PDF答案缺失，此为AI预测答案


【题目】
( )不是模型训练动态监控工具的典型功能。
(A)提供训练损失和验证损失的实时图表
(B)检测并报告过拟合或欠拟合现象
(C)自动调整模型参数以优化性能
(D)允许用户远程访问和操作训练环境"
"【单选题】在进行人工智能模型调试时，( )可推荐用来解决模型性能不佳的问题
(A)立即增加模型的参数数量
(B)检查模型训练数据的质量，确保没有错误或偏差
(C)忽略验证集的性能，只关注训练集上的准确率
(D)停止模型训练，因为认为模型已经足够好";"【DeepSeek答案】B

⚠️ PDF答案缺失，此为AI预测答案


【题目】
在进行人工智能模型调试时，( )可推荐用来解决模型性能不佳的问题
(A)立即增加模型的参数数量
(B)检查模型训练数据的质量，确保没有错误或偏差
(C)忽略验证集的性能，只关注训练集上的准确率
(D)停止模型训练，因为认为模型已经足够好"
"【单选题】在评估一个机器学习算法的性能时，( )指标不是常用的评价指标。
(A)准确率Accuracy
(B)精确率Precision
(C)召回率Recall
(D)运行时间RunTime";"【DeepSeek答案】D

⚠️ PDF答案缺失，此为AI预测答案


【题目】
在评估一个机器学习算法的性能时，( )指标不是常用的评价指标。
(A)准确率Accuracy
(B)精确率Precision
(C)召回率Recall
(D)运行时间RunTime"
"【单选题】关于模型部署，描述正确的是( )。
(A)模型部署只需要考虑技术层面的因素
(B)模型部署是一个一次性完成的过程
(C)模型部署需要确保模型的安全性和隐私性
(D)模型部署不需要考虑用户体验
人工智能训练师（三级）理论知识复习题";"【DeepSeek答案】C

⚠️ PDF答案缺失，此为AI预测答案


【题目】
关于模型部署，描述正确的是( )。
(A)模型部署只需要考虑技术层面的因素
(B)模型部署是一个一次性完成的过程
(C)模型部署需要确保模型的安全性和隐私性
(D)模型部署不需要考虑用户体验
人工智能训练师（三级）理论知识复习题"
"【单选题】在模型部署过程中，为了实现自动化的模型更新和版本管理，通常会使用( )工
具。
(A)Git
(B)SVN
(C)Jenkins
(D)Spinnaker";"【DeepSeek答案】C

⚠️ PDF答案缺失，此为AI预测答案


【题目】
在模型部署过程中，为了实现自动化的模型更新和版本管理，通常会使用( )工
具。
(A)Git
(B)SVN
(C)Jenkins
(D)Spinnaker"
"【单选题】在选择云平台进行人工智能模型训练和部署时，( )不是云平台提供的优势或服
务。
(A)弹性计算资源，允许用户根据需求快速扩展或缩减计算能力
(B)预配置的人工智能和机器学习服务，简化模型开发和部署流程
(C)限制用户访问的地理位置，只能选择特定区域的数据中心
(D)按需付费模式，用户仅需为实际使用的资源和服务付费";"【DeepSeek答案】C

⚠️ PDF答案缺失，此为AI预测答案


【题目】
在选择云平台进行人工智能模型训练和部署时，( )不是云平台提供的优势或服
务。
(A)弹性计算资源，允许用户根据需求快速扩展或缩减计算能力
(B)预配置的人工智能和机器学习服务，简化模型开发和部署流程
(C)限制用户访问的地理位置，只能选择特定区域的数据中心
(D)按需付费模式，用户仅需为实际使用的资源和服务付费"
"【单选题】容器化技术的核心优势是( )。
(A)提供丰富的用户图形界面
(B)需要占用大量的系统资源
(C)实现应用的快速部署和高效资源利用
(D)主要用于网络安全防护";"【DeepSeek答案】C

⚠️ PDF答案缺失，此为AI预测答案


【题目】
容器化技术的核心优势是( )。
(A)提供丰富的用户图形界面
(B)需要占用大量的系统资源
(C)实现应用的快速部署和高效资源利用
(D)主要用于网络安全防护"
"【单选题】容器化技术与虚拟机技术的主要区别在于( )。
(A)容器化技术运行在操作系统之上，而虚拟机技术运行在硬件之上。
(B)容器化技术使用轻量级的隔离环境，而虚拟机技术使用完整的操作系统。
(C)容器化技术不支持多操作系统，而虚拟机技术支持多操作系统。
(D)容器化技术不涉及硬件抽象，而虚拟机技术涉及硬件抽象。";"【DeepSeek答案】B

⚠️ PDF答案缺失，此为AI预测答案


【题目】
容器化技术与虚拟机技术的主要区别在于( )。
(A)容器化技术运行在操作系统之上，而虚拟机技术运行在硬件之上。
(B)容器化技术使用轻量级的隔离环境，而虚拟机技术使用完整的操作系统。
(C)容器化技术不支持多操作系统，而虚拟机技术支持多操作系统。
(D)容器化技术不涉及硬件抽象，而虚拟机技术涉及硬件抽象。"
"【单选题】在数据处理过程中，( )最适合用于大规模数据的分布式处理。
(A)Pandas
(B)NumPy
(C)ApacheSpark
(D)Matplotlib
人工智能训练师（三级）理论知识复习题";"【DeepSeek答案】C

⚠️ PDF答案缺失，此为AI预测答案


【题目】
在数据处理过程中，( )最适合用于大规模数据的分布式处理。
(A)Pandas
(B)NumPy
(C)ApacheSpark
(D)Matplotlib
人工智能训练师（三级）理论知识复习题"
"【单选题】人工智能训练师在利用高性能计算资源时，主要关注( )方面。
(A)硬件设备的物理维护
(B)算法的优化与调参
(C)网络带宽的分配
(D)操作系统的升级";"【DeepSeek答案】B

⚠️ PDF答案缺失，此为AI预测答案


【题目】
人工智能训练师在利用高性能计算资源时，主要关注( )方面。
(A)硬件设备的物理维护
(B)算法的优化与调参
(C)网络带宽的分配
(D)操作系统的升级"
"【单选题】性能监控工具可以帮助我们( )系统性能瓶颈。
(A)发现
(B)解决
(C)预测
(D)优化";"【DeepSeek答案】A

⚠️ PDF答案缺失，此为AI预测答案


【题目】
性能监控工具可以帮助我们( )系统性能瓶颈。
(A)发现
(B)解决
(C)预测
(D)优化"
"【单选题】在测试用例设计中，( )侧重于识别和测试软件中的边界条件。
(A)等价类划分法
(B)边界值分析法
(C)因果图法
(D)决策表技术";"【DeepSeek答案】B

⚠️ PDF答案缺失，此为AI预测答案


【题目】
在测试用例设计中，( )侧重于识别和测试软件中的边界条件。
(A)等价类划分法
(B)边界值分析法
(C)因果图法
(D)决策表技术"
"【单选题】人工智能测试的主要目的是( )。
(A)降低研发成本
(B)提升算法的计算速度
(C)确保AI系统的功能和性能符合预期
(D)增加AI系统的数据输入量";"【DeepSeek答案】C

⚠️ PDF答案缺失，此为AI预测答案


【题目】
人工智能测试的主要目的是( )。
(A)降低研发成本
(B)提升算法的计算速度
(C)确保AI系统的功能和性能符合预期
(D)增加AI系统的数据输入量"
"【单选题】人工智能测试工具的主要目的是( )。
(A)发现缺陷
(B)提高代码质量
(C)优化算法性能
(D)降低开发成本";"【DeepSeek答案】A

⚠️ PDF答案缺失，此为AI预测答案


【题目】
人工智能测试工具的主要目的是( )。
(A)发现缺陷
(B)提高代码质量
(C)优化算法性能
(D)降低开发成本"
"【单选题】在使用测试框架进行测试时，( )操作是不推荐的。
(A)频繁修改测试代码
人工智能训练师（三级）理论知识复习题
(B)在测试过程中查看日志
(C)在测试之前编写详细的测试计划
(D)在测试之后编写测试报告";"【DeepSeek答案】A

⚠️ PDF答案缺失，此为AI预测答案


【题目】
在使用测试框架进行测试时，( )操作是不推荐的。
(A)频繁修改测试代码
人工智能训练师（三级）理论知识复习题
(B)在测试过程中查看日志
(C)在测试之前编写详细的测试计划
(D)在测试之后编写测试报告"
"【单选题】对于回归测试，通常采用( )测试方法来确保修改没有引入新的错误。
(A)自动化
(B)手动
(C)性能
(D)兼容性";"【DeepSeek答案】A

⚠️ PDF答案缺失，此为AI预测答案


【题目】
对于回归测试，通常采用( )测试方法来确保修改没有引入新的错误。
(A)自动化
(B)手动
(C)性能
(D)兼容性"
"【单选题】在实时系统中，除了评估模型的预测准确性之外，( )指标对于确保系统的响应
速度至关重要。
(A)模型的复杂度
(B)训练时间
(C)数据集大小
(D)推理时间";"【DeepSeek答案】D

⚠️ PDF答案缺失，此为AI预测答案


【题目】
在实时系统中，除了评估模型的预测准确性之外，( )指标对于确保系统的响应
速度至关重要。
(A)模型的复杂度
(B)训练时间
(C)数据集大小
(D)推理时间"
"【单选题】在算法准确度测试中，为了避免过拟合现象，通常会将数据集划分为训练集和
( )。
(A)验证集
(B)测试集
(C)开发集
(D)学习集";"【DeepSeek答案】B

⚠️ PDF答案缺失，此为AI预测答案


【题目】
在算法准确度测试中，为了避免过拟合现象，通常会将数据集划分为训练集和
( )。
(A)验证集
(B)测试集
(C)开发集
(D)学习集"
"【单选题】在算法鲁棒性测试中，通常采用的方法包括( )。
(A)边界值分析
(B)等价类划分
(C)因果图法
(D)错误推测法";"【DeepSeek答案】A

⚠️ PDF答案缺失，此为AI预测答案


【题目】
在算法鲁棒性测试中，通常采用的方法包括( )。
(A)边界值分析
(B)等价类划分
(C)因果图法
(D)错误推测法"
"【单选题】在进行算法安全性测试时，需要考虑的方面包括( )。
(A)输入数据的合法性
人工智能训练师（三级）理论知识复习题
(B)算法的执行效率
(C)算法的输出结果
(D)算法的健壮性";"【DeepSeek答案】A

⚠️ PDF答案缺失，此为AI预测答案


【题目】
在进行算法安全性测试时，需要考虑的方面包括( )。
(A)输入数据的合法性
人工智能训练师（三级）理论知识复习题
(B)算法的执行效率
(C)算法的输出结果
(D)算法的健壮性"
"【单选题】在算法可解释性与透明度测试中，( )的测试方法主要关注算法的内部逻辑和结
构。
(A)基于模型
(B)基于规则
(C)基于数据
(D)基于经验";"【DeepSeek答案】A

⚠️ PDF答案缺失，此为AI预测答案


【题目】
在算法可解释性与透明度测试中，( )的测试方法主要关注算法的内部逻辑和结
构。
(A)基于模型
(B)基于规则
(C)基于数据
(D)基于经验"
"【单选题】在进行数据多样性与公平性测试时，( )原则是最重要的。
(A)确保数据的全面性
(B)关注数据的代表性
(C)评估算法的公平性
(D)保证数据的准确性";"【DeepSeek答案】C

⚠️ PDF答案缺失，此为AI预测答案


【题目】
在进行数据多样性与公平性测试时，( )原则是最重要的。
(A)确保数据的全面性
(B)关注数据的代表性
(C)评估算法的公平性
(D)保证数据的准确性"
"【单选题】K折交叉验证中，K的取值通常为( )。
(A)2
(B)3
(C)5
(D)1";"【DeepSeek答案】C

⚠️ PDF答案缺失，此为AI预测答案


【题目】
K折交叉验证中，K的取值通常为( )。
(A)2
(B)3
(C)5
(D)1"
"【单选题】在算法部署效果测试的流程中，( )步骤是在算法部署之前进行的。
(A)数据收集与处理
(B)模型训练与优化
(C)算法部署
(D)效果评估";"【DeepSeek答案】B

⚠️ PDF答案缺失，此为AI预测答案


【题目】
在算法部署效果测试的流程中，( )步骤是在算法部署之前进行的。
(A)数据收集与处理
(B)模型训练与优化
(C)算法部署
(D)效果评估"
"【单选题】在人工智能系统测试中，用户反馈集成的主要目的是( )。
(A)减少测试用例的数量，降低测试成本
(B)收集用户对系统性能的定量评价
人工智能训练师（三级）理论知识复习题
(C)利用用户的实际使用情况来评估和改进系统
(D)将用户反馈作为算法训练的主要数据来源";"【DeepSeek答案】C

⚠️ PDF答案缺失，此为AI预测答案


【题目】
在人工智能系统测试中，用户反馈集成的主要目的是( )。
(A)减少测试用例的数量，降低测试成本
(B)收集用户对系统性能的定量评价
人工智能训练师（三级）理论知识复习题
(C)利用用户的实际使用情况来评估和改进系统
(D)将用户反馈作为算法训练的主要数据来源"
"【单选题】在算法测试中，若想评估模型预测值与实际值之间的关系强度，应使用的统计量
是( )。
(A)方差
(B)相关系数
(C)标准差
(D)中位数";"【DeepSeek答案】B

⚠️ PDF答案缺失，此为AI预测答案


【题目】
在算法测试中，若想评估模型预测值与实际值之间的关系强度，应使用的统计量
是( )。
(A)方差
(B)相关系数
(C)标准差
(D)中位数"
"【单选题】在撰写算法测试报告时，( )不是必须的。
(A)测试用例的描述
(B)测试结果的详细数据
(C)测试环境的配置信息
(D)开发者的个人感想";"【DeepSeek答案】D

⚠️ PDF答案缺失，此为AI预测答案


【题目】
在撰写算法测试报告时，( )不是必须的。
(A)测试用例的描述
(B)测试结果的详细数据
(C)测试环境的配置信息
(D)开发者的个人感想"
"【单选题】当程序运行时出现异常，我们可以使用( )来查看异常的详细信息。
(A)输出语句
(B)日志记录
(C)单元测试
(D)调试器";"【DeepSeek答案】D

⚠️ PDF答案缺失，此为AI预测答案


【题目】
当程序运行时出现异常，我们可以使用( )来查看异常的详细信息。
(A)输出语句
(B)日志记录
(C)单元测试
(D)调试器"
"【单选题】在使用模型可视化工具时，关键应用是( )。
(A)替代传统的编码调试过程
(B)帮助识别模型中的过拟合或欠拟合现象
(C)代替数据预处理步骤
(D)生成模型训练所需的随机数据";"【DeepSeek答案】B

⚠️ PDF答案缺失，此为AI预测答案


【题目】
在使用模型可视化工具时，关键应用是( )。
(A)替代传统的编码调试过程
(B)帮助识别模型中的过拟合或欠拟合现象
(C)代替数据预处理步骤
(D)生成模型训练所需的随机数据"
"【单选题】日志分析中，使用正则表达式的主要目的是( )。
(A)压缩日志文件以节省存储空间
(B)快速定位和提取日志中的特定模式或关键信息
(C)将日志数据转换为另一种格式
人工智能训练师（三级）理论知识复习题
(D)创建日志数据的备份";"【DeepSeek答案】B

⚠️ PDF答案缺失，此为AI预测答案


【题目】
日志分析中，使用正则表达式的主要目的是( )。
(A)压缩日志文件以节省存储空间
(B)快速定位和提取日志中的特定模式或关键信息
(C)将日志数据转换为另一种格式
人工智能训练师（三级）理论知识复习题
(D)创建日志数据的备份"
"【单选题】在算法测试实验管理中，( )工具可以帮助自动化测试过程。
(A)代码编辑器
(B)版本控制系统
(C)测试框架
(D)文档管理系统";"【DeepSeek答案】C

⚠️ PDF答案缺失，此为AI预测答案


【题目】
在算法测试实验管理中，( )工具可以帮助自动化测试过程。
(A)代码编辑器
(B)版本控制系统
(C)测试框架
(D)文档管理系统"
"【单选题】敏捷开发方法强调的是( )，以便快速响应变化并持续改进软件质量。
(A)频繁的代码审查和修复
(B)长期的项目规划和执行
(C)严格的需求分析和设计
(D)定期的项目评审和反馈";"【DeepSeek答案】A

⚠️ PDF答案缺失，此为AI预测答案


【题目】
敏捷开发方法强调的是( )，以便快速响应变化并持续改进软件质量。
(A)频繁的代码审查和修复
(B)长期的项目规划和执行
(C)严格的需求分析和设计
(D)定期的项目评审和反馈"
"【单选题】合规性测试的标准不包括( )。
(A)符合法律法规要求
(B)符合行业规范
(C)符合公司内部政策
(D)符合员工需求";"【DeepSeek答案】D

⚠️ PDF答案缺失，此为AI预测答案


【题目】
合规性测试的标准不包括( )。
(A)符合法律法规要求
(B)符合行业规范
(C)符合公司内部政策
(D)符合员工需求"
"【单选题】在实施性能优化策略时，应该遵循( )原则。
(A)先易后难
(B)先难后易
(C)一次性解决所有问题
(D)逐步进行优化";"【DeepSeek答案】A

⚠️ PDF答案缺失，此为AI预测答案


【题目】
在实施性能优化策略时，应该遵循( )原则。
(A)先易后难
(B)先难后易
(C)一次性解决所有问题
(D)逐步进行优化"
"【单选题】企业平衡经济效益和伦理考量的方法( )。
(A)以经济效益为主，伦理考量为辅
(B)以伦理考量为重，经济效益为辅
(C)寻找经济效益和伦理考量的最佳平衡点
(D)不需要平衡，直接追求经济效益最大化";"【DeepSeek答案】C

⚠️ PDF答案缺失，此为AI预测答案


【题目】
企业平衡经济效益和伦理考量的方法( )。
(A)以经济效益为主，伦理考量为辅
(B)以伦理考量为重，经济效益为辅
(C)寻找经济效益和伦理考量的最佳平衡点
(D)不需要平衡，直接追求经济效益最大化"
"【单选题】数据拆解的主要目的是( )。
人工智能训练师（三级）理论知识复习题
(A)增加数据的复杂性
(B)简化数据分析过程
(C)提高数据处理的效率
(D)使数据更难以理解";"【DeepSeek答案】B

⚠️ PDF答案缺失，此为AI预测答案


【题目】
数据拆解的主要目的是( )。
人工智能训练师（三级）理论知识复习题
(A)增加数据的复杂性
(B)简化数据分析过程
(C)提高数据处理的效率
(D)使数据更难以理解"
"【单选题】人工智能算法训练师在数据拆解模型的原理中，不正确的说法是( )。
(A)数据拆解可以提高模型训练的效率
(B)数据拆解无法帮助避免模型的过拟合问题
(C)数据拆解有助于更准确地评估模型性能
(D)数据拆解能够减少运行时间和计算量";"【DeepSeek答案】B

⚠️ PDF答案缺失，此为AI预测答案


【题目】
人工智能算法训练师在数据拆解模型的原理中，不正确的说法是( )。
(A)数据拆解可以提高模型训练的效率
(B)数据拆解无法帮助避免模型的过拟合问题
(C)数据拆解有助于更准确地评估模型性能
(D)数据拆解能够减少运行时间和计算量"
"【单选题】关于训练集、验证集和测试集的大小比例，( )属于常见合理的范围。
(A)训练集50%，验证集25%，测试集25%
(B)训练集20%，验证集60%，测试集20%
(C)训练集70%，验证集15%，测试集15%
(D)训练集40%，验证集30%，测试集30%";"【DeepSeek答案】C

⚠️ PDF答案缺失，此为AI预测答案


【题目】
关于训练集、验证集和测试集的大小比例，( )属于常见合理的范围。
(A)训练集50%，验证集25%，测试集25%
(B)训练集20%，验证集60%，测试集20%
(C)训练集70%，验证集15%，测试集15%
(D)训练集40%，验证集30%，测试集30%"
"【单选题】主成分分析PCA在数据拆解中主要用于( )。
(A)增加数据的维度，使模型更复杂
(B)降低数据维度，减少计算复杂度
(C)保持数据维度不变，仅优化数据分布
(D)随机改变数据维度，增加模型的随机性";"【DeepSeek答案】B

⚠️ PDF答案缺失，此为AI预测答案


【题目】
主成分分析PCA在数据拆解中主要用于( )。
(A)增加数据的维度，使模型更复杂
(B)降低数据维度，减少计算复杂度
(C)保持数据维度不变，仅优化数据分布
(D)随机改变数据维度，增加模型的随机性"
"【单选题】在使用基于统计的特征选择时，如果特征之间存在高度共线性，最有可能发生的
情况是( )。
(A)特征的重要性会被低估
(B)特征的重要性会被高估
(C)特征选择将无法进行
(D)特征之间的相关性将被忽略";"【DeepSeek答案】A

⚠️ PDF答案缺失，此为AI预测答案


【题目】
在使用基于统计的特征选择时，如果特征之间存在高度共线性，最有可能发生的
情况是( )。
(A)特征的重要性会被低估
(B)特征的重要性会被高估
(C)特征选择将无法进行
(D)特征之间的相关性将被忽略"
"【单选题】人工智能训练师进行基于模型的特征拆解及选择的初衷是( )。
(A)减少模型的复杂度
人工智能训练师（三级）理论知识复习题
(B)增加模型的运算速度
(C)提高模型的预测准确性
(D)降低数据存储需求";"【DeepSeek答案】C

⚠️ PDF答案缺失，此为AI预测答案


【题目】
人工智能训练师进行基于模型的特征拆解及选择的初衷是( )。
(A)减少模型的复杂度
人工智能训练师（三级）理论知识复习题
(B)增加模型的运算速度
(C)提高模型的预测准确性
(D)降低数据存储需求"
"【单选题】对于非平稳时间序列数据，通过减去先前观察值来消除趋势和季节性的过程叫做
( )。
(A)对数变换
(B)标准化
(C)差分
(D)归一化";"【DeepSeek答案】C

⚠️ PDF答案缺失，此为AI预测答案


【题目】
对于非平稳时间序列数据，通过减去先前观察值来消除趋势和季节性的过程叫做
( )。
(A)对数变换
(B)标准化
(C)差分
(D)归一化"
"【单选题】在文本数据拆解过程中，分词的主要目的是( )。
(A)将文本切分成单词或短语
(B)识别文本中的命名实体
(C)判断文本的情感倾向
(D)分析文本的语法结构";"【DeepSeek答案】A

⚠️ PDF答案缺失，此为AI预测答案


【题目】
在文本数据拆解过程中，分词的主要目的是( )。
(A)将文本切分成单词或短语
(B)识别文本中的命名实体
(C)判断文本的情感倾向
(D)分析文本的语法结构"
"【单选题】时间序列分析在天气预报中主要用于( )目的。
(A)预测未来天气变化
(B)分析历史气温趋势
(C)改善气象站设备
(D)教育公众关于气候变化";"【DeepSeek答案】A

⚠️ PDF答案缺失，此为AI预测答案


【题目】
时间序列分析在天气预报中主要用于( )目的。
(A)预测未来天气变化
(B)分析历史气温趋势
(C)改善气象站设备
(D)教育公众关于气候变化"
"【单选题】在网络分析中，( )描述了网络中节点之间的直接连接关系。
(A)聚类系数
(B)节点中心性
(C)邻居节点
(D)可达性";"【DeepSeek答案】C

⚠️ PDF答案缺失，此为AI预测答案


【题目】
在网络分析中，( )描述了网络中节点之间的直接连接关系。
(A)聚类系数
(B)节点中心性
(C)邻居节点
(D)可达性"
"【单选题】在社会网络分析中，中心性指标用于衡量节点在网络中的重要性。( )不是正确
的中心性指标。
(A)度中心性
人工智能训练师（三级）理论知识复习题
(B)介数中心性
(C)接近中心性
(D)平均路径长度中心性";"【DeepSeek答案】D

⚠️ PDF答案缺失，此为AI预测答案


【题目】
在社会网络分析中，中心性指标用于衡量节点在网络中的重要性。( )不是正确
的中心性指标。
(A)度中心性
人工智能训练师（三级）理论知识复习题
(B)介数中心性
(C)接近中心性
(D)平均路径长度中心性"
"【单选题】不属于多维度数据分解的主要目的是( )。
(A)简化数据结构
(B)提高数据处理效率
(C)增强数据的可解释性
(D)增加数据的复杂性";"【DeepSeek答案】D

⚠️ PDF答案缺失，此为AI预测答案


【题目】
不属于多维度数据分解的主要目的是( )。
(A)简化数据结构
(B)提高数据处理效率
(C)增强数据的可解释性
(D)增加数据的复杂性"
"【单选题】在图像处理中，多维度数据分解技术如PCA主要用于( )。
(A)提升图像亮度
(B)压缩图像数据
(C)增加图像分辨率
(D)改变图像色彩";"【DeepSeek答案】B

⚠️ PDF答案缺失，此为AI预测答案


【题目】
在图像处理中，多维度数据分解技术如PCA主要用于( )。
(A)提升图像亮度
(B)压缩图像数据
(C)增加图像分辨率
(D)改变图像色彩"
"【单选题】特征工程中的特征构造方法不包括( )。
(A)基于领域知识的特征构造
(B)基于统计量的特征构造
(C)基于模型的特征构造
(D)基于可视化分析的特征构造";"【DeepSeek答案】D

⚠️ PDF答案缺失，此为AI预测答案


【题目】
特征工程中的特征构造方法不包括( )。
(A)基于领域知识的特征构造
(B)基于统计量的特征构造
(C)基于模型的特征构造
(D)基于可视化分析的特征构造"
"【单选题】在自然语言处理中，( )方法可以用于文本预处理。
(A)使用神经网络进行文本分类
(B)对文本进行情感分析
(C)对文本进行分词和去停用词
(D)使用TF-IDF进行特征选择";"【DeepSeek答案】C

⚠️ PDF答案缺失，此为AI预测答案


【题目】
在自然语言处理中，( )方法可以用于文本预处理。
(A)使用神经网络进行文本分类
(B)对文本进行情感分析
(C)对文本进行分词和去停用词
(D)使用TF-IDF进行特征选择"
"【单选题】在优化AI模型的响应时间时，( )方法可以直接减少模型推理时间。
(A)增加模型的深度和宽度
(B)使用更复杂的激活函数
(C)在模型中添加更多的正则化项
人工智能训练师（三级）理论知识复习题
(D)通过剪枝减少模型的参数数量";"【DeepSeek答案】D

⚠️ PDF答案缺失，此为AI预测答案


【题目】
在优化AI模型的响应时间时，( )方法可以直接减少模型推理时间。
(A)增加模型的深度和宽度
(B)使用更复杂的激活函数
(C)在模型中添加更多的正则化项
人工智能训练师（三级）理论知识复习题
(D)通过剪枝减少模型的参数数量"
"【单选题】安全性分析的原理是通过对系统进行( )，以识别潜在的安全威胁和脆弱性，从
而采取相应的安全措施来降低风险。
(A)风险评估
(B)漏洞扫描
(C)入侵检测
(D)安全审计";"【DeepSeek答案】A

⚠️ PDF答案缺失，此为AI预测答案


【题目】
安全性分析的原理是通过对系统进行( )，以识别潜在的安全威胁和脆弱性，从
而采取相应的安全措施来降低风险。
(A)风险评估
(B)漏洞扫描
(C)入侵检测
(D)安全审计"
"【单选题】在资源分配中，( )策略可以根据用户的实际需求来分配资源。
(A)先到先得策略
(B)平均分配策略
(C)按需分配策略
(D)优先级分配策略";"【DeepSeek答案】C

⚠️ PDF答案缺失，此为AI预测答案


【题目】
在资源分配中，( )策略可以根据用户的实际需求来分配资源。
(A)先到先得策略
(B)平均分配策略
(C)按需分配策略
(D)优先级分配策略"
"【单选题】在进行特征选择时，( )方法是通过计算特征与目标变量之间的相关性来进行筛
选的。
(A)卡方检验
(B)主成分分析
(C)决策树
(D)线性回归";"【DeepSeek答案】A

⚠️ PDF答案缺失，此为AI预测答案


【题目】
在进行特征选择时，( )方法是通过计算特征与目标变量之间的相关性来进行筛
选的。
(A)卡方检验
(B)主成分分析
(C)决策树
(D)线性回归"
"【单选题】在数据分析的标准流程中，( )步骤是紧接着收集数据之后进行的。
(A)数据清洗
(B)数据可视化
(C)数据挖掘
(D)数据分析";"【DeepSeek答案】A

⚠️ PDF答案缺失，此为AI预测答案


【题目】
在数据分析的标准流程中，( )步骤是紧接着收集数据之后进行的。
(A)数据清洗
(B)数据可视化
(C)数据挖掘
(D)数据分析"
"【单选题】不是评估统计模型拟合优度的指标是( )。
(A)样本均值
(B)均方误差MSE
(C)平均绝对误差MAE
人工智能训练师（三级）理论知识复习题
(D)残差平方和RSS";"【DeepSeek答案】A

⚠️ PDF答案缺失，此为AI预测答案


【题目】
不是评估统计模型拟合优度的指标是( )。
(A)样本均值
(B)均方误差MSE
(C)平均绝对误差MAE
人工智能训练师（三级）理论知识复习题
(D)残差平方和RSS"
"【单选题】应用机器学习算法时，( )策略可能导致模型过拟合。
(A)减少正则化项的权重
(B)优化算法实现
(C)增加学习率
(D)采用随机梯度下降";"【DeepSeek答案】A

⚠️ PDF答案缺失，此为AI预测答案


【题目】
应用机器学习算法时，( )策略可能导致模型过拟合。
(A)减少正则化项的权重
(B)优化算法实现
(C)增加学习率
(D)采用随机梯度下降"
"【单选题】DBSCAN算法是一种基于密度的聚类方法，它能够发现任意形状的簇，并且对噪声
点具有较好的鲁棒性。DBSCAN算法中的两个重要参数是邻域半径ε和最小点数MinPts，
其中ε表示( )。
(A)邻域内的最大距离
(B)邻域内的最小距离
(C)邻域内的平均距离
(D)邻域内的最小点数";"【DeepSeek答案】A

⚠️ PDF答案缺失，此为AI预测答案


【题目】
DBSCAN算法是一种基于密度的聚类方法，它能够发现任意形状的簇，并且对噪声
点具有较好的鲁棒性。DBSCAN算法中的两个重要参数是邻域半径ε和最小点数MinPts，
其中ε表示( )。
(A)邻域内的最大距离
(B)邻域内的最小距离
(C)邻域内的平均距离
(D)邻域内的最小点数"
"【单选题】关联规则学习中的置信度是指( )。
(A)前件项目集出现的次数 / 后件项目集出现的次数
(B)前件项目集出现的次数 / 所有事务数
(C)前件项目集出现的次数 / 总项目数
(D)前件项目集出现的次数 / 事务的平均长度";"【DeepSeek答案】A

⚠️ PDF答案缺失，此为AI预测答案


【题目】
关联规则学习中的置信度是指( )。
(A)前件项目集出现的次数 / 后件项目集出现的次数
(B)前件项目集出现的次数 / 所有事务数
(C)前件项目集出现的次数 / 总项目数
(D)前件项目集出现的次数 / 事务的平均长度"
"【单选题】在回归分析中，我们通常使用( )方法来确定模型的参数。
(A)最大似然估计
(B)最小二乘法
(C)主成分分析
(D)聚类分析";"【DeepSeek答案】B

⚠️ PDF答案缺失，此为AI预测答案


【题目】
在回归分析中，我们通常使用( )方法来确定模型的参数。
(A)最大似然估计
(B)最小二乘法
(C)主成分分析
(D)聚类分析"
"【单选题】决策树分析是一种( )方法
(A)定性分析
(B)定量分析
(C)逻辑推理
人工智能训练师（三级）理论知识复习题
(D)模糊评价";"【DeepSeek答案】A

⚠️ PDF答案缺失，此为AI预测答案


【题目】
决策树分析是一种( )方法
(A)定性分析
(B)定量分析
(C)逻辑推理
人工智能训练师（三级）理论知识复习题
(D)模糊评价"
"【单选题】神经网络中的激活函数的作用是( )。
(A)增加网络的复杂性
(B)提高网络的泛化能力
(C)减少网络的训练时间
(D)增强网络的表达能力";"【DeepSeek答案】D

⚠️ PDF答案缺失，此为AI预测答案


【题目】
神经网络中的激活函数的作用是( )。
(A)增加网络的复杂性
(B)提高网络的泛化能力
(C)减少网络的训练时间
(D)增强网络的表达能力"
"【单选题】贝叶斯网络中的链式法则用于计算( )。
(A)在已知某些条件下，事件A发生的概率
(B)在已知某些条件下，事件B发生的概率
(C)在已知某些条件下，事件A和事件B同时发生的概率
(D)在已知某些条件下，事件A和事件B的联合概率";"【DeepSeek答案】D

⚠️ PDF答案缺失，此为AI预测答案


【题目】
贝叶斯网络中的链式法则用于计算( )。
(A)在已知某些条件下，事件A发生的概率
(B)在已知某些条件下，事件B发生的概率
(C)在已知某些条件下，事件A和事件B同时发生的概率
(D)在已知某些条件下，事件A和事件B的联合概率"
"【单选题】随机森林算法是一种集成学习方法，它通过( )方式来生成多个决策树。
(A)对每个数据进行随机抽样
(B)对每个样本进行随机抽样
(C)对每个决策树进行随机抽样
(D)对每个类别进行随机抽样";"【DeepSeek答案】B

⚠️ PDF答案缺失，此为AI预测答案


【题目】
随机森林算法是一种集成学习方法，它通过( )方式来生成多个决策树。
(A)对每个数据进行随机抽样
(B)对每个样本进行随机抽样
(C)对每个决策树进行随机抽样
(D)对每个类别进行随机抽样"
"【单选题】循环神经网络RNN的核心思想是( )。
(A)通过反向传播算法优化网络参数
(B)利用门控机制处理序列数据
(C)使用注意力机制捕捉长距离依赖关系
(D)采用自编码器进行特征提取";"【DeepSeek答案】B

⚠️ PDF答案缺失，此为AI预测答案


【题目】
循环神经网络RNN的核心思想是( )。
(A)通过反向传播算法优化网络参数
(B)利用门控机制处理序列数据
(C)使用注意力机制捕捉长距离依赖关系
(D)采用自编码器进行特征提取"
"【单选题】在强化学习中，( )是指智能体在执行某个动作后获得的反馈信号。
(A)奖励
(B)惩罚
(C)风险
(D)收益";"【DeepSeek答案】A

⚠️ PDF答案缺失，此为AI预测答案


【题目】
在强化学习中，( )是指智能体在执行某个动作后获得的反馈信号。
(A)奖励
(B)惩罚
(C)风险
(D)收益"
"【单选题】自然语言处理中的文本分类任务通常使用( )算法。
人工智能训练师（三级）理论知识复习题
(A)决策树
(B)支持向量机
(C)朴素贝叶斯
(D)神经网络";"【DeepSeek答案】C

⚠️ PDF答案缺失，此为AI预测答案


【题目】
自然语言处理中的文本分类任务通常使用( )算法。
人工智能训练师（三级）理论知识复习题
(A)决策树
(B)支持向量机
(C)朴素贝叶斯
(D)神经网络"
"【单选题】时间序列分析中，( )方法用于移除趋势和季节性效应。
(A)平稳性检验
(B)季节分解
(C)自相关函数
(D)累积和控制图";"【DeepSeek答案】B

⚠️ PDF答案缺失，此为AI预测答案


【题目】
时间序列分析中，( )方法用于移除趋势和季节性效应。
(A)平稳性检验
(B)季节分解
(C)自相关函数
(D)累积和控制图"
"【单选题】在进行维度约简时，通常使用( )方法来评估保留的特征的重要性。
(A)信息增益
(B)方差分析
(C)相关系数
(D)卡方检验";"【DeepSeek答案】A

⚠️ PDF答案缺失，此为AI预测答案


【题目】
在进行维度约简时，通常使用( )方法来评估保留的特征的重要性。
(A)信息增益
(B)方差分析
(C)相关系数
(D)卡方检验"
"【单选题】在异常值检测中，( )方法通常用于基于数据分布的异常值识别。
(A)离群值检测
(B)聚类分析
(C)相关性分析
(D)频繁模式挖掘";"【DeepSeek答案】A

⚠️ PDF答案缺失，此为AI预测答案


【题目】
在异常值检测中，( )方法通常用于基于数据分布的异常值识别。
(A)离群值检测
(B)聚类分析
(C)相关性分析
(D)频繁模式挖掘"
"【单选题】在数据融合过程中，人工智能训练师通常确保数据的一致性和可靠性的方法有
( )。
(A)只使用第一个数据源的数据
(B)忽略数据之间的冲突
(C)实施数据清洗和预处理步骤
(D)仅依赖自动化工具进行数据合并";"【DeepSeek答案】C

⚠️ PDF答案缺失，此为AI预测答案


【题目】
在数据融合过程中，人工智能训练师通常确保数据的一致性和可靠性的方法有
( )。
(A)只使用第一个数据源的数据
(B)忽略数据之间的冲突
(C)实施数据清洗和预处理步骤
(D)仅依赖自动化工具进行数据合并"
"【单选题】智能解决方案设计的核心目标是( )。
(A)完全替代人工
人工智能训练师（三级）理论知识复习题
(B)优化现有业务流程
(C)解决复杂问题并创造新价值
(D)减少企业运营成本";"【DeepSeek答案】C

⚠️ PDF答案缺失，此为AI预测答案


【题目】
智能解决方案设计的核心目标是( )。
(A)完全替代人工
人工智能训练师（三级）理论知识复习题
(B)优化现有业务流程
(C)解决复杂问题并创造新价值
(D)减少企业运营成本"
"【单选题】在用户需求分析中，( )确保数据的准确性。
(A)通过问卷调查收集数据
(B)通过访谈收集数据
(C)通过观察法收集数据
(D)通过数据分析工具验证数据";"【DeepSeek答案】D

⚠️ PDF答案缺失，此为AI预测答案


【题目】
在用户需求分析中，( )确保数据的准确性。
(A)通过问卷调查收集数据
(B)通过访谈收集数据
(C)通过观察法收集数据
(D)通过数据分析工具验证数据"
"【单选题】产品功能规划应该具备( )性质。
(A)尽可能涵盖所有可能的功能
(B)简单明了，聚焦核心需求
(C)具有高度复杂性和灵活性
(D)与市场趋势和潮流保持一致";"【DeepSeek答案】B

⚠️ PDF答案缺失，此为AI预测答案


【题目】
产品功能规划应该具备( )性质。
(A)尽可能涵盖所有可能的功能
(B)简单明了，聚焦核心需求
(C)具有高度复杂性和灵活性
(D)与市场趋势和潮流保持一致"
"【单选题】( )原则最符合人工智能技术选型时对数据层的关注。
(A)优先选择最流行的技术框架
(B)确保数据采集的全面性和实时性
(C)技术选型应完全由技术团队决定
(D)追求最复杂的算法以获得最佳性能";"【DeepSeek答案】B

⚠️ PDF答案缺失，此为AI预测答案


【题目】
( )原则最符合人工智能技术选型时对数据层的关注。
(A)优先选择最流行的技术框架
(B)确保数据采集的全面性和实时性
(C)技术选型应完全由技术团队决定
(D)追求最复杂的算法以获得最佳性能"
"【单选题】在模型训练完成后，通常使用( )来选择最佳的模型参数。
(A)网格搜索
(B)随机搜索
(C)贝叶斯优化
(D)线性回归";"【DeepSeek答案】A

⚠️ PDF答案缺失，此为AI预测答案


【题目】
在模型训练完成后，通常使用( )来选择最佳的模型参数。
(A)网格搜索
(B)随机搜索
(C)贝叶斯优化
(D)线性回归"
"【单选题】在系统集成设计中，( )确保系统的可扩展性。
(A)采用开放式架构
(B)使用非标准化的接口和协议
(C)预留足够的硬件资源
人工智能训练师（三级）理论知识复习题
(D)定期进行系统维护";"【DeepSeek答案】A

⚠️ PDF答案缺失，此为AI预测答案


【题目】
在系统集成设计中，( )确保系统的可扩展性。
(A)采用开放式架构
(B)使用非标准化的接口和协议
(C)预留足够的硬件资源
人工智能训练师（三级）理论知识复习题
(D)定期进行系统维护"
"【单选题】用户界面设计UI中的反馈机制是指当用户与界面进行交互时，系统应该提供( )
以确认操作是否成功。
(A)声音
(B)振动
(C)文字提示
(D)动画效果";"【DeepSeek答案】C

⚠️ PDF答案缺失，此为AI预测答案


【题目】
用户界面设计UI中的反馈机制是指当用户与界面进行交互时，系统应该提供( )
以确认操作是否成功。
(A)声音
(B)振动
(C)文字提示
(D)动画效果"
"【单选题】在用户体验设计中，( )原则强调产品应满足用户需求并有效解决他们的问题。
(A)可用性
(B)实用性
(C)可取性
(D)可信度";"【DeepSeek答案】A

⚠️ PDF答案缺失，此为AI预测答案


【题目】
在用户体验设计中，( )原则强调产品应满足用户需求并有效解决他们的问题。
(A)可用性
(B)实用性
(C)可取性
(D)可信度"
"【单选题】人工智能训练师通过( )数据策略实现产品差异化。
(A)使用公开可用的通用数据集
(B)采集和利用独特且高质量的行业数据
(C)降低数据清洗和预处理的标准
(D)避免使用实时数据以简化模型训练";"【DeepSeek答案】B

⚠️ PDF答案缺失，此为AI预测答案


【题目】
人工智能训练师通过( )数据策略实现产品差异化。
(A)使用公开可用的通用数据集
(B)采集和利用独特且高质量的行业数据
(C)降低数据清洗和预处理的标准
(D)避免使用实时数据以简化模型训练"
"【单选题】在设计一个安全系统时，( )措施可以提高系统的安全性。
(A)增加系统的复杂度
(B)定期进行系统漏洞扫描
(C)使用弱密码策略
(D)减少系统的用户数量";"【DeepSeek答案】B

⚠️ PDF答案缺失，此为AI预测答案


【题目】
在设计一个安全系统时，( )措施可以提高系统的安全性。
(A)增加系统的复杂度
(B)定期进行系统漏洞扫描
(C)使用弱密码策略
(D)减少系统的用户数量"
"【单选题】为了实现跨云服务的集成，通常需要使用( )技术。
(A)API
(B)SDK
(C)Web服务
(D)虚拟化
人工智能训练师（三级）理论知识复习题";"【DeepSeek答案】A

⚠️ PDF答案缺失，此为AI预测答案


【题目】
为了实现跨云服务的集成，通常需要使用( )技术。
(A)API
(B)SDK
(C)Web服务
(D)虚拟化
人工智能训练师（三级）理论知识复习题"
"【单选题】在分布式系统中，( )实现负载均衡以提高系统的性能。
(A)轮询算法
(B)最少连接数算法
(C)源地址哈希算法
(D)随机算法";"【DeepSeek答案】A

⚠️ PDF答案缺失，此为AI预测答案


【题目】
在分布式系统中，( )实现负载均衡以提高系统的性能。
(A)轮询算法
(B)最少连接数算法
(C)源地址哈希算法
(D)随机算法"
"【单选题】可扩展性设计的主要目标是( )。
(A)降低系统成本
(B)提高系统在负载增加时的性能
(C)简化系统架构
(D)减少系统维护难度";"【DeepSeek答案】B

⚠️ PDF答案缺失，此为AI预测答案


【题目】
可扩展性设计的主要目标是( )。
(A)降低系统成本
(B)提高系统在负载增加时的性能
(C)简化系统架构
(D)减少系统维护难度"
"【单选题】代码审计与优化对于软件开发过程的重要性不包括( )。
(A)提高代码可读性，便于团队协作
(B)彻底消除所有软件缺陷
(C)发现并修复潜在的安全漏洞
(D)优化代码性能，提升系统响应速度";"【DeepSeek答案】B

⚠️ PDF答案缺失，此为AI预测答案


【题目】
代码审计与优化对于软件开发过程的重要性不包括( )。
(A)提高代码可读性，便于团队协作
(B)彻底消除所有软件缺陷
(C)发现并修复潜在的安全漏洞
(D)优化代码性能，提升系统响应速度"
"【单选题】根据数据保护与隐私的法规要求，企业在发生数据泄露事件时必须立即采取( )
措施。
(A)通知受影响的用户，报告给相关监管机构
(B)不通知受影响的用户，自行处理
(C)进行内部调查
(D)加强数据安全措施";"【DeepSeek答案】A

⚠️ PDF答案缺失，此为AI预测答案


【题目】
根据数据保护与隐私的法规要求，企业在发生数据泄露事件时必须立即采取( )
措施。
(A)通知受影响的用户，报告给相关监管机构
(B)不通知受影响的用户，自行处理
(C)进行内部调查
(D)加强数据安全措施"
"【单选题】网络拓扑结构对故障恢复策略性设计的影响主要体现在( )方面。
(A)数据传输速度
(B)系统容错能力
(C)资源利用率
(D)系统安全性";"【DeepSeek答案】B

⚠️ PDF答案缺失，此为AI预测答案


【题目】
网络拓扑结构对故障恢复策略性设计的影响主要体现在( )方面。
(A)数据传输速度
(B)系统容错能力
(C)资源利用率
(D)系统安全性"
"【单选题】在产品维护与升级的制定过程中，( )步骤是确保产品质量的重要措施。
人工智能训练师（三级）理论知识复习题
(A)制定详细的维护计划
(B)定期进行产品审查
(C)收集用户反馈
(D)实施严格的版本控制";"【DeepSeek答案】B

⚠️ PDF答案缺失，此为AI预测答案


【题目】
在产品维护与升级的制定过程中，( )步骤是确保产品质量的重要措施。
人工智能训练师（三级）理论知识复习题
(A)制定详细的维护计划
(B)定期进行产品审查
(C)收集用户反馈
(D)实施严格的版本控制"
"【单选题】在AI产品的迭代过程中，用户反馈的主要作用是( )。
(A)确定产品功能方向
(B)评估市场营销策略
(C)优化产品性能和用户体验
(D)预测未来市场趋势";"【DeepSeek答案】C

⚠️ PDF答案缺失，此为AI预测答案


【题目】
在AI产品的迭代过程中，用户反馈的主要作用是( )。
(A)确定产品功能方向
(B)评估市场营销策略
(C)优化产品性能和用户体验
(D)预测未来市场趋势"
"【单选题】人工智能训练师在提升AI模型性能时，与人机交互的( )方面关系最为紧密。
(A)算法设计
(B)数据标注
(C)硬件设备选择
(D)用户体验优化";"【DeepSeek答案】D

⚠️ PDF答案缺失，此为AI预测答案


【题目】
人工智能训练师在提升AI模型性能时，与人机交互的( )方面关系最为紧密。
(A)算法设计
(B)数据标注
(C)硬件设备选择
(D)用户体验优化"
"【单选题】在人机交互系统中，( )负责将计算机处理后的结果呈现给用户。
(A)处理器
(B)内存
(C)硬盘
(D)显示器";"【DeepSeek答案】D

⚠️ PDF答案缺失，此为AI预测答案


【题目】
在人机交互系统中，( )负责将计算机处理后的结果呈现给用户。
(A)处理器
(B)内存
(C)硬盘
(D)显示器"
"【单选题】人机交互中的控制器负责( )功能。
(A)接收用户输入并转换为机器可识别的信号
(B)处理来自输入设备的信号并将其转换为输出设备可显示的信息
(C)控制计算机系统的硬件和软件资源
(D)管理计算机系统的电源和散热系统";"【DeepSeek答案】A

⚠️ PDF答案缺失，此为AI预测答案


【题目】
人机交互中的控制器负责( )功能。
(A)接收用户输入并转换为机器可识别的信号
(B)处理来自输入设备的信号并将其转换为输出设备可显示的信息
(C)控制计算机系统的硬件和软件资源
(D)管理计算机系统的电源和散热系统"
"【单选题】在设计人机交互界面时，( )是非常重要的，因为它可以帮助用户快速理解如何
使用产品。
(A)直观性
人工智能训练师（三级）理论知识复习题
(B)一致性
(C)反馈
(D)效率";"【DeepSeek答案】A

⚠️ PDF答案缺失，此为AI预测答案


【题目】
在设计人机交互界面时，( )是非常重要的，因为它可以帮助用户快速理解如何
使用产品。
(A)直观性
人工智能训练师（三级）理论知识复习题
(B)一致性
(C)反馈
(D)效率"
"【单选题】在设计输出设备时，应该确保其( )。
(A)显示效果清晰
(B)响应速度快
(C)数据安全性高
(D)兼容多种格式";"【DeepSeek答案】A

⚠️ PDF答案缺失，此为AI预测答案


【题目】
在设计输出设备时，应该确保其( )。
(A)显示效果清晰
(B)响应速度快
(C)数据安全性高
(D)兼容多种格式"
"【单选题】在项目管理中，( )是确保项目顺利进行的关键环节之一。
(A)规划
(B)执行
(C)监控
(D)反馈";"【DeepSeek答案】C

⚠️ PDF答案缺失，此为AI预测答案


【题目】
在项目管理中，( )是确保项目顺利进行的关键环节之一。
(A)规划
(B)执行
(C)监控
(D)反馈"
"【单选题】在产品设计中，为了确保可访问性，( )原则是必须遵循的。
(A)简洁明了的设计
(B)一致性和标准化
(C)易于理解和操作
(D)美观和视觉吸引力";"【DeepSeek答案】C

⚠️ PDF答案缺失，此为AI预测答案


【题目】
在产品设计中，为了确保可访问性，( )原则是必须遵循的。
(A)简洁明了的设计
(B)一致性和标准化
(C)易于理解和操作
(D)美观和视觉吸引力"
"【单选题】( )触控技术可以实现多点触控，提高用户体验。
(A)电容式
(B)电阻式
(C)红外线
(D)超声波";"【DeepSeek答案】A

⚠️ PDF答案缺失，此为AI预测答案


【题目】
( )触控技术可以实现多点触控，提高用户体验。
(A)电容式
(B)电阻式
(C)红外线
(D)超声波"
"【单选题】( )是语音交互设计中，人工智能训练师需要特别关注的事项。
(A)系统响应速度
(B)语音识别准确率
(C)用户体验调查问卷的满意度评分
人工智能训练师（三级）理论知识复习题
(D)用户对话内容的情感倾向";"【DeepSeek答案】B

⚠️ PDF答案缺失，此为AI预测答案


【题目】
( )是语音交互设计中，人工智能训练师需要特别关注的事项。
(A)系统响应速度
(B)语音识别准确率
(C)用户体验调查问卷的满意度评分
人工智能训练师（三级）理论知识复习题
(D)用户对话内容的情感倾向"
"【单选题】最能体现AR技术的实时交互特性的功能是( )。
(A)存储大量数据的能力
(B)实时提供反馈和指导
(C)高精度的数据分析
(D)长期跟踪学习进展";"【DeepSeek答案】B

⚠️ PDF答案缺失，此为AI预测答案


【题目】
最能体现AR技术的实时交互特性的功能是( )。
(A)存储大量数据的能力
(B)实时提供反馈和指导
(C)高精度的数据分析
(D)长期跟踪学习进展"
"【单选题】虚拟现实VR交互设计中，为了提高用户的操作效率，应该采用( )输入设备。
(A)游戏手柄
(B)运动控制器
(C)头戴式显示器
(D)触觉反馈手套";"【DeepSeek答案】B

⚠️ PDF答案缺失，此为AI预测答案


【题目】
虚拟现实VR交互设计中，为了提高用户的操作效率，应该采用( )输入设备。
(A)游戏手柄
(B)运动控制器
(C)头戴式显示器
(D)触觉反馈手套"
"【单选题】在设计多模态交互系统时，需要考虑用户的上下文环境的原因是( )。
(A)因为上下文环境对系统性能没有影响
(B)为了适应不同的环境噪声水平，优化语音识别
(C)为了确保在任何环境下，交互模式都能有效、安全地工作
(D)上下文环境只影响视觉模式的交互";"【DeepSeek答案】C

⚠️ PDF答案缺失，此为AI预测答案


【题目】
在设计多模态交互系统时，需要考虑用户的上下文环境的原因是( )。
(A)因为上下文环境对系统性能没有影响
(B)为了适应不同的环境噪声水平，优化语音识别
(C)为了确保在任何环境下，交互模式都能有效、安全地工作
(D)上下文环境只影响视觉模式的交互"
"【单选题】在人工智能训练过程中，人工智能训练师( )有效利用用户研究的方法来提升模
型性能。
(A)仅依赖个人经验进行模型调优
(B)忽视用户反馈，仅关注技术指标的优化
(C)深入分析用户数据，结合用户研究方法论来指导模型训练
(D)随意选择用户研究工具，不进行系统分析";"【DeepSeek答案】C

⚠️ PDF答案缺失，此为AI预测答案


【题目】
在人工智能训练过程中，人工智能训练师( )有效利用用户研究的方法来提升模
型性能。
(A)仅依赖个人经验进行模型调优
(B)忽视用户反馈，仅关注技术指标的优化
(C)深入分析用户数据，结合用户研究方法论来指导模型训练
(D)随意选择用户研究工具，不进行系统分析"
"【单选题】( )是原型设计与测试过程中，人工智能训练师用于指导模型调整的关键信息来
源。
(A)模型的内部代码结构
(B)用户反馈的定性与定量数据
(C)硬件设备的性能指标
人工智能训练师（三级）理论知识复习题
(D)训练数据集的规模";"【DeepSeek答案】B

⚠️ PDF答案缺失，此为AI预测答案


【题目】
( )是原型设计与测试过程中，人工智能训练师用于指导模型调整的关键信息来
源。
(A)模型的内部代码结构
(B)用户反馈的定性与定量数据
(C)硬件设备的性能指标
人工智能训练师（三级）理论知识复习题
(D)训练数据集的规模"
"【单选题】在用户测试与评估的过程中，( )阶段是用来确定测试目标和范围。
(A)需求分析
(B)设计测试用例
(C)执行测试
(D)结果分析与改进";"【DeepSeek答案】A

⚠️ PDF答案缺失，此为AI预测答案


【题目】
在用户测试与评估的过程中，( )阶段是用来确定测试目标和范围。
(A)需求分析
(B)设计测试用例
(C)执行测试
(D)结果分析与改进"
"【单选题】情感设计的核心目标是提高用户的( )满意度。
(A)功能满意度
(B)价格满意度
(C)情感满意度
(D)品牌满意度";"【DeepSeek答案】C

⚠️ PDF答案缺失，此为AI预测答案


【题目】
情感设计的核心目标是提高用户的( )满意度。
(A)功能满意度
(B)价格满意度
(C)情感满意度
(D)品牌满意度"
"【单选题】在设计智能语音助手时，( )助于提高用户满意度。
(A)增加更多的语音指令
(B)减少语音识别的错误率
(C)使用更复杂的算法来处理用户输入
(D)限制助手的功能范围以简化使用";"【DeepSeek答案】B

⚠️ PDF答案缺失，此为AI预测答案


【题目】
在设计智能语音助手时，( )助于提高用户满意度。
(A)增加更多的语音指令
(B)减少语音识别的错误率
(C)使用更复杂的算法来处理用户输入
(D)限制助手的功能范围以简化使用"
"【单选题】( )不是人机交互系统的常见性能评价指标。
(A)响应时间
(B)用户满意度
(C)输入设备的价格
(D)系统稳定性";"【DeepSeek答案】C

⚠️ PDF答案缺失，此为AI预测答案


【题目】
( )不是人机交互系统的常见性能评价指标。
(A)响应时间
(B)用户满意度
(C)输入设备的价格
(D)系统稳定性"
"【单选题】在设计用户中心时，应该遵循( )原则来提高用户体验。
(A)保持一致性
(B)减少操作步骤
(C)使用复杂的界面设计
(D)提供个性化推荐";"【DeepSeek答案】A

⚠️ PDF答案缺失，此为AI预测答案


【题目】
在设计用户中心时，应该遵循( )原则来提高用户体验。
(A)保持一致性
(B)减少操作步骤
(C)使用复杂的界面设计
(D)提供个性化推荐"
"【单选题】设计的可用性标准不包括( )。
人工智能训练师（三级）理论知识复习题
(A)易用性
(B)高效性
(C)错误率
(D)多样性";"【DeepSeek答案】D

⚠️ PDF答案缺失，此为AI预测答案


【题目】
设计的可用性标准不包括( )。
人工智能训练师（三级）理论知识复习题
(A)易用性
(B)高效性
(C)错误率
(D)多样性"
"【单选题】在常见的交互设计模板中，( )是专门为提高网站可用性和导航效率设计的。
(A)登录界面模板
(B)用户信息编辑模板
(C)网站导航栏模板
(D)商品详情页面模板";"【DeepSeek答案】C

⚠️ PDF答案缺失，此为AI预测答案


【题目】
在常见的交互设计模板中，( )是专门为提高网站可用性和导航效率设计的。
(A)登录界面模板
(B)用户信息编辑模板
(C)网站导航栏模板
(D)商品详情页面模板"
"【单选题】设计过程中收集用户反馈的方法不包括( )。
(A)用户访谈
(B)问卷调查
(C)A/B测试
(D)代码审查";"【DeepSeek答案】D

⚠️ PDF答案缺失，此为AI预测答案


【题目】
设计过程中收集用户反馈的方法不包括( )。
(A)用户访谈
(B)问卷调查
(C)A/B测试
(D)代码审查"
"【单选题】任务分解后，每个( )都应该有明确的负责人。
(A)子任务
(B)总任务
(C)关键环节
(D)关键节点";"【DeepSeek答案】A

⚠️ PDF答案缺失，此为AI预测答案


【题目】
任务分解后，每个( )都应该有明确的负责人。
(A)子任务
(B)总任务
(C)关键环节
(D)关键节点"
"【单选题】流式布局适用于( )场景。
(A)内容较多的页面
(B)需要保持元素之间相对位置的页面
(C)需要适应不同屏幕尺寸的页面
(D)需要展示大量图片的页面";"【DeepSeek答案】C

⚠️ PDF答案缺失，此为AI预测答案


【题目】
流式布局适用于( )场景。
(A)内容较多的页面
(B)需要保持元素之间相对位置的页面
(C)需要适应不同屏幕尺寸的页面
(D)需要展示大量图片的页面"
"【单选题】为了提高用户体验，开发者应该关注( )。
(A)应用的界面设计
(B)应用的性能优化
人工智能训练师（三级）理论知识复习题
(C)用户的使用情境分析
(D)应用的推广策略";"【DeepSeek答案】C

⚠️ PDF答案缺失，此为AI预测答案


【题目】
为了提高用户体验，开发者应该关注( )。
(A)应用的界面设计
(B)应用的性能优化
人工智能训练师（三级）理论知识复习题
(C)用户的使用情境分析
(D)应用的推广策略"
"【单选题】AdobeXD的快速原型制作主要用于( )。
(A)制作高保真原型
(B)制作低保真原型
(C)进行用户调查
(D)进行市场调研";"【DeepSeek答案】A

⚠️ PDF答案缺失，此为AI预测答案


【题目】
AdobeXD的快速原型制作主要用于( )。
(A)制作高保真原型
(B)制作低保真原型
(C)进行用户调查
(D)进行市场调研"
"【单选题】AdobeXD的视觉设计工具用于( )。
(A)制作用户旅程地图
(B)进行用户访谈
(C)设计界面UI
(D)进行原型测试";"【DeepSeek答案】C

⚠️ PDF答案缺失，此为AI预测答案


【题目】
AdobeXD的视觉设计工具用于( )。
(A)制作用户旅程地图
(B)进行用户访谈
(C)设计界面UI
(D)进行原型测试"
"【单选题】AxureRP的条件逻辑设置用于( )。
(A)设计界面UI
(B)制作用户旅程地图
(C)实现交互逻辑
(D)进行用户调查";"【DeepSeek答案】C

⚠️ PDF答案缺失，此为AI预测答案


【题目】
AxureRP的条件逻辑设置用于( )。
(A)设计界面UI
(B)制作用户旅程地图
(C)实现交互逻辑
(D)进行用户调查"
"【单选题】AxureRP的复杂交互模拟用于( )。
(A)制作高保真原型
(B)进行用户访谈
(C)设计信息架构
(D)进行市场调研";"【DeepSeek答案】A

⚠️ PDF答案缺失，此为AI预测答案


【题目】
AxureRP的复杂交互模拟用于( )。
(A)制作高保真原型
(B)进行用户访谈
(C)设计信息架构
(D)进行市场调研"
"【单选题】BalsamiqMockups的低保真设计用于( )。
(A)制作高保真原型
(B)制作低保真原型
(C)进行用户访谈
(D)设计信息架构
人工智能训练师（三级）理论知识复习题";"【DeepSeek答案】B

⚠️ PDF答案缺失，此为AI预测答案


【题目】
BalsamiqMockups的低保真设计用于( )。
(A)制作高保真原型
(B)制作低保真原型
(C)进行用户访谈
(D)设计信息架构
人工智能训练师（三级）理论知识复习题"
"【单选题】Figma的设计系统支持用于( )。
(A)制作用户旅程地图
(B)设计界面UI
(C)进行用户访谈
(D)制作高保真原型";"【DeepSeek答案】B

⚠️ PDF答案缺失，此为AI预测答案


【题目】
Figma的设计系统支持用于( )。
(A)制作用户旅程地图
(B)设计界面UI
(C)进行用户访谈
(D)制作高保真原型"
"【单选题】Marvel的简单交互设计用于( )。
(A)制作高保真原型
(B)制作低保真原型
(C)设计界面UI
(D)进行用户访谈";"【DeepSeek答案】A

⚠️ PDF答案缺失，此为AI预测答案


【题目】
Marvel的简单交互设计用于( )。
(A)制作高保真原型
(B)制作低保真原型
(C)设计界面UI
(D)进行用户访谈"
"【单选题】Marvel的设计评审功能用于( )。
(A)进行用户访谈
(B)设计界面UI
(C)进行原型测试
(D)制作用户旅程地图";"【DeepSeek答案】C

⚠️ PDF答案缺失，此为AI预测答案


【题目】
Marvel的设计评审功能用于( )。
(A)进行用户访谈
(B)设计界面UI
(C)进行原型测试
(D)制作用户旅程地图"
"【单选题】Marvel的响应式设计预览用于( )。
(A)设计界面UI
(B)制作用户旅程地图
(C)进行用户访谈
(D)制作低保真原型";"【DeepSeek答案】A

⚠️ PDF答案缺失，此为AI预测答案


【题目】
Marvel的响应式设计预览用于( )。
(A)设计界面UI
(B)制作用户旅程地图
(C)进行用户访谈
(D)制作低保真原型"
"【单选题】在Sketch的插件生态系统中，( )插件可以帮助设计师快速创建和管理调色板，
保持设计色彩一致性。
(A)SketchMeasure
(B)ArtboardSnapping
(C)ColorPalettes
(D)AutoLayout";"【DeepSeek答案】C

⚠️ PDF答案缺失，此为AI预测答案


【题目】
在Sketch的插件生态系统中，( )插件可以帮助设计师快速创建和管理调色板，
保持设计色彩一致性。
(A)SketchMeasure
(B)ArtboardSnapping
(C)ColorPalettes
(D)AutoLayout"
"【单选题】Sketch的矢量图形编辑用于( )。
人工智能训练师（三级）理论知识复习题
(A)设计界面UI
(B)进行用户访谈
(C)制作高保真原型
(D)进行原型测试";"【DeepSeek答案】A

⚠️ PDF答案缺失，此为AI预测答案


【题目】
Sketch的矢量图形编辑用于( )。
人工智能训练师（三级）理论知识复习题
(A)设计界面UI
(B)进行用户访谈
(C)制作高保真原型
(D)进行原型测试"
"【单选题】为了使培训讲义更具吸引力，编写时应注重( )的选取和使用。
(A)案例
(B)理论
(C)数据
(D)图表";"【DeepSeek答案】A

⚠️ PDF答案缺失，此为AI预测答案


【题目】
为了使培训讲义更具吸引力，编写时应注重( )的选取和使用。
(A)案例
(B)理论
(C)数据
(D)图表"
"【单选题】为了使培训讲义更具吸引力，可以采用( )的排版方式。
(A)单一字体
(B)多种字体
(C)大量图片
(D)简单图表";"【DeepSeek答案】C

⚠️ PDF答案缺失，此为AI预测答案


【题目】
为了使培训讲义更具吸引力，可以采用( )的排版方式。
(A)单一字体
(B)多种字体
(C)大量图片
(D)简单图表"
"【单选题】在编写培训讲义的过程中，( )是至关重要的环节。
(A)收集资料
(B)设计课程大纲
(C)制作课件
(D)进行试讲";"【DeepSeek答案】B

⚠️ PDF答案缺失，此为AI预测答案


【题目】
在编写培训讲义的过程中，( )是至关重要的环节。
(A)收集资料
(B)设计课程大纲
(C)制作课件
(D)进行试讲"
"【单选题】( )是通过让员工参与实际工作任务来提高他们的技能和知识的方法。
(A)角色扮演法
(B)案例分析法
(C)工作轮换法
(D)模拟训练法";"【DeepSeek答案】C

⚠️ PDF答案缺失，此为AI预测答案


【题目】
( )是通过让员工参与实际工作任务来提高他们的技能和知识的方法。
(A)角色扮演法
(B)案例分析法
(C)工作轮换法
(D)模拟训练法"
"【单选题】研讨会法的主要优点是( )。
(A)能够让员工积极参与讨论
(B)能够培养员工的创新能力
人工智能训练师（三级）理论知识复习题
(C)能够提供即时的反馈
(D)能够培养员工的团队合作精神";"【DeepSeek答案】A

⚠️ PDF答案缺失，此为AI预测答案


【题目】
研讨会法的主要优点是( )。
(A)能够让员工积极参与讨论
(B)能够培养员工的创新能力
人工智能训练师（三级）理论知识复习题
(C)能够提供即时的反馈
(D)能够培养员工的团队合作精神"
"【单选题】案例分析法( )。
(A)需要大量时间准备案例
(B)适用于所有学科
(C)可以提高学生的实践能力
(D)无法培养学生的理论素养";"【DeepSeek答案】C

⚠️ PDF答案缺失，此为AI预测答案


【题目】
案例分析法( )。
(A)需要大量时间准备案例
(B)适用于所有学科
(C)可以提高学生的实践能力
(D)无法培养学生的理论素养"
"【单选题】企业常用的培训方法包括讲授法、讨论法、( )和案例分析法。
(A)角色扮演法
(B)游戏法
(C)实地考察法
(D)实践法";"【DeepSeek答案】A

⚠️ PDF答案缺失，此为AI预测答案


【题目】
企业常用的培训方法包括讲授法、讨论法、( )和案例分析法。
(A)角色扮演法
(B)游戏法
(C)实地考察法
(D)实践法"
"【单选题】在进行数据处理时，( )步骤应该首先进行。
(A)数据转换
(B)数据抽取
(C)数据加载
(D)数据探索";"【DeepSeek答案】D

⚠️ PDF答案缺失，此为AI预测答案


【题目】
在进行数据处理时，( )步骤应该首先进行。
(A)数据转换
(B)数据抽取
(C)数据加载
(D)数据探索"
"【单选题】在数据处理过程中，( )步骤不会导致数据丢失或错误。
(A)数据清洗
(B)数据转换
(C)数据加载
(D)数据计算";"【DeepSeek答案】A

⚠️ PDF答案缺失，此为AI预测答案


【题目】
在数据处理过程中，( )步骤不会导致数据丢失或错误。
(A)数据清洗
(B)数据转换
(C)数据加载
(D)数据计算"
"【单选题】在数据处理阶段，( )的方法可以帮助提高数据处理效率。
(A)使用更强大的硬件设备
(B)优化数据处理算法
(C)增加数据处理人员
(D)采用集中式计算
人工智能训练师（三级）理论知识复习题";"【DeepSeek答案】B

⚠️ PDF答案缺失，此为AI预测答案


【题目】
在数据处理阶段，( )的方法可以帮助提高数据处理效率。
(A)使用更强大的硬件设备
(B)优化数据处理算法
(C)增加数据处理人员
(D)采用集中式计算
人工智能训练师（三级）理论知识复习题"
"【单选题】当面临数据标注不一致的问题时，应该采取的措施是( )。
(A)忽略不一致的数据
(B)随意修改数据标签
(C)重新审核和校正数据
(D)删除所有不一致的数据";"【DeepSeek答案】C

⚠️ PDF答案缺失，此为AI预测答案


【题目】
当面临数据标注不一致的问题时，应该采取的措施是( )。
(A)忽略不一致的数据
(B)随意修改数据标签
(C)重新审核和校正数据
(D)删除所有不一致的数据"
"【单选题】在人工智能训练过程中，数据标注的重要性主要体现在( )。
(A)提高计算速度
(B)增强算法的鲁棒性
(C)确保数据质量
(D)降低存储需求";"【DeepSeek答案】C

⚠️ PDF答案缺失，此为AI预测答案


【题目】
在人工智能训练过程中，数据标注的重要性主要体现在( )。
(A)提高计算速度
(B)增强算法的鲁棒性
(C)确保数据质量
(D)降低存储需求"
"【单选题】当面临大量复杂的数据需要标注时，( )助于提高标注效率。
(A)增加标注人员数量
(B)减少标注任务量
(C)采用半自动标注工具
(D)忽略部分复杂数据";"【DeepSeek答案】C

⚠️ PDF答案缺失，此为AI预测答案


【题目】
当面临大量复杂的数据需要标注时，( )助于提高标注效率。
(A)增加标注人员数量
(B)减少标注任务量
(C)采用半自动标注工具
(D)忽略部分复杂数据"
"【单选题】数据标注项目中，( )最可能导致标注结果的不一致性。
(A)使用了最新的标注工具
(B)标注人员对标注标准理解不同
(C)数据集划分过于均匀
(D)标注成本低于预算";"【DeepSeek答案】B

⚠️ PDF答案缺失，此为AI预测答案


【题目】
数据标注项目中，( )最可能导致标注结果的不一致性。
(A)使用了最新的标注工具
(B)标注人员对标注标准理解不同
(C)数据集划分过于均匀
(D)标注成本低于预算"
"【多选题】职业道德，就是同人们的职业活动紧密联系的符合职业特点所要求( )的的总和。
(A) 道德准则
(B) 道德情操
(C) 道德品质
(D) 道德底线
(E) 道德约束";"⚠️ 答案待补充（PDF中为颜色标记）


【题目】
职业道德，就是同人们的职业活动紧密联系的符合职业特点所要求( )的的总和。
(A) 道德准则
(B) 道德情操
(C) 道德品质
(D) 道德底线
(E) 道德约束"
"【多选题】职业道德基本知识中，关于奉献社会的要求，正确的是( )。
(A) 树立正确的义利观
(B) 认真履行岗位职责
(C) 正确处理个人利益和集体利益的关系
(D) 增强社会责任感
(E) 以我为主";"⚠️ 答案待补充（PDF中为颜色标记）


【题目】
职业道德基本知识中，关于奉献社会的要求，正确的是( )。
(A) 树立正确的义利观
(B) 认真履行岗位职责
(C) 正确处理个人利益和集体利益的关系
(D) 增强社会责任感
(E) 以我为主"
"【多选题】在社会主义社会时期，职业道德的发展有特点包括 ( )。
(A) 个人主义盛行
(B) 注重社会责任
(C) 提倡无私奉献
(D) 追求公平正义
(E) 鼓励创新和发展";"⚠️ 答案待补充（PDF中为颜色标记）


【题目】
在社会主义社会时期，职业道德的发展有特点包括 ( )。
(A) 个人主义盛行
(B) 注重社会责任
(C) 提倡无私奉献
(D) 追求公平正义
(E) 鼓励创新和发展"
"【多选题】职业道德建设的基本原则关注职业活动中的人际关系和社会责任。这些原则鼓励人们
在职业活动中保持( )，并不断提升自己的专业知识和技能。
(A) 公正公平
(B) 爱岗敬业
(C) 团队合作
(D) 持续学习
(E) 个人至上";"⚠️ 答案待补充（PDF中为颜色标记）


【题目】
职业道德建设的基本原则关注职业活动中的人际关系和社会责任。这些原则鼓励人们
在职业活动中保持( )，并不断提升自己的专业知识和技能。
(A) 公正公平
(B) 爱岗敬业
(C) 团队合作
(D) 持续学习
(E) 个人至上"
"【多选题】人工智能训练师在进行模型训练时，应遵循的职业道德基本要求包括( )。
(A) 保护用户隐私和数据安全
人工智能训练师（三级）理论知识复习题
(B) 确保模型输出的准确性和可靠性
(C) 尊重知识产权和公平竞争
(D) 不断提升自身专业技能
(E) 遵守法律法规和公司规章制度";"⚠️ 答案待补充（PDF中为颜色标记）


【题目】
人工智能训练师在进行模型训练时，应遵循的职业道德基本要求包括( )。
(A) 保护用户隐私和数据安全
人工智能训练师（三级）理论知识复习题
(B) 确保模型输出的准确性和可靠性
(C) 尊重知识产权和公平竞争
(D) 不断提升自身专业技能
(E) 遵守法律法规和公司规章制度"
"【多选题】在人工智能训练过程中，训练师需要遵循的职业道德规范包括( )。
(A) 尊重知识产权
(B) 保持公正客观
(C) 注重数据安全
(D) 勇于创新
(E) 个人利益优先";"⚠️ 答案待补充（PDF中为颜色标记）


【题目】
在人工智能训练过程中，训练师需要遵循的职业道德规范包括( )。
(A) 尊重知识产权
(B) 保持公正客观
(C) 注重数据安全
(D) 勇于创新
(E) 个人利益优先"
"【多选题】在人工智能训练过程中，( )是不被鼓励的。
(A) 过度追求模型的准确率
(B) 忽视模型的可解释性
(C) 在未经充分验证的情况下将模型应用于实际场景
(D) 不断尝试新的技术和方法以提高模型性能
(E) 不尊重和保护用户隐私和数据安全";"⚠️ 答案待补充（PDF中为颜色标记）


【题目】
在人工智能训练过程中，( )是不被鼓励的。
(A) 过度追求模型的准确率
(B) 忽视模型的可解释性
(C) 在未经充分验证的情况下将模型应用于实际场景
(D) 不断尝试新的技术和方法以提高模型性能
(E) 不尊重和保护用户隐私和数据安全"
"【多选题】职业守则是指从事某种职业的人们在职业活动中应该遵循的行为规范的总和，它包括
( )。
(A) 道德准则
(B) 法律法规
(C) 技术规程
(D) 个人习惯
(E) 文化传统";"⚠️ 答案待补充（PDF中为颜色标记）


【题目】
职业守则是指从事某种职业的人们在职业活动中应该遵循的行为规范的总和，它包括
( )。
(A) 道德准则
(B) 法律法规
(C) 技术规程
(D) 个人习惯
(E) 文化传统"
"【多选题】关于职业守则，符合其通常具有的特点的描述为( )。
(A) 职业守则具有高度的个性化，每位从业者都可以根据自己的喜好来制定
(B) 职业守则强调从业者在工作中的专业态度和责任心
(C) 职业守则仅关注本职业内部的操作规范和流程
人工智能训练师（三级）理论知识复习题
(D) 职业守则涉及本职业与其他职业之间的合作关系与沟通
(E) 职业守则随着社会发展和行业变革而不断更新和完善";"⚠️ 答案待补充（PDF中为颜色标记）


【题目】
关于职业守则，符合其通常具有的特点的描述为( )。
(A) 职业守则具有高度的个性化，每位从业者都可以根据自己的喜好来制定
(B) 职业守则强调从业者在工作中的专业态度和责任心
(C) 职业守则仅关注本职业内部的操作规范和流程
人工智能训练师（三级）理论知识复习题
(D) 职业守则涉及本职业与其他职业之间的合作关系与沟通
(E) 职业守则随着社会发展和行业变革而不断更新和完善"
"【多选题】职业守则要求我们在工作中，不应该出现( )的情况。
(A) 承担责任
(B) 逃避责任
(C) 推卸责任
(D) 履行责任
(E) 忽略责任";"⚠️ 答案待补充（PDF中为颜色标记）


【题目】
职业守则要求我们在工作中，不应该出现( )的情况。
(A) 承担责任
(B) 逃避责任
(C) 推卸责任
(D) 履行责任
(E) 忽略责任"
"【多选题】在制定职业守则时，应遵循( )原则。
(A) 公平性
(B) 公正性
(C) 公开性
(D) 透明性
(E) 保密性";"⚠️ 答案待补充（PDF中为颜色标记）


【题目】
在制定职业守则时，应遵循( )原则。
(A) 公平性
(B) 公正性
(C) 公开性
(D) 透明性
(E) 保密性"
"【多选题】为了确保职业守则的有效实施，企业应该采取( )等措施。
(A) 制定明确、具体的职业守则
(B) 建立有效的监督和激励机制
(C) 提供必要的培训和资源支持
(D) 定期评估职业守则的执行情况并进行改进
(E) 不透明的处理过程";"⚠️ 答案待补充（PDF中为颜色标记）


【题目】
为了确保职业守则的有效实施，企业应该采取( )等措施。
(A) 制定明确、具体的职业守则
(B) 建立有效的监督和激励机制
(C) 提供必要的培训和资源支持
(D) 定期评估职业守则的执行情况并进行改进
(E) 不透明的处理过程"
"【多选题】职业守则要求从业人员在工作中做到( )。
(A) 团结协作
(B) 顾全大局
(C) 相互学习
(D) 进取创新
(E) 个人利益优先";"⚠️ 答案待补充（PDF中为颜色标记）


【题目】
职业守则要求从业人员在工作中做到( )。
(A) 团结协作
(B) 顾全大局
(C) 相互学习
(D) 进取创新
(E) 个人利益优先"
"【多选题】从业人员要做到爱岗敬业就应( )。
人工智能训练师（三级）理论知识复习题
(A) 树立正确的职业理想
(B) 强化职业责任
(C) 缺乏团队精神
(D) 提高职业技能
(E) 消极怠工";"⚠️ 答案待补充（PDF中为颜色标记）


【题目】
从业人员要做到爱岗敬业就应( )。
人工智能训练师（三级）理论知识复习题
(A) 树立正确的职业理想
(B) 强化职业责任
(C) 缺乏团队精神
(D) 提高职业技能
(E) 消极怠工"
"【多选题】在人工智能训练过程中，( )行为是不被允许的。
(A) 篡改原始数据
(B) 泄露用户隐私
(C) 优化模型性能
(D) 忽视模型可解释性
(E) 不使用未经授权的算法库";"⚠️ 答案待补充（PDF中为颜色标记）


【题目】
在人工智能训练过程中，( )行为是不被允许的。
(A) 篡改原始数据
(B) 泄露用户隐私
(C) 优化模型性能
(D) 忽视模型可解释性
(E) 不使用未经授权的算法库"
"【多选题】Windows输入法的( )智能应用可以帮助用户提高输入效率。
(A) 减少拼写错误
(B) 提高打字速度
(C) 实现语音输入
(D) 提供个性化体验
(E) 支持多种语言输入";"⚠️ 答案待补充（PDF中为颜色标记）


【题目】
Windows输入法的( )智能应用可以帮助用户提高输入效率。
(A) 减少拼写错误
(B) 提高打字速度
(C) 实现语音输入
(D) 提供个性化体验
(E) 支持多种语言输入"
"【多选题】Windows系统更新工具可以更新( )。
(A) 操作系统补丁
(B) 驱动程序
(C) 第三方应用程序
(D) 安全补丁
(E) 语言包";"⚠️ 答案待补充（PDF中为颜色标记）


【题目】
Windows系统更新工具可以更新( )。
(A) 操作系统补丁
(B) 驱动程序
(C) 第三方应用程序
(D) 安全补丁
(E) 语言包"
"【多选题】在Windows操作系统中，可能会遇到( )常见故障。
(A) 系统缓慢或冻结
(B) 软件安装错误
(C) 网络连接中断
人工智能训练师（三级）理论知识复习题
(D) 硬件不兼容
(E) 打印机驱动问题";"⚠️ 答案待补充（PDF中为颜色标记）


【题目】
在Windows操作系统中，可能会遇到( )常见故障。
(A) 系统缓慢或冻结
(B) 软件安装错误
(C) 网络连接中断
人工智能训练师（三级）理论知识复习题
(D) 硬件不兼容
(E) 打印机驱动问题"
"【多选题】在使用Windows小工具的过程中，( )操作可能会导致问题。
(A) 将小工具拖放到不适当的位置
(B) 修改小工具的设置
(C) 删除小工具
(D) 更新小工具
(E) 不更新小工具的软件版本";"⚠️ 答案待补充（PDF中为颜色标记）


【题目】
在使用Windows小工具的过程中，( )操作可能会导致问题。
(A) 将小工具拖放到不适当的位置
(B) 修改小工具的设置
(C) 删除小工具
(D) 更新小工具
(E) 不更新小工具的软件版本"
"【多选题】当你想要查找某个特定的网页时，可以使用( )。
(A) 在搜索引擎中输入关键词进行搜索
(B) 访问收藏夹中的网页链接
(C) 通过浏览器的历史记录找到之前访问过的网页
(D) 使用浏览器的地址栏直接输入网址
(E) 询问朋友或同事推荐的网页链接";"⚠️ 答案待补充（PDF中为颜色标记）


【题目】
当你想要查找某个特定的网页时，可以使用( )。
(A) 在搜索引擎中输入关键词进行搜索
(B) 访问收藏夹中的网页链接
(C) 通过浏览器的历史记录找到之前访问过的网页
(D) 使用浏览器的地址栏直接输入网址
(E) 询问朋友或同事推荐的网页链接"
"【多选题】在使用浏览器的高级探索功能时，( )可以帮助你更好地理解网页的工作原理。
(A) 查看网页的源代码
(B) 使用浏览器的开发者工具进行网络请求分析
(C) 禁用JavaScript来查看网页的基本结构
(D) 启用浏览器的广告拦截器
(E) 清除浏览器的缓存和Cookie";"⚠️ 答案待补充（PDF中为颜色标记）


【题目】
在使用浏览器的高级探索功能时，( )可以帮助你更好地理解网页的工作原理。
(A) 查看网页的源代码
(B) 使用浏览器的开发者工具进行网络请求分析
(C) 禁用JavaScript来查看网页的基本结构
(D) 启用浏览器的广告拦截器
(E) 清除浏览器的缓存和Cookie"
"【多选题】正确描述Office快捷键作用的是( )。
(A)Ctrl+C: 复制选中的内容
(B) Ctrl+V: 粘贴剪切板中的内容
(C)Ctrl+A: 查找
(D)Ctrl+F: 全选
(E) Ctrl+H: 替换";"⚠️ 答案待补充（PDF中为颜色标记）


【题目】
正确描述Office快捷键作用的是( )。
(A)Ctrl+C: 复制选中的内容
(B) Ctrl+V: 粘贴剪切板中的内容
(C)Ctrl+A: 查找
(D)Ctrl+F: 全选
(E) Ctrl+H: 替换"
"【多选题】在Word中，( )可以提高工作效率。
人工智能训练师（三级）理论知识复习题
(A) 使用快捷键
(B) 利用模板快速创建文档
(C) 批量修改文档格式
(D) 定期备份文件
(E) 使用宏自动化任务";"⚠️ 答案待补充（PDF中为颜色标记）


【题目】
在Word中，( )可以提高工作效率。
人工智能训练师（三级）理论知识复习题
(A) 使用快捷键
(B) 利用模板快速创建文档
(C) 批量修改文档格式
(D) 定期备份文件
(E) 使用宏自动化任务"
"【多选题】关于Word样式库的快速应用，( )操作可以加速文档格式设置。
(A) 创建个性化样式模板
(B) 使用“样式”功能批量修改文字格式
(C) 手动逐一调整每个段落的字体和大小
(D) 利用“格式刷”复制并应用格式
(E) 导入外部样式库进行快速设置";"⚠️ 答案待补充（PDF中为颜色标记）


【题目】
关于Word样式库的快速应用，( )操作可以加速文档格式设置。
(A) 创建个性化样式模板
(B) 使用“样式”功能批量修改文字格式
(C) 手动逐一调整每个段落的字体和大小
(D) 利用“格式刷”复制并应用格式
(E) 导入外部样式库进行快速设置"
"【多选题】在Word中进行图文混排时，可以提高文档的视觉效果和专业程度的方法有( )。
(A) 使用“样式”功能批量修改文字格式
(B) 利用“格式刷”复制并应用格式
(C) 手动逐一调整每个段落的字体和大小
(D) 导入外部样式库进行快速设置
(E) 使用“布局”或“排列”功能合理放置图片和文本";"⚠️ 答案待补充（PDF中为颜色标记）


【题目】
在Word中进行图文混排时，可以提高文档的视觉效果和专业程度的方法有( )。
(A) 使用“样式”功能批量修改文字格式
(B) 利用“格式刷”复制并应用格式
(C) 手动逐一调整每个段落的字体和大小
(D) 导入外部样式库进行快速设置
(E) 使用“布局”或“排列”功能合理放置图片和文本"
"【多选题】在Excel中，公式可以用来进行( )操作。
(A) 对工作表数据进行计算
(B) 查找特定数据
(C) 匹配不同数据项
(D) 进行数据统计
(E) 实现动画效果";"⚠️ 答案待补充（PDF中为颜色标记）


【题目】
在Excel中，公式可以用来进行( )操作。
(A) 对工作表数据进行计算
(B) 查找特定数据
(C) 匹配不同数据项
(D) 进行数据统计
(E) 实现动画效果"
"【多选题】在Excel中，进行数据排序时，可以使用( )方法。
(A) 按单元格值
(B) 按条件格式图标
(C) 按字体类型排序
人工智能训练师（三级）理论知识复习题
(D) 按字体颜色排序
(E) 按单元格颜色排序";"⚠️ 答案待补充（PDF中为颜色标记）


【题目】
在Excel中，进行数据排序时，可以使用( )方法。
(A) 按单元格值
(B) 按条件格式图标
(C) 按字体类型排序
人工智能训练师（三级）理论知识复习题
(D) 按字体颜色排序
(E) 按单元格颜色排序"
"【多选题】作为人工智能训练师，在使用Excel进行数据可视化时，( )方法可以帮助提高图
表的清晰度和专业度。
(A) 选择合适的图表类型
(B) 使用统一的色调和风格
(C) 添加图表标题和数据标签
(D) 调整图表的大小以适应更多数据
(E) 避免过多的图表特效和颜色";"⚠️ 答案待补充（PDF中为颜色标记）


【题目】
作为人工智能训练师，在使用Excel进行数据可视化时，( )方法可以帮助提高图
表的清晰度和专业度。
(A) 选择合适的图表类型
(B) 使用统一的色调和风格
(C) 添加图表标题和数据标签
(D) 调整图表的大小以适应更多数据
(E) 避免过多的图表特效和颜色"
"【多选题】关于Excel工作簿的管理，( )操作是正确的。
(A) 可以将多个工作簿合并为一个工作簿
(B) 可以对工作簿进行加密保护
(C) 可以对工作簿中的数据进行排序
(D) 可以对工作簿中的数据进行筛选
(E) 可以对工作簿中的数据进行分类汇总";"⚠️ 答案待补充（PDF中为颜色标记）


【题目】
关于Excel工作簿的管理，( )操作是正确的。
(A) 可以将多个工作簿合并为一个工作簿
(B) 可以对工作簿进行加密保护
(C) 可以对工作簿中的数据进行排序
(D) 可以对工作簿中的数据进行筛选
(E) 可以对工作簿中的数据进行分类汇总"
"【多选题】作为人工智能训练师，在利用Excel宏实现数据处理自动化时，( )操作是可能的。
(A) 自动清洗数据
(B) 自动生成图表
(C) 自动进行数据分类
(D) 自动填充公式
(E) 自动发送邮件";"⚠️ 答案待补充（PDF中为颜色标记）


【题目】
作为人工智能训练师，在利用Excel宏实现数据处理自动化时，( )操作是可能的。
(A) 自动清洗数据
(B) 自动生成图表
(C) 自动进行数据分类
(D) 自动填充公式
(E) 自动发送邮件"
"【多选题】( )情况可能导致劳动合同被认定为无效。
(A) 用人单位与劳动者未在一个月内订立书面劳动合同
(B) 劳动合同中约定的劳动报酬低于当地最低工资标准
(C) 劳动合同中约定的试用期为两个月
(D) 劳动合同中约定了违反法律、行政法规的条款
(E) 用人单位未按照合同约定支付劳动报酬
人工智能训练师（三级）理论知识复习题";"⚠️ 答案待补充（PDF中为颜色标记）


【题目】
( )情况可能导致劳动合同被认定为无效。
(A) 用人单位与劳动者未在一个月内订立书面劳动合同
(B) 劳动合同中约定的劳动报酬低于当地最低工资标准
(C) 劳动合同中约定的试用期为两个月
(D) 劳动合同中约定了违反法律、行政法规的条款
(E) 用人单位未按照合同约定支付劳动报酬
人工智能训练师（三级）理论知识复习题"
"【多选题】在劳动合同中，通常需要明确规定( )事项以保障雇员权益。
(A) 试用期长度及条件
(B) 培训和技能提升
(C) 工作职责的具体描述
(D) 合同期限和终止条件
(E) 竞业禁止和保密协议";"⚠️ 答案待补充（PDF中为颜色标记）


【题目】
在劳动合同中，通常需要明确规定( )事项以保障雇员权益。
(A) 试用期长度及条件
(B) 培训和技能提升
(C) 工作职责的具体描述
(D) 合同期限和终止条件
(E) 竞业禁止和保密协议"
"【多选题】订立劳动合同应遵循的基本原则是( )。
(A) 劳动行政部门鉴证原则
(B) 平等自愿原则
(C) 协商一致原则
(D) 遵守法律法规原则
(E) 双方公证原则";"⚠️ 答案待补充（PDF中为颜色标记）


【题目】
订立劳动合同应遵循的基本原则是( )。
(A) 劳动行政部门鉴证原则
(B) 平等自愿原则
(C) 协商一致原则
(D) 遵守法律法规原则
(E) 双方公证原则"
"【多选题】根据《中华人民共和国网络安全法》，网络运营者应当履行的安全保障义务包括
( )。
(A) 制定内部安全管理制度和操作规程，确定网络安全负责人，落实网络安全保护责任
(B) 采取防范计算机病毒和网络攻击、网络侵入等危害网络安全行为的技术措施
(C) 采取监测、记录网络运行状态、网络安全事件的技术措施，并按照规定留存相关的
网络日志不少于六个月
(D) 采取数据分类、重要数据备份和加密等措施
(E) 法律、行政法规规定的其他义务";"⚠️ 答案待补充（PDF中为颜色标记）


【题目】
根据《中华人民共和国网络安全法》，网络运营者应当履行的安全保障义务包括
( )。
(A) 制定内部安全管理制度和操作规程，确定网络安全负责人，落实网络安全保护责任
(B) 采取防范计算机病毒和网络攻击、网络侵入等危害网络安全行为的技术措施
(C) 采取监测、记录网络运行状态、网络安全事件的技术措施，并按照规定留存相关的
网络日志不少于六个月
(D) 采取数据分类、重要数据备份和加密等措施
(E) 法律、行政法规规定的其他义务"
"【多选题】在网络接入使用中，人工智能训练师应当( )确保合规性。
(A) 使用加密技术进行数据传输
(B) 定期参与网络安全培训
(C) 遵守数据保护法规
(D) 使用个人设备进行工作
(E) 保持软件和系统的更新";"⚠️ 答案待补充（PDF中为颜色标记）


【题目】
在网络接入使用中，人工智能训练师应当( )确保合规性。
(A) 使用加密技术进行数据传输
(B) 定期参与网络安全培训
(C) 遵守数据保护法规
(D) 使用个人设备进行工作
(E) 保持软件和系统的更新"
"【多选题】关键信息基础设施的运营者还应当履行( )。
人工智能训练师（三级）理论知识复习题
(A) 设置专门安全管理机构和安全管理负责人，并对该负责人和关键岗位的人员进行安
全背景审查。
(B) 定期对从业人员进行网络安全教育、技术培训和技能考核。
(C) 对重要系统和数据库进行容灾备份。
(D) 制定网络安全事件应急预案，并定期进行演练。
(E) 法律、行政法规规定的其他义务。";"⚠️ 答案待补充（PDF中为颜色标记）


【题目】
关键信息基础设施的运营者还应当履行( )。
人工智能训练师（三级）理论知识复习题
(A) 设置专门安全管理机构和安全管理负责人，并对该负责人和关键岗位的人员进行安
全背景审查。
(B) 定期对从业人员进行网络安全教育、技术培训和技能考核。
(C) 对重要系统和数据库进行容灾备份。
(D) 制定网络安全事件应急预案，并定期进行演练。
(E) 法律、行政法规规定的其他义务。"
"【多选题】( )正确描述了专利申请权主体。
(A) 发明人必须是企事业单位的员工
(B) 企事业单位可以是专利申请权主体
(C) 个人可以是专利申请权主体
(D) 发明人、企事业单位和个人都不能作为专利申请权主体
(E) 发明人、企事业单位和个人都可以作为专利申请权主体";"⚠️ 答案待补充（PDF中为颜色标记）


【题目】
( )正确描述了专利申请权主体。
(A) 发明人必须是企事业单位的员工
(B) 企事业单位可以是专利申请权主体
(C) 个人可以是专利申请权主体
(D) 发明人、企事业单位和个人都不能作为专利申请权主体
(E) 发明人、企事业单位和个人都可以作为专利申请权主体"
"【多选题】专利授权的实质性条件通常包括( )要素。
(A) 新颖性
(B) 实用性
(C) 创造性
(D) 可复制性
(E) 道德合规性";"⚠️ 答案待补充（PDF中为颜色标记）


【题目】
专利授权的实质性条件通常包括( )要素。
(A) 新颖性
(B) 实用性
(C) 创造性
(D) 可复制性
(E) 道德合规性"
"【多选题】在专利申请流程的标准化步骤中，( )属于必须进行的步骤。
(A) 提交专利申请书和相关文件
(B) 对申请进行初步审查
(C) 公布专利申请以征求公众意见
(D) 实质审查以确定发明的可专利性
(E) 办理专利权登记并支付年费以维持专利有效性";"⚠️ 答案待补充（PDF中为颜色标记）


【题目】
在专利申请流程的标准化步骤中，( )属于必须进行的步骤。
(A) 提交专利申请书和相关文件
(B) 对申请进行初步审查
(C) 公布专利申请以征求公众意见
(D) 实质审查以确定发明的可专利性
(E) 办理专利权登记并支付年费以维持专利有效性"
"【多选题】遵纪守法的社会价值体现在( )方面。
(A) 维护社会秩序
(B) 保障公民权益
人工智能训练师（三级）理论知识复习题
(C) 促进经济发展
(D) 提高道德水平
(E) 减少犯罪率";"⚠️ 答案待补充（PDF中为颜色标记）


【题目】
遵纪守法的社会价值体现在( )方面。
(A) 维护社会秩序
(B) 保障公民权益
人工智能训练师（三级）理论知识复习题
(C) 促进经济发展
(D) 提高道德水平
(E) 减少犯罪率"
"【多选题】签订劳动合同的情形中，可以认定无效或部分无效的有( )。
(A) 用人单位甲与劳动者乙签订劳动合同，为期一年，工作内容是运送假钞
(B) 用人单位甲与劳动者乙约定，社会保险由劳动者自行缴纳
(C) 用人单位甲与劳动者乙签订的劳动合同中缺少劳动保护条款
(D) 用人单位甲与劳动者乙签订的劳动合同没有约定违约金
(E) 用人单位合并以后的合同";"⚠️ 答案待补充（PDF中为颜色标记）


【题目】
签订劳动合同的情形中，可以认定无效或部分无效的有( )。
(A) 用人单位甲与劳动者乙签订劳动合同，为期一年，工作内容是运送假钞
(B) 用人单位甲与劳动者乙约定，社会保险由劳动者自行缴纳
(C) 用人单位甲与劳动者乙签订的劳动合同中缺少劳动保护条款
(D) 用人单位甲与劳动者乙签订的劳动合同没有约定违约金
(E) 用人单位合并以后的合同"
"【多选题】根据知识产权法的基本原则，( )行为属于侵权行为。
(A) 未经许可擅自使用他人的专利产品
(B) 在新闻报道中合理引用他人作品
(C) 未经允许将他人的商标用于自己的产品包装上
(D) 在学术研究中引用他人的研究成果
(E) 在公共场所播放他人的音乐作品";"⚠️ 答案待补充（PDF中为颜色标记）


【题目】
根据知识产权法的基本原则，( )行为属于侵权行为。
(A) 未经许可擅自使用他人的专利产品
(B) 在新闻报道中合理引用他人作品
(C) 未经允许将他人的商标用于自己的产品包装上
(D) 在学术研究中引用他人的研究成果
(E) 在公共场所播放他人的音乐作品"
"【多选题】属于侵犯著作权人权利的情形是( )。
(A) 未经允许，将他人作品改编成电影
(B) 未经许可，在公共场合演唱他人的歌曲
(C) 未经许可，将他人的软件进行商业性使用
(D) 未经许可，在社交媒体上分享他人的摄影作品
(E) 未经许可，将他人的文章进行翻译并发布";"⚠️ 答案待补充（PDF中为颜色标记）


【题目】
属于侵犯著作权人权利的情形是( )。
(A) 未经允许，将他人作品改编成电影
(B) 未经许可，在公共场合演唱他人的歌曲
(C) 未经许可，将他人的软件进行商业性使用
(D) 未经许可，在社交媒体上分享他人的摄影作品
(E) 未经许可，将他人的文章进行翻译并发布"
"【多选题】在讨论人工智能训练师与专利权的主体和客体时，( )是正确的。
(A) 人工智能训练师可以成为专利的发明主体
(B) 由人工智能训练师辅助开发的AI技术不能成为专利的发明客体
(C) 人工智能本身可以作为专利的发明主体
(D) 人工智能生成的技术方案可以成为专利的发明客体
(E) 人工智能训练师可以成为专利的发明客体
人工智能训练师（三级）理论知识复习题";"⚠️ 答案待补充（PDF中为颜色标记）


【题目】
在讨论人工智能训练师与专利权的主体和客体时，( )是正确的。
(A) 人工智能训练师可以成为专利的发明主体
(B) 由人工智能训练师辅助开发的AI技术不能成为专利的发明客体
(C) 人工智能本身可以作为专利的发明主体
(D) 人工智能生成的技术方案可以成为专利的发明客体
(E) 人工智能训练师可以成为专利的发明客体
人工智能训练师（三级）理论知识复习题"
"【多选题】在知识产权保护中，专利保护的对象是( )。
(A) 发明创造
(B) 实用新型
(C) 外观设计
(D) 商标
(E) 商业秘密";"⚠️ 答案待补充（PDF中为颜色标记）


【题目】
在知识产权保护中，专利保护的对象是( )。
(A) 发明创造
(B) 实用新型
(C) 外观设计
(D) 商标
(E) 商业秘密"
"【多选题】属于Python爬虫库的是( )。
(A)BeautifulSoup
(B) Scrapy
(C)NumPy
(D)Requests
(E) Pandas";"⚠️ 答案待补充（PDF中为颜色标记）


【题目】
属于Python爬虫库的是( )。
(A)BeautifulSoup
(B) Scrapy
(C)NumPy
(D)Requests
(E) Pandas"
"【多选题】数据抓取与提取的常用技术包括( )。
(A) 正则表达式
(B) 网络爬虫
(C)API接口
(D) 数据可视化
(E) 数据库查询";"⚠️ 答案待补充（PDF中为颜色标记）


【题目】
数据抓取与提取的常用技术包括( )。
(A) 正则表达式
(B) 网络爬虫
(C)API接口
(D) 数据可视化
(E) 数据库查询"
"【多选题】在数据采集流程中，使用工具可以( )。
(A) 提高数据收集的效率
(B) 确保数据的质量和一致性
(C) 简化数据清洗和预处理的步骤
(D) 加强数据分析和可视化的能力
(E) 限制了数据来源的多样性";"⚠️ 答案待补充（PDF中为颜色标记）


【题目】
在数据采集流程中，使用工具可以( )。
(A) 提高数据收集的效率
(B) 确保数据的质量和一致性
(C) 简化数据清洗和预处理的步骤
(D) 加强数据分析和可视化的能力
(E) 限制了数据来源的多样性"
"【多选题】数据治理工具在人工智能领域具有( )关键作用。
(A) 确保数据的一致性和准确性
(B) 提高数据的安全性和隐私保护
人工智能训练师（三级）理论知识复习题
(C) 简化数据收集和存储过程
(D) 增强数据分析的可重复性和可靠性
(E) 限制数据科学家的创新自由";"⚠️ 答案待补充（PDF中为颜色标记）


【题目】
数据治理工具在人工智能领域具有( )关键作用。
(A) 确保数据的一致性和准确性
(B) 提高数据的安全性和隐私保护
人工智能训练师（三级）理论知识复习题
(C) 简化数据收集和存储过程
(D) 增强数据分析的可重复性和可靠性
(E) 限制数据科学家的创新自由"
"【多选题】ETL工具的基本原理包括( )步骤。
(A) 数据抽取
(B) 数据清洗
(C) 数据转换
(D) 数据加载
(E) 数据验证";"⚠️ 答案待补充（PDF中为颜色标记）


【题目】
ETL工具的基本原理包括( )步骤。
(A) 数据抽取
(B) 数据清洗
(C) 数据转换
(D) 数据加载
(E) 数据验证"
"【多选题】在使用数据存储和管理工具时，( )可以提高工作效率。
(A) 使用自动化脚本简化数据操作
(B) 定期对数据进行清理和维护
(C) 利用内置模板快速创建报表
(D) 对数据进行分类和标签化以便于检索
(E) 避免使用复杂的查询语句以提高性能";"⚠️ 答案待补充（PDF中为颜色标记）


【题目】
在使用数据存储和管理工具时，( )可以提高工作效率。
(A) 使用自动化脚本简化数据操作
(B) 定期对数据进行清理和维护
(C) 利用内置模板快速创建报表
(D) 对数据进行分类和标签化以便于检索
(E) 避免使用复杂的查询语句以提高性能"
"【多选题】( )是云服务和工具的优势。
(A) 弹性伸缩
(B) 按需付费
(C) 自动备份
(D) 数据隔离
(E) 随时随地访问";"⚠️ 答案待补充（PDF中为颜色标记）


【题目】
( )是云服务和工具的优势。
(A) 弹性伸缩
(B) 按需付费
(C) 自动备份
(D) 数据隔离
(E) 随时随地访问"
"【多选题】在进行数据预处理时，( )工具可以帮助实现常见数据格式间的转换。
(A)Python的pandas库
(B) Java的Jackson库
(C)xmlstarlet
(D)csvkit
(E) Excel
人工智能训练师（三级）理论知识复习题";"⚠️ 答案待补充（PDF中为颜色标记）


【题目】
在进行数据预处理时，( )工具可以帮助实现常见数据格式间的转换。
(A)Python的pandas库
(B) Java的Jackson库
(C)xmlstarlet
(D)csvkit
(E) Excel
人工智能训练师（三级）理论知识复习题"
"【多选题】大数据处理平台通常可以分为( )类型。
(A) 批处理平台
(B) 流处理平台
(C) 图计算平台
(D) 内存计算平台
(E) 实时处理平台";"⚠️ 答案待补充（PDF中为颜色标记）


【题目】
大数据处理平台通常可以分为( )类型。
(A) 批处理平台
(B) 流处理平台
(C) 图计算平台
(D) 内存计算平台
(E) 实时处理平台"
"【多选题】广泛用于数据清洗和预处理阶段的工具是( )。
(A)Python的Pandas库
(B) SQLServer
(C)ApacheHadoop
(D)MicrosoftExcel
(E) TableauPrep";"⚠️ 答案待补充（PDF中为颜色标记）


【题目】
广泛用于数据清洗和预处理阶段的工具是( )。
(A)Python的Pandas库
(B) SQLServer
(C)ApacheHadoop
(D)MicrosoftExcel
(E) TableauPrep"
"【多选题】特征工程工具在人工智能应用中通常具有( )特点。
(A) 自动化特征提取
(B) 增强数据可视化
(C) 简化特征选择过程
(D) 提高模型性能
(E) 降低模型性能";"⚠️ 答案待补充（PDF中为颜色标记）


【题目】
特征工程工具在人工智能应用中通常具有( )特点。
(A) 自动化特征提取
(B) 增强数据可视化
(C) 简化特征选择过程
(D) 提高模型性能
(E) 降低模型性能"
"【多选题】使用数据质量监控工具可以( )。
(A) 自动检测数据质量问题
(B) 提供数据清洗建议
(C) 实时监控数据变化
(D) 生成数据质量报告
(E) 优化数据处理流程";"⚠️ 答案待补充（PDF中为颜色标记）


【题目】
使用数据质量监控工具可以( )。
(A) 自动检测数据质量问题
(B) 提供数据清洗建议
(C) 实时监控数据变化
(D) 生成数据质量报告
(E) 优化数据处理流程"
"【多选题】数据审核平台的主要类型包括( )。
(A) 在线审核平台
(B) 离线审核平台
人工智能训练师（三级）理论知识复习题
(C) 实时审核平台
(D) 批量审核平台
(E) 智能审核平台";"⚠️ 答案待补充（PDF中为颜色标记）


【题目】
数据审核平台的主要类型包括( )。
(A) 在线审核平台
(B) 离线审核平台
人工智能训练师（三级）理论知识复习题
(C) 实时审核平台
(D) 批量审核平台
(E) 智能审核平台"
"【多选题】在选择合适的数据可视化工具时，人工智能训练师应考虑( )因素。
(A) 易用性和学习曲线
(B) 数据兼容性和处理能力
(C) 可视化类型和定制选项
(D) 成本和许可证要求
(E) 社区支持和更新频率";"⚠️ 答案待补充（PDF中为颜色标记）


【题目】
在选择合适的数据可视化工具时，人工智能训练师应考虑( )因素。
(A) 易用性和学习曲线
(B) 数据兼容性和处理能力
(C) 可视化类型和定制选项
(D) 成本和许可证要求
(E) 社区支持和更新频率"
"【多选题】业务流程管理与优化工具可以帮助企业实现( )目标。
(A) 提高工作效率
(B) 降低运营成本
(C) 提升客户满意度
(D) 优化资源配置
(E) 实现流程自动化";"⚠️ 答案待补充（PDF中为颜色标记）


【题目】
业务流程管理与优化工具可以帮助企业实现( )目标。
(A) 提高工作效率
(B) 降低运营成本
(C) 提升客户满意度
(D) 优化资源配置
(E) 实现流程自动化"
"【多选题】数据采集的策略包括( )。
(A) 数据源的选择
(B) 数据采集的方法
(C) 数据清洗和预处理
(D) 数据存储和管理
(E) 数据分析和挖掘";"⚠️ 答案待补充（PDF中为颜色标记）


【题目】
数据采集的策略包括( )。
(A) 数据源的选择
(B) 数据采集的方法
(C) 数据清洗和预处理
(D) 数据存储和管理
(E) 数据分析和挖掘"
"【多选题】在进行数据源选择时，( )可以帮助我们找到合适的数据源。
(A) 使用搜索引擎查找相关数据
(B) 咨询专业人士或行业专家
(C) 参考权威机构发布的数据报告
(D) 通过社交媒体平台获取数据
(E) 尝试多种数据源并进行比较
人工智能训练师（三级）理论知识复习题";"⚠️ 答案待补充（PDF中为颜色标记）


【题目】
在进行数据源选择时，( )可以帮助我们找到合适的数据源。
(A) 使用搜索引擎查找相关数据
(B) 咨询专业人士或行业专家
(C) 参考权威机构发布的数据报告
(D) 通过社交媒体平台获取数据
(E) 尝试多种数据源并进行比较
人工智能训练师（三级）理论知识复习题"
"【多选题】在选择数据抓取技术时，需要考虑的因素包括( )。
(A) 抓取速度
(B) 数据准确性
(C) 技术支持
(D) 抓取范围
(E) 抓取成本";"⚠️ 答案待补充（PDF中为颜色标记）


【题目】
在选择数据抓取技术时，需要考虑的因素包括( )。
(A) 抓取速度
(B) 数据准确性
(C) 技术支持
(D) 抓取范围
(E) 抓取成本"
"【多选题】在执行网络数据抓取任务时，人工智能训练师需要注意( )法律和伦理问题。
(A) 遵守robots.txt文件规定的抓取规则
(B) 尊重版权和知识产权
(C) 避免对目标网站造成过度负担
(D) 保证数据的匿名性和隐私保护
(E) 公开抓取的数据和抓取过程";"⚠️ 答案待补充（PDF中为颜色标记）


【题目】
在执行网络数据抓取任务时，人工智能训练师需要注意( )法律和伦理问题。
(A) 遵守robots.txt文件规定的抓取规则
(B) 尊重版权和知识产权
(C) 避免对目标网站造成过度负担
(D) 保证数据的匿名性和隐私保护
(E) 公开抓取的数据和抓取过程"
"【多选题】在设计数据存储解决方案时，考虑数据的持久化，( )可以用来实现数据的持久
化。
(A) 使用事务来确保数据的一致性
(B) 实施RAID技术以提高数据冗余和可用性
(C) 采用实时内存数据库加速数据访问
(D) 使用数据备份和恢复策略
(E) 应用数据加密技术保护数据安全";"⚠️ 答案待补充（PDF中为颜色标记）


【题目】
在设计数据存储解决方案时，考虑数据的持久化，( )可以用来实现数据的持久
化。
(A) 使用事务来确保数据的一致性
(B) 实施RAID技术以提高数据冗余和可用性
(C) 采用实时内存数据库加速数据访问
(D) 使用数据备份和恢复策略
(E) 应用数据加密技术保护数据安全"
"【多选题】数据清洗与预处理流程的主要步骤包括( )。
(A) 数据筛选
(B) 数据转换
(C) 数据分析
(D) 数据集成
(E) 数据可视化";"⚠️ 答案待补充（PDF中为颜色标记）


【题目】
数据清洗与预处理流程的主要步骤包括( )。
(A) 数据筛选
(B) 数据转换
(C) 数据分析
(D) 数据集成
(E) 数据可视化"
"【多选题】在数据集成过程中，( )有助于处理数据冲突和不一致性。
(A) 数据仲裁，选择最佳数据源
人工智能训练师（三级）理论知识复习题
(B) 数据融合，结合多个数据源的信息
(C) 数据清洗，消除错误和重复项
(D) 数据加密，保护数据安全
(E) 数据压缩，减少存储空间需求";"⚠️ 答案待补充（PDF中为颜色标记）


【题目】
在数据集成过程中，( )有助于处理数据冲突和不一致性。
(A) 数据仲裁，选择最佳数据源
人工智能训练师（三级）理论知识复习题
(B) 数据融合，结合多个数据源的信息
(C) 数据清洗，消除错误和重复项
(D) 数据加密，保护数据安全
(E) 数据压缩，减少存储空间需求"
"【多选题】在业务数据相关流程中，为了确保数据安全和用户隐私，( )被广泛应用。
(A) 加密技术
(B) 访问控制
(C) 数据脱敏
(D) 数据备份
(E) 数据恢复";"⚠️ 答案待补充（PDF中为颜色标记）


【题目】
在业务数据相关流程中，为了确保数据安全和用户隐私，( )被广泛应用。
(A) 加密技术
(B) 访问控制
(C) 数据脱敏
(D) 数据备份
(E) 数据恢复"
"【多选题】实时数据处理技术中，( )特性对于处理大规模流式数据至关重要。
(A) 数据的持久化存储能力
(B) 支持窗口操作
(C) 异步数据处理能力
(D) 容错恢复机制
(E) 数据处理的确定性";"⚠️ 答案待补充（PDF中为颜色标记）


【题目】
实时数据处理技术中，( )特性对于处理大规模流式数据至关重要。
(A) 数据的持久化存储能力
(B) 支持窗口操作
(C) 异步数据处理能力
(D) 容错恢复机制
(E) 数据处理的确定性"
"【多选题】在特征选择方法中，( )方法可以用于减少特征的维度。
(A) 过滤法
(B) 包装法
(C) 嵌入法
(D) 降维法
(E) 聚类法";"⚠️ 答案待补充（PDF中为颜色标记）


【题目】
在特征选择方法中，( )方法可以用于减少特征的维度。
(A) 过滤法
(B) 包装法
(C) 嵌入法
(D) 降维法
(E) 聚类法"
"【多选题】容器化技术在业务数据处理流程中的意义包括( )。
(A) 提高资源利用率
(B) 简化部署和运维
(C) 增强系统安全性
(D) 降低硬件成本
人工智能训练师（三级）理论知识复习题
(E) 支持跨平台运行";"⚠️ 答案待补充（PDF中为颜色标记）


【题目】
容器化技术在业务数据处理流程中的意义包括( )。
(A) 提高资源利用率
(B) 简化部署和运维
(C) 增强系统安全性
(D) 降低硬件成本
人工智能训练师（三级）理论知识复习题
(E) 支持跨平台运行"
"【多选题】数据质量评估的主要目的是( )。
(A) 提高数据处理的效率
(B) 保证数据的准确性
(C) 保证数据的时效性
(D) 保证数据的完整性
(E) 保证数据的安全性";"⚠️ 答案待补充（PDF中为颜色标记）


【题目】
数据质量评估的主要目的是( )。
(A) 提高数据处理的效率
(B) 保证数据的准确性
(C) 保证数据的时效性
(D) 保证数据的完整性
(E) 保证数据的安全性"
"【多选题】数据校验过程中，为了确保数据的质量，( )步骤是必要的。
(A) 检查数据的完整性，确保没有缺失值
(B) 应用机器学习模型预测数据趋势
(C) 检测并处理异常值，避免其对分析结果的影响
(D) 验证数据的一致性，确保数据格式正确
(E) 对数据进行清洗，去除重复记录";"⚠️ 答案待补充（PDF中为颜色标记）


【题目】
数据校验过程中，为了确保数据的质量，( )步骤是必要的。
(A) 检查数据的完整性，确保没有缺失值
(B) 应用机器学习模型预测数据趋势
(C) 检测并处理异常值，避免其对分析结果的影响
(D) 验证数据的一致性，确保数据格式正确
(E) 对数据进行清洗，去除重复记录"
"【多选题】在设计高效业务流程时，( )是至关重要的。
(A) 明确流程的目标和输出
(B) 减少不必要的审批环节
(C) 提升员工的技能和培训
(D) 增加更多的检查点以确保质量
(E) 采用最新的技术而不考虑成本";"⚠️ 答案待补充（PDF中为颜色标记）


【题目】
在设计高效业务流程时，( )是至关重要的。
(A) 明确流程的目标和输出
(B) 减少不必要的审批环节
(C) 提升员工的技能和培训
(D) 增加更多的检查点以确保质量
(E) 采用最新的技术而不考虑成本"
"【多选题】合规性检查的主要目的是( )。
(A) 确保数据质量
(B) 发现潜在风险
(C) 提高数据处理效率
(D) 满足监管要求
(E) 优化数据存储结构";"⚠️ 答案待补充（PDF中为颜色标记）


【题目】
合规性检查的主要目的是( )。
(A) 确保数据质量
(B) 发现潜在风险
(C) 提高数据处理效率
(D) 满足监管要求
(E) 优化数据存储结构"
"【多选题】业务数据的特点有( )。
(A) 实时性
人工智能训练师（三级）理论知识复习题
(B) 多样性
(C) 准确性
(D) 可追溯性
(E) 安全性";"⚠️ 答案待补充（PDF中为颜色标记）


【题目】
业务数据的特点有( )。
(A) 实时性
人工智能训练师（三级）理论知识复习题
(B) 多样性
(C) 准确性
(D) 可追溯性
(E) 安全性"
"【多选题】实施人工智能项目时( )因素被认为是至关重要的成功要素。
(A) 数据质量和数量
(B) 强大的计算能力
(C) 高级算法和模型
(D) 用户界面设计
(E) 法律法规遵守";"⚠️ 答案待补充（PDF中为颜色标记）


【题目】
实施人工智能项目时( )因素被认为是至关重要的成功要素。
(A) 数据质量和数量
(B) 强大的计算能力
(C) 高级算法和模型
(D) 用户界面设计
(E) 法律法规遵守"
"【多选题】( )功能属于人工智能的范畴。
(A) 图像识别
(B) 自动翻译
(C) 智能推荐
(D) 在线客服
(E) 自动驾驶";"⚠️ 答案待补充（PDF中为颜色标记）


【题目】
( )功能属于人工智能的范畴。
(A) 图像识别
(B) 自动翻译
(C) 智能推荐
(D) 在线客服
(E) 自动驾驶"
"【多选题】推荐系统功能模块的原理包括( )方面。
(A) 协同过滤
(B) 内容推荐
(C) 混合推荐
(D) 深度学习推荐
(E) 基于知识的推荐";"⚠️ 答案待补充（PDF中为颜色标记）


【题目】
推荐系统功能模块的原理包括( )方面。
(A) 协同过滤
(B) 内容推荐
(C) 混合推荐
(D) 深度学习推荐
(E) 基于知识的推荐"
"【多选题】实现智能搜索功能模块的关键步骤有( )。
(A) 数据收集与预处理
(B) 特征提取与选择
(C) 模型训练与评估
(D) 搜索结果排序与展示
人工智能训练师（三级）理论知识复习题
(E) 网络安全与数据加密";"⚠️ 答案待补充（PDF中为颜色标记）


【题目】
实现智能搜索功能模块的关键步骤有( )。
(A) 数据收集与预处理
(B) 特征提取与选择
(C) 模型训练与评估
(D) 搜索结果排序与展示
人工智能训练师（三级）理论知识复习题
(E) 网络安全与数据加密"
"【多选题】智能交互功能模块的优势是( )。
(A) 提高用户体验
(B) 降低人工成本
(C) 增强系统智能化程度
(D) 数据安全
(E) 无法提高工作效率";"⚠️ 答案待补充（PDF中为颜色标记）


【题目】
智能交互功能模块的优势是( )。
(A) 提高用户体验
(B) 降低人工成本
(C) 增强系统智能化程度
(D) 数据安全
(E) 无法提高工作效率"
"【多选题】自动数据处理功能模块可以支持( )数据处理方式。
(A) 批量处理
(B) 实时处理
(C) 定时处理
(D) 手动处理
(E) 分布式处理";"⚠️ 答案待补充（PDF中为颜色标记）


【题目】
自动数据处理功能模块可以支持( )数据处理方式。
(A) 批量处理
(B) 实时处理
(C) 定时处理
(D) 手动处理
(E) 分布式处理"
"【多选题】在实现最优化决策功能模块时，( )方法可以被采用。
(A) 梯度下降法
(B) 遗传算法
(C) 线性规划
(D) 动态规划
(E) 拉格朗日乘数法";"⚠️ 答案待补充（PDF中为颜色标记）


【题目】
在实现最优化决策功能模块时，( )方法可以被采用。
(A) 梯度下降法
(B) 遗传算法
(C) 线性规划
(D) 动态规划
(E) 拉格朗日乘数法"
"【多选题】智能控制功能模块在( )领域有广泛应用。
(A) 智能家居
(B) 工业自动化
(C) 航空航天
(D) 医疗电子
(E) 交通运输";"⚠️ 答案待补充（PDF中为颜色标记）


【题目】
智能控制功能模块在( )领域有广泛应用。
(A) 智能家居
(B) 工业自动化
(C) 航空航天
(D) 医疗电子
(E) 交通运输"
"【多选题】自然语言处理的任务有( )。
(A) 文本分类
人工智能训练师（三级）理论知识复习题
(B) 命名实体识别
(C) 语音转换
(D) 问答系统
(E) 文本生成";"⚠️ 答案待补充（PDF中为颜色标记）


【题目】
自然语言处理的任务有( )。
(A) 文本分类
人工智能训练师（三级）理论知识复习题
(B) 命名实体识别
(C) 语音转换
(D) 问答系统
(E) 文本生成"
"【多选题】生物特征识别功能模块的特点有( )。
(A) 唯一性
(B) 稳定性
(C) 可采集性
(D) 灵活性
(E) 不可复制性";"⚠️ 答案待补充（PDF中为颜色标记）


【题目】
生物特征识别功能模块的特点有( )。
(A) 唯一性
(B) 稳定性
(C) 可采集性
(D) 灵活性
(E) 不可复制性"
"【多选题】计算机视觉涉及( )主要任务。
(A) 图像分类
(B) 目标跟踪
(C) 视频压缩
(D) 图像修复
(E) 视频编辑";"⚠️ 答案待补充（PDF中为颜色标记）


【题目】
计算机视觉涉及( )主要任务。
(A) 图像分类
(B) 目标跟踪
(C) 视频压缩
(D) 图像修复
(E) 视频编辑"
"【多选题】关于计算智能的描述，说法正确的是( )。
(A) 计算智能是一种模拟人类智能的技术和系统
(B) 计算智能主要依赖于传统编程方法
(C) 计算智能可以处理不确定性和复杂性
(D) 计算智能具有自适应和学习能力
(E) 计算智能仅限于解决特定问题";"⚠️ 答案待补充（PDF中为颜色标记）


【题目】
关于计算智能的描述，说法正确的是( )。
(A) 计算智能是一种模拟人类智能的技术和系统
(B) 计算智能主要依赖于传统编程方法
(C) 计算智能可以处理不确定性和复杂性
(D) 计算智能具有自适应和学习能力
(E) 计算智能仅限于解决特定问题"
"【多选题】在数据挖掘和知识发现的过程中，( )步骤是必不可少的。
(A) 数据清洗
(B) 数据转换
(C) 数据加密
(D) 模型训练
人工智能训练师（三级）理论知识复习题
(E) 特征提取";"⚠️ 答案待补充（PDF中为颜色标记）


【题目】
在数据挖掘和知识发现的过程中，( )步骤是必不可少的。
(A) 数据清洗
(B) 数据转换
(C) 数据加密
(D) 模型训练
人工智能训练师（三级）理论知识复习题
(E) 特征提取"
"【多选题】数据挖掘和知识发现的方法包括( )。
(A) 统计分析
(B) 序列分析
(C) 关联规则学习
(D) 分类
(E) 聚类";"⚠️ 答案待补充（PDF中为颜色标记）


【题目】
数据挖掘和知识发现的方法包括( )。
(A) 统计分析
(B) 序列分析
(C) 关联规则学习
(D) 分类
(E) 聚类"
"【多选题】业务模块构建方法的原则包括( )。
(A) 模块化设计
(B) 高内聚低耦合
(C) 单一职责原则
(D) 开闭原则
(E) 依赖倒置原则";"⚠️ 答案待补充（PDF中为颜色标记）


【题目】
业务模块构建方法的原则包括( )。
(A) 模块化设计
(B) 高内聚低耦合
(C) 单一职责原则
(D) 开闭原则
(E) 依赖倒置原则"
"【多选题】在进行业务流程优化时，应该采取( )策略。
(A) 持续改进
(B) 系统改造
(C) 全新设计
(D) 外包
(E) 合作";"⚠️ 答案待补充（PDF中为颜色标记）


【题目】
在进行业务流程优化时，应该采取( )策略。
(A) 持续改进
(B) 系统改造
(C) 全新设计
(D) 外包
(E) 合作"
"【多选题】在业务数据采集中，需要重点关注( )。
(A) 数据采集人员
(B) 数据采集工具的流行度
(C) 数据采集质量
(D) 数据采集可靠性
(E) 数据采集效率";"⚠️ 答案待补充（PDF中为颜色标记）


【题目】
在业务数据采集中，需要重点关注( )。
(A) 数据采集人员
(B) 数据采集工具的流行度
(C) 数据采集质量
(D) 数据采集可靠性
(E) 数据采集效率"
"【多选题】业务流程管理BPM的核心要素包括( )。
(A) 流程设计
人工智能训练师（三级）理论知识复习题
(B) 流程执行
(C) 流程监控
(D) 流程分析
(E) 流程优化";"⚠️ 答案待补充（PDF中为颜色标记）


【题目】
业务流程管理BPM的核心要素包括( )。
(A) 流程设计
人工智能训练师（三级）理论知识复习题
(B) 流程执行
(C) 流程监控
(D) 流程分析
(E) 流程优化"
"【多选题】在进行简单业务流程分析时，常用的方法有( )。
(A) 流程图分析法
(B) SWOT分析法
(C)5W1H分析法
(D) 实验法
(E) 头脑风暴法";"⚠️ 答案待补充（PDF中为颜色标记）


【题目】
在进行简单业务流程分析时，常用的方法有( )。
(A) 流程图分析法
(B) SWOT分析法
(C)5W1H分析法
(D) 实验法
(E) 头脑风暴法"
"【多选题】为了实现业务流程的持续改进，可以采用( )方法。
(A) 定期评估流程性能
(B) 鼓励员工提出改进建议
(C) 实施持续监控和改进机制
(D) 引入外部专家进行诊断
(E) 专注于单个流程的优化";"⚠️ 答案待补充（PDF中为颜色标记）


【题目】
为了实现业务流程的持续改进，可以采用( )方法。
(A) 定期评估流程性能
(B) 鼓励员工提出改进建议
(C) 实施持续监控和改进机制
(D) 引入外部专家进行诊断
(E) 专注于单个流程的优化"
"【多选题】业务流程优化效果的评价指标包括( )。
(A) 成本降低
(B) 效率提升
(C) 质量改进
(D) 客户满意度提高
(E) 创新能力增强";"⚠️ 答案待补充（PDF中为颜色标记）


【题目】
业务流程优化效果的评价指标包括( )。
(A) 成本降低
(B) 效率提升
(C) 质量改进
(D) 客户满意度提高
(E) 创新能力增强"
"【多选题】在综合业务流程分析流程中，( )阶段涉及到对现有流程的详细描述和改进建议。
(A) 需求分析
(B) 流程设计
(C) 流程实施
(D) 流程监控
人工智能训练师（三级）理论知识复习题
(E) 流程优化";"⚠️ 答案待补充（PDF中为颜色标记）


【题目】
在综合业务流程分析流程中，( )阶段涉及到对现有流程的详细描述和改进建议。
(A) 需求分析
(B) 流程设计
(C) 流程实施
(D) 流程监控
人工智能训练师（三级）理论知识复习题
(E) 流程优化"
"【多选题】在进行复杂业务系统改进时，可以考虑的措施有( )。
(A) 对现有系统进行全面评估
(B) 分析业务流程，找出瓶颈和问题
(C) 采用敏捷开发方法进行快速迭代
(D) 引入新技术和新工具提高系统性能
(E) 对用户进行培训，提高他们的使用技能";"⚠️ 答案待补充（PDF中为颜色标记）


【题目】
在进行复杂业务系统改进时，可以考虑的措施有( )。
(A) 对现有系统进行全面评估
(B) 分析业务流程，找出瓶颈和问题
(C) 采用敏捷开发方法进行快速迭代
(D) 引入新技术和新工具提高系统性能
(E) 对用户进行培训，提高他们的使用技能"
"【多选题】综合业务流程优化方法的原则包括：( )。
(A) 以客户为中心
(B) 以流程为导向
(C) 以结果为导向
(D) 以效率为导向
(E) 以成本为导向";"⚠️ 答案待补充（PDF中为颜色标记）


【题目】
综合业务流程优化方法的原则包括：( )。
(A) 以客户为中心
(B) 以流程为导向
(C) 以结果为导向
(D) 以效率为导向
(E) 以成本为导向"
"【多选题】通过知识表示使得机器具备的能力包括( )。
(A) 演绎
(B) 推理
(C) 解决问题
(D) 数据采集
(E) 创新";"⚠️ 答案待补充（PDF中为颜色标记）


【题目】
通过知识表示使得机器具备的能力包括( )。
(A) 演绎
(B) 推理
(C) 解决问题
(D) 数据采集
(E) 创新"
"【多选题】知识图谱是一种用于表示和组织知识的数据结构，其基本元素包括( )。
(A) 节点
(B) 数据库
(C) 算法
(D) 边
(E) 属性";"⚠️ 答案待补充（PDF中为颜色标记）


【题目】
知识图谱是一种用于表示和组织知识的数据结构，其基本元素包括( )。
(A) 节点
(B) 数据库
(C) 算法
(D) 边
(E) 属性"
"【多选题】业务数据分析工具通常可以分为( )。
(A) 报表生成工具
人工智能训练师（三级）理论知识复习题
(B) 数据挖掘工具
(C) 可视化工具
(D) 统计分析工具
(E) 数据脱敏工具";"⚠️ 答案待补充（PDF中为颜色标记）


【题目】
业务数据分析工具通常可以分为( )。
(A) 报表生成工具
人工智能训练师（三级）理论知识复习题
(B) 数据挖掘工具
(C) 可视化工具
(D) 统计分析工具
(E) 数据脱敏工具"
"【多选题】在进行业务数据分析时，通常采用( )方法来发现数据中的模式和趋势。
(A) 描述性分析
(B) 随机性分析
(C) 规范性分析
(D) 因果性分析
(E) 探索性分析";"⚠️ 答案待补充（PDF中为颜色标记）


【题目】
在进行业务数据分析时，通常采用( )方法来发现数据中的模式和趋势。
(A) 描述性分析
(B) 随机性分析
(C) 规范性分析
(D) 因果性分析
(E) 探索性分析"
"【多选题】在进行业务数据分析时，( )环节是必不可少的。
(A) 数据收集
(B) 数据清洗
(C) 数据加密
(D) 数据挖掘
(E) 数据脱敏";"⚠️ 答案待补充（PDF中为颜色标记）


【题目】
在进行业务数据分析时，( )环节是必不可少的。
(A) 数据收集
(B) 数据清洗
(C) 数据加密
(D) 数据挖掘
(E) 数据脱敏"
"【多选题】关于机器学习的基本流程，必要的步骤包括( )。
(A) 问题定义
(B) 数据收集
(C) 特征工程
(D) 模型训练与评估
(E) 部署与监控";"⚠️ 答案待补充（PDF中为颜色标记）


【题目】
关于机器学习的基本流程，必要的步骤包括( )。
(A) 问题定义
(B) 数据收集
(C) 特征工程
(D) 模型训练与评估
(E) 部署与监控"
"【多选题】生成对抗网络主要组成部分是( )。
(A) 生成器
(B) 分类器
(C) 编码器
(D) 解码器
人工智能训练师（三级）理论知识复习题
(E) 判别器";"⚠️ 答案待补充（PDF中为颜色标记）


【题目】
生成对抗网络主要组成部分是( )。
(A) 生成器
(B) 分类器
(C) 编码器
(D) 解码器
人工智能训练师（三级）理论知识复习题
(E) 判别器"
"【多选题】在智能训练中，特征提取的主要方法包括( )。
(A) 主成分分析
(B) 线性判别分析
(C) 梯度提升树
(D) 贝叶斯分类器
(E) 神经网络";"⚠️ 答案待补充（PDF中为颜色标记）


【题目】
在智能训练中，特征提取的主要方法包括( )。
(A) 主成分分析
(B) 线性判别分析
(C) 梯度提升树
(D) 贝叶斯分类器
(E) 神经网络"
"【多选题】在模型训练中，可以用来改善模型的性能的策略包括( )。
(A) 增加训练数据集的大小
(B) 减少学习率
(C) 使用早停技术
(D) 增加模型复杂度
(E) 应用正则化技术";"⚠️ 答案待补充（PDF中为颜色标记）


【题目】
在模型训练中，可以用来改善模型的性能的策略包括( )。
(A) 增加训练数据集的大小
(B) 减少学习率
(C) 使用早停技术
(D) 增加模型复杂度
(E) 应用正则化技术"
"【多选题】数据预处理的策略有( )。
(A) 数据清洗
(B) 数据集成
(C) 数据变换
(D) 数据规约
(E) 参数调优";"⚠️ 答案待补充（PDF中为颜色标记）


【题目】
数据预处理的策略有( )。
(A) 数据清洗
(B) 数据集成
(C) 数据变换
(D) 数据规约
(E) 参数调优"
"【多选题】在数据增强中，( )方法可以增加数据的多样性。
(A) 翻转图像
(B) 固定剪裁
(C) 旋转图像
(D) 添加噪声
(E) 低分辨率模拟";"⚠️ 答案待补充（PDF中为颜色标记）


【题目】
在数据增强中，( )方法可以增加数据的多样性。
(A) 翻转图像
(B) 固定剪裁
(C) 旋转图像
(D) 添加噪声
(E) 低分辨率模拟"
"【多选题】( )方法属于水平分片技术。
(A) 基于范围的分片
人工智能训练师（三级）理论知识复习题
(B) 基于哈希的分片
(C) 基于列表的分片
(D) 基于值的分片
(E) 基于连接的分片";"⚠️ 答案待补充（PDF中为颜色标记）


【题目】
( )方法属于水平分片技术。
(A) 基于范围的分片
人工智能训练师（三级）理论知识复习题
(B) 基于哈希的分片
(C) 基于列表的分片
(D) 基于值的分片
(E) 基于连接的分片"
"【多选题】( )标注工具可以帮助提高数据标注的效率和质量。
(A)LabelImg
(B) RectLabel
(C)VGGImageAnnotator
(D)Photoshop
(E) Coreldraw";"⚠️ 答案待补充（PDF中为颜色标记）


【题目】
( )标注工具可以帮助提高数据标注的效率和质量。
(A)LabelImg
(B) RectLabel
(C)VGGImageAnnotator
(D)Photoshop
(E) Coreldraw"
"【多选题】在模型评估指标的计算方法中，( )是正确的。
(A) 准确率可以通过计算所有预测正确的样本数除以总样本数得到
(B) 精确率可以通过计算真正例数除以所有被预测为正例的样本数得到
(C) 召回率可以通过计算真正例数除以所有实际为正例的样本数得到
(D)F1值可以通过计算精确率和召回率的调和平均值得到
(E) AUC-ROC曲线下的面积可以用来衡量模型的整体性能";"⚠️ 答案待补充（PDF中为颜色标记）


【题目】
在模型评估指标的计算方法中，( )是正确的。
(A) 准确率可以通过计算所有预测正确的样本数除以总样本数得到
(B) 精确率可以通过计算真正例数除以所有被预测为正例的样本数得到
(C) 召回率可以通过计算真正例数除以所有实际为正例的样本数得到
(D)F1值可以通过计算精确率和召回率的调和平均值得到
(E) AUC-ROC曲线下的面积可以用来衡量模型的整体性能"
"【多选题】在评估回归模型时，常用的评估指标有( )。
(A) 均方误差
(B) 均方根误差
(C) 平均绝对误差
(D)R平方
(E) 平均相对误差";"⚠️ 答案待补充（PDF中为颜色标记）


【题目】
在评估回归模型时，常用的评估指标有( )。
(A) 均方误差
(B) 均方根误差
(C) 平均绝对误差
(D)R平方
(E) 平均相对误差"
"【多选题】在选择机器学习库时，需要考虑( )因素。
(A) 库的易用性
(B) 库的性能
(C) 库的社区支持
(D) 库的文档质量
人工智能训练师（三级）理论知识复习题
(E) 库的可扩展性";"⚠️ 答案待补充（PDF中为颜色标记）


【题目】
在选择机器学习库时，需要考虑( )因素。
(A) 库的易用性
(B) 库的性能
(C) 库的社区支持
(D) 库的文档质量
人工智能训练师（三级）理论知识复习题
(E) 库的可扩展性"
"【多选题】Pandas库在数据处理方面的主要优势是( )。
(A) 强大的数据结构
(B) 高效的内存管理
(C) 丰富的数据处理函数
(D) 深度学习支持
(E) 实时数据处理";"⚠️ 答案待补充（PDF中为颜色标记）


【题目】
Pandas库在数据处理方面的主要优势是( )。
(A) 强大的数据结构
(B) 高效的内存管理
(C) 丰富的数据处理函数
(D) 深度学习支持
(E) 实时数据处理"
"【多选题】在设计数据收集任务的策略时，需要考虑( )些因素。
(A) 目标受众的特点
(B) 数据的可用性和质量
(C) 数据收集的成本和时间
(D) 数据分析的方法和技术
(E) 数据存储和管理的方案";"⚠️ 答案待补充（PDF中为颜色标记）


【题目】
在设计数据收集任务的策略时，需要考虑( )些因素。
(A) 目标受众的特点
(B) 数据的可用性和质量
(C) 数据收集的成本和时间
(D) 数据分析的方法和技术
(E) 数据存储和管理的方案"
"【多选题】( )原理是自动化标注工具常用的。
(A) 基于规则的方法
(B) 基于机器学习的方法
(C) 基于深度学习的方法
(D) 基于人工的方法
(E) 基于随机选择的方法";"⚠️ 答案待补充（PDF中为颜色标记）


【题目】
( )原理是自动化标注工具常用的。
(A) 基于规则的方法
(B) 基于机器学习的方法
(C) 基于深度学习的方法
(D) 基于人工的方法
(E) 基于随机选择的方法"
"【多选题】python工具库中，( )常用于数据加载与预处理。
(A)DataLoader
(B) Dataset
(C)NumPy
(D)Pandas
(E) Matplotlib";"⚠️ 答案待补充（PDF中为颜色标记）


【题目】
python工具库中，( )常用于数据加载与预处理。
(A)DataLoader
(B) Dataset
(C)NumPy
(D)Pandas
(E) Matplotlib"
"【多选题】在模型优化过程中，( )方法可以帮助提高模型的性能。
(A) 调整模型的超参数
人工智能训练师（三级）理论知识复习题
(B) 使用正则化技术
(C) 重复训练
(D) 尝试不同的模型结构
(E) 对模型进行集成学习";"⚠️ 答案待补充（PDF中为颜色标记）


【题目】
在模型优化过程中，( )方法可以帮助提高模型的性能。
(A) 调整模型的超参数
人工智能训练师（三级）理论知识复习题
(B) 使用正则化技术
(C) 重复训练
(D) 尝试不同的模型结构
(E) 对模型进行集成学习"
"【多选题】在模型训练过程中，( )技术可以用于防止过拟合。
(A) 数据增强
(B) 早停法
(C)Dropout
(D) 增加模型复杂度
(E) 使用更大的数据集";"⚠️ 答案待补充（PDF中为颜色标记）


【题目】
在模型训练过程中，( )技术可以用于防止过拟合。
(A) 数据增强
(B) 早停法
(C)Dropout
(D) 增加模型复杂度
(E) 使用更大的数据集"
"【多选题】( )原理是和人工智能训练师和模型训练自动化工具的工作中相关的。
(A) 数据预处理和增强
(B) 超参数优化
(C) 损失函数和梯度下降法
(D) 分布式计算和并行处理
(E) 用户界面设计和交互性改进";"⚠️ 答案待补充（PDF中为颜色标记）


【题目】
( )原理是和人工智能训练师和模型训练自动化工具的工作中相关的。
(A) 数据预处理和增强
(B) 超参数优化
(C) 损失函数和梯度下降法
(D) 分布式计算和并行处理
(E) 用户界面设计和交互性改进"
"【多选题】在系统监控中，常用于收集和分析服务器性能指标的工具是( )。
(A)Nagios
(B) Prometheus
(C)Elasticsearch
(D)Splunk
(E) TensorFlow";"⚠️ 答案待补充（PDF中为颜色标记）


【题目】
在系统监控中，常用于收集和分析服务器性能指标的工具是( )。
(A)Nagios
(B) Prometheus
(C)Elasticsearch
(D)Splunk
(E) TensorFlow"
"【多选题】在生成对抗网络中，( )方法可以用于提高生成数据的质量。
(A) 增加生成器的复杂度
(B) 增加判别器的复杂度
(C) 使用更小的学习率
(D) 使用更大的学习率
人工智能训练师（三级）理论知识复习题
(E) 增加训练轮次";"⚠️ 答案待补充（PDF中为颜色标记）


【题目】
在生成对抗网络中，( )方法可以用于提高生成数据的质量。
(A) 增加生成器的复杂度
(B) 增加判别器的复杂度
(C) 使用更小的学习率
(D) 使用更大的学习率
人工智能训练师（三级）理论知识复习题
(E) 增加训练轮次"
"【多选题】在R语言中，对数据集进行标准化的主要目的是( )。
(A) 减少数据存储空间
(B) 增加模型复杂性
(C) 改善模型收敛性
(D) 增加特征之间的可比性
(E) 降低模型预测精度";"⚠️ 答案待补充（PDF中为颜色标记）


【题目】
在R语言中，对数据集进行标准化的主要目的是( )。
(A) 减少数据存储空间
(B) 增加模型复杂性
(C) 改善模型收敛性
(D) 增加特征之间的可比性
(E) 降低模型预测精度"
"【多选题】使用模型部署工具时，通常需要考虑( )因素。
(A) 模型的性能
(B) 模型的准确性
(C) 模型的实时性
(D) 模型的可用性
(E) 模型的兼容性";"⚠️ 答案待补充（PDF中为颜色标记）


【题目】
使用模型部署工具时，通常需要考虑( )因素。
(A) 模型的性能
(B) 模型的准确性
(C) 模型的实时性
(D) 模型的可用性
(E) 模型的兼容性"
"【多选题】( )是探索性数据分析常用的可视化图形方法。
(A) 散点图
(B) 箱线图
(C) 直方图
(D) 热力图
(E) 雷达图";"⚠️ 答案待补充（PDF中为颜色标记）


【题目】
( )是探索性数据分析常用的可视化图形方法。
(A) 散点图
(B) 箱线图
(C) 直方图
(D) 热力图
(E) 雷达图"
"【多选题】在进行数据探索分析时，通常会关注( )方面的信息。
(A) 数据的完整性
(B) 数据的准确性
(C) 数据的时效性
(D) 数据的可解释性
(E) 数据的多样性";"⚠️ 答案待补充（PDF中为颜色标记）


【题目】
在进行数据探索分析时，通常会关注( )方面的信息。
(A) 数据的完整性
(B) 数据的准确性
(C) 数据的时效性
(D) 数据的可解释性
(E) 数据的多样性"
"【多选题】在python中，利用填充缺失数据处理缺失数据的方法主要有( )。
(A) 常数填充
人工智能训练师（三级）理论知识复习题
(B) 统计值填充
(C) 前向/后向填充
(D) 插值方法
(E) 模型预测填充";"⚠️ 答案待补充（PDF中为颜色标记）


【题目】
在python中，利用填充缺失数据处理缺失数据的方法主要有( )。
(A) 常数填充
人工智能训练师（三级）理论知识复习题
(B) 统计值填充
(C) 前向/后向填充
(D) 插值方法
(E) 模型预测填充"
"【多选题】在大规模数据集中，( )策略可以有效处理缺失值，同时尽量减少信息损失。
(A) 使用数据集的全局均值填充缺失值
(B) 利用邻近观测值进行局部插补
(C) 基于模型的预测填充
(D) 采用多重插补技术
(E) 删除所有含有缺失值的记录";"⚠️ 答案待补充（PDF中为颜色标记）


【题目】
在大规模数据集中，( )策略可以有效处理缺失值，同时尽量减少信息损失。
(A) 使用数据集的全局均值填充缺失值
(B) 利用邻近观测值进行局部插补
(C) 基于模型的预测填充
(D) 采用多重插补技术
(E) 删除所有含有缺失值的记录"
"【多选题】在异常值检测和处理的过程中，( )步骤是必要的。
(A) 识别异常值
(B) 分析异常值产生的原因
(C) 对异常值进行处理
(D) 忽略异常值
(E) 验证处理后的数据质量";"⚠️ 答案待补充（PDF中为颜色标记）


【题目】
在异常值检测和处理的过程中，( )步骤是必要的。
(A) 识别异常值
(B) 分析异常值产生的原因
(C) 对异常值进行处理
(D) 忽略异常值
(E) 验证处理后的数据质量"
"【多选题】处理异常值的常用方法有( )。
(A) 删除异常值
(B) 替换异常值为均值或中位数
(C) 对异常值进行变换
(D) 使用机器学习模型进行预测
(E) 替换异常值为最大值";"⚠️ 答案待补充（PDF中为颜色标记）


【题目】
处理异常值的常用方法有( )。
(A) 删除异常值
(B) 替换异常值为均值或中位数
(C) 对异常值进行变换
(D) 使用机器学习模型进行预测
(E) 替换异常值为最大值"
"【多选题】噪声数据处理的技术主要包括( )。
(A) 去噪技术
(B) 量化技术
(C) 增强技术
(D) 特征提取技术
人工智能训练师（三级）理论知识复习题
(E) 分类技术";"⚠️ 答案待补充（PDF中为颜色标记）


【题目】
噪声数据处理的技术主要包括( )。
(A) 去噪技术
(B) 量化技术
(C) 增强技术
(D) 特征提取技术
人工智能训练师（三级）理论知识复习题
(E) 分类技术"
"【多选题】影响数据去重的效率和准确性的主要因素有( )。
(A) 数据的格式
(B) 数据的规模
(C) 数据的更新频率
(D) 数据的存储位置
(E) 数据的加密方式";"⚠️ 答案待补充（PDF中为颜色标记）


【题目】
影响数据去重的效率和准确性的主要因素有( )。
(A) 数据的格式
(B) 数据的规模
(C) 数据的更新频率
(D) 数据的存储位置
(E) 数据的加密方式"
"【多选题】数据归一化的方法有( )。
(A) 最大最小归一化
(B) 均值归一化
(C) 指数归一化
(D) 众数归一化
(E) 零均值归一化";"⚠️ 答案待补充（PDF中为颜色标记）


【题目】
数据归一化的方法有( )。
(A) 最大最小归一化
(B) 均值归一化
(C) 指数归一化
(D) 众数归一化
(E) 零均值归一化"
"【多选题】数据白化处理的主要目的是( )
(A) 提高数据的可读性
(B) 减少数据的冗余
(C) 增强数据的可解释性
(D) 保护数据隐私
(E) 提高计算复杂度";"⚠️ 答案待补充（PDF中为颜色标记）


【题目】
数据白化处理的主要目的是( )
(A) 提高数据的可读性
(B) 减少数据的冗余
(C) 增强数据的可解释性
(D) 保护数据隐私
(E) 提高计算复杂度"
"【多选题】在机器学习和数据分析中，特征工程包括( )。
(A) 数据标注
(B) 数据清洗
(C) 特征选择
(D) 特征提取
(E) 特征缩放";"⚠️ 答案待补充（PDF中为颜色标记）


【题目】
在机器学习和数据分析中，特征工程包括( )。
(A) 数据标注
(B) 数据清洗
(C) 特征选择
(D) 特征提取
(E) 特征缩放"
"【多选题】使用数据标注工具时，应该注意( )。
(A) 确保标注准确性和一致性
人工智能训练师（三级）理论知识复习题
(B) 合理分配标注任务
(C) 定期检查标注质量
(D) 及时更新标注工具和库
(E) 避免过度依赖单一工具";"⚠️ 答案待补充（PDF中为颜色标记）


【题目】
使用数据标注工具时，应该注意( )。
(A) 确保标注准确性和一致性
人工智能训练师（三级）理论知识复习题
(B) 合理分配标注任务
(C) 定期检查标注质量
(D) 及时更新标注工具和库
(E) 避免过度依赖单一工具"
"【多选题】( )是数据标注的方式
(A) 手动
(B) 自动化
(C) 半自动
(D) 众包
(E) 数据编程";"⚠️ 答案待补充（PDF中为颜色标记）


【题目】
( )是数据标注的方式
(A) 手动
(B) 自动化
(C) 半自动
(D) 众包
(E) 数据编程"
"【多选题】在机器学习中，为了避免模型过拟合，通常需要对数据进行交叉验证。( )正确
的描述了交叉验证。
(A) 交叉验证是一种数据划分方法
(B) 交叉验证是一种模型评估方法
(C) 交叉验证可以有效地避免模型过拟合
(D) 交叉验证可以有效地提高模型的泛化能力
(E) 交叉验证需要将数据集划分为训练集、验证集和测试集";"⚠️ 答案待补充（PDF中为颜色标记）


【题目】
在机器学习中，为了避免模型过拟合，通常需要对数据进行交叉验证。( )正确
的描述了交叉验证。
(A) 交叉验证是一种数据划分方法
(B) 交叉验证是一种模型评估方法
(C) 交叉验证可以有效地避免模型过拟合
(D) 交叉验证可以有效地提高模型的泛化能力
(E) 交叉验证需要将数据集划分为训练集、验证集和测试集"
"【多选题】自动化标注的优势包括( )。
(A) 提高标注效率
(B) 降低人力成本
(C) 减少标注误差
(D) 提高数据质量
(E) 增加标注速度";"⚠️ 答案待补充（PDF中为颜色标记）


【题目】
自动化标注的优势包括( )。
(A) 提高标注效率
(B) 降低人力成本
(C) 减少标注误差
(D) 提高数据质量
(E) 增加标注速度"
"【多选题】分布式数据处理的主要优势包括( )。
(A) 提高数据处理速度
(B) 降低单个节点的负载
(C) 增强系统的可扩展性
人工智能训练师（三级）理论知识复习题
(D) 支持实时数据处理
(E) 保证数据的一致性";"⚠️ 答案待补充（PDF中为颜色标记）


【题目】
分布式数据处理的主要优势包括( )。
(A) 提高数据处理速度
(B) 降低单个节点的负载
(C) 增强系统的可扩展性
人工智能训练师（三级）理论知识复习题
(D) 支持实时数据处理
(E) 保证数据的一致性"
"【多选题】数据可追溯性是指数据从产生到销毁的整个生命周期内，能够追踪和记录数据的
来源、修改、传输和使用情况的能力。( )符合数据可追溯性的定义。
(A) 数据在存储过程中可以被篡改
(B) 数据在传输过程中可以被加密
(C) 数据在删除后可以被恢复
(D) 数据在创建时可以自动记录时间戳
(E) 数据在访问时可以进行身份验证";"⚠️ 答案待补充（PDF中为颜色标记）


【题目】
数据可追溯性是指数据从产生到销毁的整个生命周期内，能够追踪和记录数据的
来源、修改、传输和使用情况的能力。( )符合数据可追溯性的定义。
(A) 数据在存储过程中可以被篡改
(B) 数据在传输过程中可以被加密
(C) 数据在删除后可以被恢复
(D) 数据在创建时可以自动记录时间戳
(E) 数据在访问时可以进行身份验证"
"【多选题】数据可追溯性的重要性是( )。
(A) 它确保了研究结果的可重复性
(B) 它允许追踪数据来源
(C) 它有助于保护知识产权
(D) 它减少了数据处理的成本
(E) 它增强了数据分析的透明度";"⚠️ 答案待补充（PDF中为颜色标记）


【题目】
数据可追溯性的重要性是( )。
(A) 它确保了研究结果的可重复性
(B) 它允许追踪数据来源
(C) 它有助于保护知识产权
(D) 它减少了数据处理的成本
(E) 它增强了数据分析的透明度"
"【多选题】在Excel中进行数据清洗时，( )操作是常用的数据预处理步骤。
(A) 数据录入
(B) 数据筛选
(C) 数据排序
(D) 数据去重
(E) 数据透视";"⚠️ 答案待补充（PDF中为颜色标记）


【题目】
在Excel中进行数据清洗时，( )操作是常用的数据预处理步骤。
(A) 数据录入
(B) 数据筛选
(C) 数据排序
(D) 数据去重
(E) 数据透视"
"【多选题】关于图像的读取、保存及显示方法，说法正确的是( )。
(A) 使用Python中的PIL库可以读取和保存图像文件
(B) 使用JavaScript中的CanvasAPI可以在网页上显示图像
(C) 使用C++中的OpenCV库可以读取和保存图像文件
(D) 使用Java中的BufferedImage类可以读取和保存图像文件
(E) 使用HTML中的br标签可以在网页上显示图像
人工智能训练师（三级）理论知识复习题";"⚠️ 答案待补充（PDF中为颜色标记）


【题目】
关于图像的读取、保存及显示方法，说法正确的是( )。
(A) 使用Python中的PIL库可以读取和保存图像文件
(B) 使用JavaScript中的CanvasAPI可以在网页上显示图像
(C) 使用C++中的OpenCV库可以读取和保存图像文件
(D) 使用Java中的BufferedImage类可以读取和保存图像文件
(E) 使用HTML中的br标签可以在网页上显示图像
人工智能训练师（三级）理论知识复习题"
"【多选题】在文本类数据清洗和标注的过程中，人工智能训练师通常会遵循( )规则与流程。
(A) 去除或更正文本中的拼写错误
(B) 识别并处理文本中的同义词和近义词
(C) 对文本进行情感分析，标注正面或负面情感
(D) 保留文本中的所有特殊字符和标点符号
(E) 将文本数据转换为小写，以统一格式";"⚠️ 答案待补充（PDF中为颜色标记）


【题目】
在文本类数据清洗和标注的过程中，人工智能训练师通常会遵循( )规则与流程。
(A) 去除或更正文本中的拼写错误
(B) 识别并处理文本中的同义词和近义词
(C) 对文本进行情感分析，标注正面或负面情感
(D) 保留文本中的所有特殊字符和标点符号
(E) 将文本数据转换为小写，以统一格式"
"【多选题】在制定视觉类数据处理规范时，至关重要的依据有( )。
(A) 遵守行业标准和法规
(B) 确保数据隐私和安全
(C) 考虑数据的多样性和代表性
(D) 优化数据处理的效率和成本
(E) 参考竞争对手的数据处理方式";"⚠️ 答案待补充（PDF中为颜色标记）


【题目】
在制定视觉类数据处理规范时，至关重要的依据有( )。
(A) 遵守行业标准和法规
(B) 确保数据隐私和安全
(C) 考虑数据的多样性和代表性
(D) 优化数据处理的效率和成本
(E) 参考竞争对手的数据处理方式"
"【多选题】在算法训练过程中，( )步骤是必不可少的。
(A) 数据收集
(B) 特征工程
(C) 模型选择
(D) 模型训练
(E) 模型评估";"⚠️ 答案待补充（PDF中为颜色标记）


【题目】
在算法训练过程中，( )步骤是必不可少的。
(A) 数据收集
(B) 特征工程
(C) 模型选择
(D) 模型训练
(E) 模型评估"
"【多选题】在机器学习项目中，( )是数据集划分时应考虑的因素。
(A) 数据集应保持独立性，避免数据泄露
(B) 数据集应具有代表性，以覆盖各种情况
(C) 数据集划分应保证每个子集大小相同
(D) 数据集划分应考虑数据的类别平衡
(E) 数据集划分应基于随机抽样原则";"⚠️ 答案待补充（PDF中为颜色标记）


【题目】
在机器学习项目中，( )是数据集划分时应考虑的因素。
(A) 数据集应保持独立性，避免数据泄露
(B) 数据集应具有代表性，以覆盖各种情况
(C) 数据集划分应保证每个子集大小相同
(D) 数据集划分应考虑数据的类别平衡
(E) 数据集划分应基于随机抽样原则"
"【多选题】( )是分布式数据库系统MyCat的三大功能。
(A) 分表
(B) 导入
人工智能训练师（三级）理论知识复习题
(C) 读写分离
(D) 备份
(E) 主从切换";"⚠️ 答案待补充（PDF中为颜色标记）


【题目】
( )是分布式数据库系统MyCat的三大功能。
(A) 分表
(B) 导入
人工智能训练师（三级）理论知识复习题
(C) 读写分离
(D) 备份
(E) 主从切换"
"【多选题】特征选择的主要目标是( )。
(A) 增加模型的复杂性
(B) 减少过拟合的风险
(C) 提高模型的预测性能
(D) 降低计算成本
(E) 使模型更易于解释";"⚠️ 答案待补充（PDF中为颜色标记）


【题目】
特征选择的主要目标是( )。
(A) 增加模型的复杂性
(B) 减少过拟合的风险
(C) 提高模型的预测性能
(D) 降低计算成本
(E) 使模型更易于解释"
"【多选题】在深度学习项目中，数据标注可能涉及的任务有( )。
(A) 对象分类
(B) 噪声消除
(C) 实例分割
(D) 边缘检测
(E) 属性标注";"⚠️ 答案待补充（PDF中为颜色标记）


【题目】
在深度学习项目中，数据标注可能涉及的任务有( )。
(A) 对象分类
(B) 噪声消除
(C) 实例分割
(D) 边缘检测
(E) 属性标注"
"【多选题】在模型训练过程中，( )步骤是必不可少的。
(A) 数据预处理
(B) 模型构建
(C) 参数初始化
(D) 模型评估
(E) 模型优化";"⚠️ 答案待补充（PDF中为颜色标记）


【题目】
在模型训练过程中，( )步骤是必不可少的。
(A) 数据预处理
(B) 模型构建
(C) 参数初始化
(D) 模型评估
(E) 模型优化"
"【多选题】在深度学习中，为了提高模型的泛化能力，通常会使用正则化技术。关于正则化
技术的分类和特点的描述，( )描述是正确的。
(A)L1正则化是一种在损失函数中加入参数绝对值之和的方法
(B) L2正则化是一种在损失函数中加入参数平方和的方法
(C)Dropout是一种在训练过程中随机丢弃一部分神经元的方法
(D)Earlystopping是一种在验证集上性能不再提升时提前终止训练的方法
人工智能训练师（三级）理论知识复习题
(E) 数据增强是一种通过对原始数据进行变换来增加数据多样性的方法";"⚠️ 答案待补充（PDF中为颜色标记）


【题目】
在深度学习中，为了提高模型的泛化能力，通常会使用正则化技术。关于正则化
技术的分类和特点的描述，( )描述是正确的。
(A)L1正则化是一种在损失函数中加入参数绝对值之和的方法
(B) L2正则化是一种在损失函数中加入参数平方和的方法
(C)Dropout是一种在训练过程中随机丢弃一部分神经元的方法
(D)Earlystopping是一种在验证集上性能不再提升时提前终止训练的方法
人工智能训练师（三级）理论知识复习题
(E) 数据增强是一种通过对原始数据进行变换来增加数据多样性的方法"
"【多选题】算法训练环境搭建的要素包括( )。
(A) 硬件设备
(B) 软件工具
(C) 数据集
(D) 网络连接
(E) 算法实现";"⚠️ 答案待补充（PDF中为颜色标记）


【题目】
算法训练环境搭建的要素包括( )。
(A) 硬件设备
(B) 软件工具
(C) 数据集
(D) 网络连接
(E) 算法实现"
"【多选题】( )机器学习框架支持深度学习，并且广泛用于工业界和学术界。
(A)TensorFlow
(B) PyTorch
(C)Scikit-learn
(D)Keras
(E) XGBoost";"⚠️ 答案待补充（PDF中为颜色标记）


【题目】
( )机器学习框架支持深度学习，并且广泛用于工业界和学术界。
(A)TensorFlow
(B) PyTorch
(C)Scikit-learn
(D)Keras
(E) XGBoost"
"【多选题】( )正确反映了“人工智能训练师”和“算法验证技术”的概念及其作用。
(A) 人工智能训练师负责设计和实施机器学习模型的训练流程。
(B) 算法验证技术主要关注于确保机器学习模型在现实世界应用中的稳定性和可靠性。
(C) 人工智能训练师通常需要掌握编程、数据处理和统计分析等多方面的技能。
(D) 算法验证技术不涉及对模型的测试，只关注算法的理论研究。
(E) 人工智能训练师的工作仅限于数据的收集和预处理，不包括模型的选择和调优。";"⚠️ 答案待补充（PDF中为颜色标记）


【题目】
( )正确反映了“人工智能训练师”和“算法验证技术”的概念及其作用。
(A) 人工智能训练师负责设计和实施机器学习模型的训练流程。
(B) 算法验证技术主要关注于确保机器学习模型在现实世界应用中的稳定性和可靠性。
(C) 人工智能训练师通常需要掌握编程、数据处理和统计分析等多方面的技能。
(D) 算法验证技术不涉及对模型的测试，只关注算法的理论研究。
(E) 人工智能训练师的工作仅限于数据的收集和预处理，不包括模型的选择和调优。"
"【多选题】超参数调优的策略包括( )。
(A) 网格搜索
(B) 随机搜索
(C) 贝叶斯优化
(D) 遗传算法
(E) 梯度下降法";"⚠️ 答案待补充（PDF中为颜色标记）


【题目】
超参数调优的策略包括( )。
(A) 网格搜索
(B) 随机搜索
(C) 贝叶斯优化
(D) 遗传算法
(E) 梯度下降法"
"【多选题】模型训练动态监控工具常见的功能是( )。
(A) 实时显示模型的训练进度
人工智能训练师（三级）理论知识复习题
(B) 能够保存和加载模型检查点
(C) 自动修复训练过程中出现的错误
(D) 提供多种方式来展示模型训练状态
(E) 允许用户设置阈值以在特定条件下触发警报或动作";"⚠️ 答案待补充（PDF中为颜色标记）


【题目】
模型训练动态监控工具常见的功能是( )。
(A) 实时显示模型的训练进度
人工智能训练师（三级）理论知识复习题
(B) 能够保存和加载模型检查点
(C) 自动修复训练过程中出现的错误
(D) 提供多种方式来展示模型训练状态
(E) 允许用户设置阈值以在特定条件下触发警报或动作"
"【多选题】在调试模型时，推荐的做法是( )。
(A) 逐步调整超参数
(B) 同时调整多个超参数
(C) 记录每次调试的结果以便分析
(D) 仅关注训练损失而不考虑验证损失
(E) 在不同的数据集上验证模型性能";"⚠️ 答案待补充（PDF中为颜色标记）


【题目】
在调试模型时，推荐的做法是( )。
(A) 逐步调整超参数
(B) 同时调整多个超参数
(C) 记录每次调试的结果以便分析
(D) 仅关注训练损失而不考虑验证损失
(E) 在不同的数据集上验证模型性能"
"【多选题】在选择算法测试的评价指标时，需要考虑( )因素。
(A) 算法的准确性
(B) 算法的效率
(C) 算法的稳定性
(D) 算法的代码长度
(E) 算法的可读性";"⚠️ 答案待补充（PDF中为颜色标记）


【题目】
在选择算法测试的评价指标时，需要考虑( )因素。
(A) 算法的准确性
(B) 算法的效率
(C) 算法的稳定性
(D) 算法的代码长度
(E) 算法的可读性"
"【多选题】( )是在模型部署阶段进行的。
(A) 模型训练
(B) 模型验证
(C) 模型转换
(D) 环境配置
(E) 性能测试";"⚠️ 答案待补充（PDF中为颜色标记）


【题目】
( )是在模型部署阶段进行的。
(A) 模型训练
(B) 模型验证
(C) 模型转换
(D) 环境配置
(E) 性能测试"
"【多选题】( )工具提供了模型转换功能，以便于模型部署。
(A)TensorFlowSavedModel
(B) ONNXConverter
(C)PyTorchTorchScript
(D)TensorFlowLiteConverter
人工智能训练师（三级）理论知识复习题
(E) Django";"⚠️ 答案待补充（PDF中为颜色标记）


【题目】
( )工具提供了模型转换功能，以便于模型部署。
(A)TensorFlowSavedModel
(B) ONNXConverter
(C)PyTorchTorchScript
(D)TensorFlowLiteConverter
人工智能训练师（三级）理论知识复习题
(E) Django"
"【多选题】云平台使用的优势包括( )。
(A) 提高资源利用率
(B) 降低运维成本
(C) 实现弹性伸缩
(D) 支持多种开发语言
(E) 提供安全可靠的存储服务";"⚠️ 答案待补充（PDF中为颜色标记）


【题目】
云平台使用的优势包括( )。
(A) 提高资源利用率
(B) 降低运维成本
(C) 实现弹性伸缩
(D) 支持多种开发语言
(E) 提供安全可靠的存储服务"
"【多选题】容器化技术的主要特点包括( )。
(A) 轻量级
(B) 隔离性
(C) 可移植性
(D) 数据持久化
(E) 版本控制和组件重用";"⚠️ 答案待补充（PDF中为颜色标记）


【题目】
容器化技术的主要特点包括( )。
(A) 轻量级
(B) 隔离性
(C) 可移植性
(D) 数据持久化
(E) 版本控制和组件重用"
"【多选题】( )正确描述了容器化技术与虚拟机技术的区别。
(A) 容器化技术比虚拟机技术更轻量级
(B) 虚拟机技术需要模拟整个操作系统，而容器化技术则共享宿主机操作系统
(C) 容器化技术在启动速度上通常优于虚拟机技术
(D) 虚拟机技术在隔离性方面通常优于容器化技术
(E) 容器化技术和虚拟机技术都可以用于云计算环境";"⚠️ 答案待补充（PDF中为颜色标记）


【题目】
( )正确描述了容器化技术与虚拟机技术的区别。
(A) 容器化技术比虚拟机技术更轻量级
(B) 虚拟机技术需要模拟整个操作系统，而容器化技术则共享宿主机操作系统
(C) 容器化技术在启动速度上通常优于虚拟机技术
(D) 虚拟机技术在隔离性方面通常优于容器化技术
(E) 容器化技术和虚拟机技术都可以用于云计算环境"
"【多选题】在选择数据处理框架时，需要考虑( )因素。
(A) 性能需求
(B) 数据量大小
(C) 开发团队的熟悉程度
(D) 框架的社区支持
(E) 框架的学习曲线";"⚠️ 答案待补充（PDF中为颜色标记）


【题目】
在选择数据处理框架时，需要考虑( )因素。
(A) 性能需求
(B) 数据量大小
(C) 开发团队的熟悉程度
(D) 框架的社区支持
(E) 框架的学习曲线"
"【多选题】高性能计算资源利用的策略包括( )。
(A) 资源分配策略
人工智能训练师（三级）理论知识复习题
(B) 负载均衡策略
(C) 节能策略
(D) 安全策略
(E) 性能监控策略";"⚠️ 答案待补充（PDF中为颜色标记）


【题目】
高性能计算资源利用的策略包括( )。
(A) 资源分配策略
人工智能训练师（三级）理论知识复习题
(B) 负载均衡策略
(C) 节能策略
(D) 安全策略
(E) 性能监控策略"
"【多选题】人工智能训练师在使用性能监控工具时可以关注( )。
(A) 监控模型训练过程中的资源使用情况
(B) 分析模型训练过程中的性能指标
(C) 实时调整模型参数以优化训练效果
(D) 监控并预测硬件故障，确保训练环境的稳定性
(E) 评估不同算法在同一数据集上的性能表现";"⚠️ 答案待补充（PDF中为颜色标记）


【题目】
人工智能训练师在使用性能监控工具时可以关注( )。
(A) 监控模型训练过程中的资源使用情况
(B) 分析模型训练过程中的性能指标
(C) 实时调整模型参数以优化训练效果
(D) 监控并预测硬件故障，确保训练环境的稳定性
(E) 评估不同算法在同一数据集上的性能表现"
"【多选题】一个良好的测试用例通常具备( )的属性。
(A) 明确性
(B) 完整性
(C) 可重复性
(D) 必要性
(E) 无限性";"⚠️ 答案待补充（PDF中为颜色标记）


【题目】
一个良好的测试用例通常具备( )的属性。
(A) 明确性
(B) 完整性
(C) 可重复性
(D) 必要性
(E) 无限性"
"【多选题】人工智能测试的主要目包括( )。
(A) 验证AI系统的正确性
(B) 评估AI系统的性能
(C) 增强用户体验
(D) 确保安全性和隐私保护
(E) 探索新的AI应用";"⚠️ 答案待补充（PDF中为颜色标记）


【题目】
人工智能测试的主要目包括( )。
(A) 验证AI系统的正确性
(B) 评估AI系统的性能
(C) 增强用户体验
(D) 确保安全性和隐私保护
(E) 探索新的AI应用"
"【多选题】人工智能测试方法包括( )。
(A) 黑盒测试
(B) 白盒测试
(C) 灰盒测试
(D) 红盒测试
人工智能训练师（三级）理论知识复习题
(E) 蓝盒测试";"⚠️ 答案待补充（PDF中为颜色标记）


【题目】
人工智能测试方法包括( )。
(A) 黑盒测试
(B) 白盒测试
(C) 灰盒测试
(D) 红盒测试
人工智能训练师（三级）理论知识复习题
(E) 蓝盒测试"
"【多选题】在选择测试框架时，需要考虑的主要因素有( )。
(A) 支持的编程语言
(B) 测试框架的流行程度
(C) 框架的社区支持和文档
(D) 是否支持并行测试执行
(E) 框架是否免费或开源";"⚠️ 答案待补充（PDF中为颜色标记）


【题目】
在选择测试框架时，需要考虑的主要因素有( )。
(A) 支持的编程语言
(B) 测试框架的流行程度
(C) 框架的社区支持和文档
(D) 是否支持并行测试执行
(E) 框架是否免费或开源"
"【多选题】关于自动化和手动测试方法的比较与选择，描述正确的是( )。
(A) 自动化测试可以完全替代手动测试
(B) 自动化测试可以提高测试效率
(C) 自动化测试可以覆盖更多的测试场景
(D) 自动化测试可以降低测试成本
(E) 自动化测试可以减少人为错误";"⚠️ 答案待补充（PDF中为颜色标记）


【题目】
关于自动化和手动测试方法的比较与选择，描述正确的是( )。
(A) 自动化测试可以完全替代手动测试
(B) 自动化测试可以提高测试效率
(C) 自动化测试可以覆盖更多的测试场景
(D) 自动化测试可以降低测试成本
(E) 自动化测试可以减少人为错误"
"【多选题】在监控算法性能时，( )指标是评估分类算法有效性的重要标准。
(A) 准确率
(B) 召回率
(C) 精确率
(D)F1分数
(E) 处理时间";"⚠️ 答案待补充（PDF中为颜色标记）


【题目】
在监控算法性能时，( )指标是评估分类算法有效性的重要标准。
(A) 准确率
(B) 召回率
(C) 精确率
(D)F1分数
(E) 处理时间"
"【多选题】在算法准确度测试中，通常使用( )来衡量算法的准确性。
(A) 精确率
(B) 召回率
(C)F1值
(D) 均方误差
(E) 对数损失";"⚠️ 答案待补充（PDF中为颜色标记）


【题目】
在算法准确度测试中，通常使用( )来衡量算法的准确性。
(A) 精确率
(B) 召回率
(C)F1值
(D) 均方误差
(E) 对数损失"
"【多选题】( )正确描述了人工智能训练师和算法鲁棒性测试的关系。
(A) 人工智能训练师负责设计和实施算法的训练计划，确保模型能够达到预定的性能标
人工智能训练师（三级）理论知识复习题
准。
(B) 算法鲁棒性测试旨在评估模型对异常输入或故意攻击的抵抗力。
(C) 人工智能训练师通常不参与模型的鲁棒性测试，这通常是质量保证团队的职责。
(D) 算法鲁棒性测试包括对模型进行压力测试，以观察其在极端数据情况下的行为。
(E) 人工智能训练师仅关注模型的准确性，而不考虑其对现实世界变化的适应能力。";"⚠️ 答案待补充（PDF中为颜色标记）


【题目】
( )正确描述了人工智能训练师和算法鲁棒性测试的关系。
(A) 人工智能训练师负责设计和实施算法的训练计划，确保模型能够达到预定的性能标
人工智能训练师（三级）理论知识复习题
准。
(B) 算法鲁棒性测试旨在评估模型对异常输入或故意攻击的抵抗力。
(C) 人工智能训练师通常不参与模型的鲁棒性测试，这通常是质量保证团队的职责。
(D) 算法鲁棒性测试包括对模型进行压力测试，以观察其在极端数据情况下的行为。
(E) 人工智能训练师仅关注模型的准确性，而不考虑其对现实世界变化的适应能力。"
"【多选题】算法安全性测试的目的是( )
(A) 检查算法的正确性
(B) 评估算法的性能
(C) 确保算法的机密性
(D) 检测算法的漏洞和缺陷
(E) 验证算法的可用性";"⚠️ 答案待补充（PDF中为颜色标记）


【题目】
算法安全性测试的目的是( )
(A) 检查算法的正确性
(B) 评估算法的性能
(C) 确保算法的机密性
(D) 检测算法的漏洞和缺陷
(E) 验证算法的可用性"
"【多选题】在进行算法可解释性与透明度测试时，( )因素是需要考虑的。
(A) 算法的应用场景。
(B) 算法的目标和需求。
(C) 用户的接受程度。
(D) 法律法规的要求。
(E) 算法的技术实现细节。";"⚠️ 答案待补充（PDF中为颜色标记）


【题目】
在进行算法可解释性与透明度测试时，( )因素是需要考虑的。
(A) 算法的应用场景。
(B) 算法的目标和需求。
(C) 用户的接受程度。
(D) 法律法规的要求。
(E) 算法的技术实现细节。"
"【多选题】在进行数据多样性测试时，必须遵守的原则是( )。
(A) 确保数据集覆盖所有关键特征
(B) 数据应反映真实世界的分布
(C) 避免数据集中存在偏见或歧视
(D) 数据集必须包含足够的异常值
(E) 数据集应定期更新以反映最新趋势";"⚠️ 答案待补充（PDF中为颜色标记）


【题目】
在进行数据多样性测试时，必须遵守的原则是( )。
(A) 确保数据集覆盖所有关键特征
(B) 数据应反映真实世界的分布
(C) 避免数据集中存在偏见或歧视
(D) 数据集必须包含足够的异常值
(E) 数据集应定期更新以反映最新趋势"
"【多选题】在进行交叉验证时，( )步骤是必要的。
(A) 划分训练集和测试集
(B) 选择合适的交叉验证方法
(C) 重复执行交叉验证过程
人工智能训练师（三级）理论知识复习题
(D) 分析交叉验证结果
(E) 调整模型参数";"⚠️ 答案待补充（PDF中为颜色标记）


【题目】
在进行交叉验证时，( )步骤是必要的。
(A) 划分训练集和测试集
(B) 选择合适的交叉验证方法
(C) 重复执行交叉验证过程
人工智能训练师（三级）理论知识复习题
(D) 分析交叉验证结果
(E) 调整模型参数"
"【多选题】在算法部署效果测试中，需要关注的环节有( )。
(A) 算法性能
(B) 模型准确性
(C) 系统稳定性
(D) 用户体验
(E) 算法代码长度";"⚠️ 答案待补充（PDF中为颜色标记）


【题目】
在算法部署效果测试中，需要关注的环节有( )。
(A) 算法性能
(B) 模型准确性
(C) 系统稳定性
(D) 用户体验
(E) 算法代码长度"
"【多选题】( )正确描述了人工智能训练师在用户反馈集成过程中的职责。
(A) 人工智能训练师负责收集和分析用户的反馈信息，以优化AI系统的性能。
(B) 人工智能训练师不参与用户反馈的收集工作，这一任务通常由客户服务团队完成。
(C) 人工智能训练师利用用户反馈调整算法参数，以提高系统的用户满意度。
(D) 人工智能训练师只关注技术层面的反馈，如系统错误或性能问题，而忽略用户的主
观感受。
(E) 人工智能训练师需要将用户反馈转化为具体的训练目标和策略，确保模型持续改进。";"⚠️ 答案待补充（PDF中为颜色标记）


【题目】
( )正确描述了人工智能训练师在用户反馈集成过程中的职责。
(A) 人工智能训练师负责收集和分析用户的反馈信息，以优化AI系统的性能。
(B) 人工智能训练师不参与用户反馈的收集工作，这一任务通常由客户服务团队完成。
(C) 人工智能训练师利用用户反馈调整算法参数，以提高系统的用户满意度。
(D) 人工智能训练师只关注技术层面的反馈，如系统错误或性能问题，而忽略用户的主
观感受。
(E) 人工智能训练师需要将用户反馈转化为具体的训练目标和策略，确保模型持续改进。"
"【多选题】在分析算法测试结果的统计显著性时，( )方法可以用来判断算法间性能差异是
否显著。
(A) 配对t检验
(B) Mann-WhitneyU检验
(C) 方差分析
(D) 相关系数
(E) 皮尔逊卡方检验";"⚠️ 答案待补充（PDF中为颜色标记）


【题目】
在分析算法测试结果的统计显著性时，( )方法可以用来判断算法间性能差异是
否显著。
(A) 配对t检验
(B) Mann-WhitneyU检验
(C) 方差分析
(D) 相关系数
(E) 皮尔逊卡方检验"
"【多选题】为了确保算法测试报告的清晰性和可读性，应该采取的措施有( )。
(A) 使用行业标准术语和定义
(B) 包含详细的测试用例和步骤
(C) 提供测试结果的图表和可视化
(D) 附带所有原始数据和日志文件
人工智能训练师（三级）理论知识复习题
(E) 按照时间顺序编排测试事件";"⚠️ 答案待补充（PDF中为颜色标记）


【题目】
为了确保算法测试报告的清晰性和可读性，应该采取的措施有( )。
(A) 使用行业标准术语和定义
(B) 包含详细的测试用例和步骤
(C) 提供测试结果的图表和可视化
(D) 附带所有原始数据和日志文件
人工智能训练师（三级）理论知识复习题
(E) 按照时间顺序编排测试事件"
"【多选题】( )正确描述了人工智能训练师在调试与问题定位中使用的方法与技巧。
(A) 人工智能训练师通常使用逐层检查的方法来识别深度学习模型中的性能瓶颈。
(B) 为了定位问题，人工智能训练师不会修改输入数据，以避免数据污染导致的误判。
(C) 人工智能训练师会运用可视化工具来理解模型内部状态和中间层的输出。
(D) 在定位模型性能问题时，人工智能训练师可能会对数据集进行重新采样，以便更好
地评估模型的泛化能力。
(E) 人工智能训练师往往忽略模型的过拟合问题，因为这只是表明模型已经很好地学习
到了训练数据。";"⚠️ 答案待补充（PDF中为颜色标记）


【题目】
( )正确描述了人工智能训练师在调试与问题定位中使用的方法与技巧。
(A) 人工智能训练师通常使用逐层检查的方法来识别深度学习模型中的性能瓶颈。
(B) 为了定位问题，人工智能训练师不会修改输入数据，以避免数据污染导致的误判。
(C) 人工智能训练师会运用可视化工具来理解模型内部状态和中间层的输出。
(D) 在定位模型性能问题时，人工智能训练师可能会对数据集进行重新采样，以便更好
地评估模型的泛化能力。
(E) 人工智能训练师往往忽略模型的过拟合问题，因为这只是表明模型已经很好地学习
到了训练数据。"
"【多选题】TensorBoard提供的( )功能有助于模型的监控和调试。
(A) 实时显示模型训练过程中的损失函数变化
(B) 自动优化模型的超参数
(C) 可视化神经网络的架构
(D) 直观展示模型在不同数据集上的性能差异
(E) 自动生成模型代码";"⚠️ 答案待补充（PDF中为颜色标记）


【题目】
TensorBoard提供的( )功能有助于模型的监控和调试。
(A) 实时显示模型训练过程中的损失函数变化
(B) 自动优化模型的超参数
(C) 可视化神经网络的架构
(D) 直观展示模型在不同数据集上的性能差异
(E) 自动生成模型代码"
"【多选题】在进行日志分析时，( )技巧可以帮助提高分析的效率和质量。
(A) 使用正则表达式来提取关键信息
(B) 对日志进行分类和标签化
(C) 利用日志分析工具自动识别异常行为
(D) 定期清理和归档日志文件
(E) 将日志数据与其他数据源进行关联分析";"⚠️ 答案待补充（PDF中为颜色标记）


【题目】
在进行日志分析时，( )技巧可以帮助提高分析的效率和质量。
(A) 使用正则表达式来提取关键信息
(B) 对日志进行分类和标签化
(C) 利用日志分析工具自动识别异常行为
(D) 定期清理和归档日志文件
(E) 将日志数据与其他数据源进行关联分析"
"【多选题】算法测试实验管理中，( )策略可以提高实验效率。
(A) 制定详细的实验计划
(B) 使用自动化测试工具
(C) 对实验结果进行实时监控
(D) 忽略实验过程中的问题
(E) 定期回顾和总结实验经验
人工智能训练师（三级）理论知识复习题";"⚠️ 答案待补充（PDF中为颜色标记）


【题目】
算法测试实验管理中，( )策略可以提高实验效率。
(A) 制定详细的实验计划
(B) 使用自动化测试工具
(C) 对实验结果进行实时监控
(D) 忽略实验过程中的问题
(E) 定期回顾和总结实验经验
人工智能训练师（三级）理论知识复习题"
"【多选题】在修复与迭代过程中，( )工具和技术可以帮助团队提高工作效率。
(A) 敏捷开发方法
(B) 单次大规模发布
(C) 自动化测试
(D) 代码审查
(E) 项目管理软件";"⚠️ 答案待补充（PDF中为颜色标记）


【题目】
在修复与迭代过程中，( )工具和技术可以帮助团队提高工作效率。
(A) 敏捷开发方法
(B) 单次大规模发布
(C) 自动化测试
(D) 代码审查
(E) 项目管理软件"
"【多选题】合规性测试的标准包括( )方面。
(A) 符合法律法规要求
(B) 符合行业规范
(C) 符合公司内部政策
(D) 符合客户期望
(E) 符合员工需求";"⚠️ 答案待补充（PDF中为颜色标记）


【题目】
合规性测试的标准包括( )方面。
(A) 符合法律法规要求
(B) 符合行业规范
(C) 符合公司内部政策
(D) 符合客户期望
(E) 符合员工需求"
"【多选题】在进行性能优化策略的选择与实施时，需要考虑的因素包括( )。
(A) 系统架构
(B) 用户体验
(C) 成本预算
(D) 技术可行性
(E) 数据安全性";"⚠️ 答案待补充（PDF中为颜色标记）


【题目】
在进行性能优化策略的选择与实施时，需要考虑的因素包括( )。
(A) 系统架构
(B) 用户体验
(C) 成本预算
(D) 技术可行性
(E) 数据安全性"
"【多选题】在人工智能系统测试阶段应该包括对算法决策过程的伦理评估，确保( )。
(A) 算法的公正性
(B) 算法的鲁棒性
(C) 算法的透明性
(D) 算法的可解释性
(E) 算法的高可用";"⚠️ 答案待补充（PDF中为颜色标记）


【题目】
在人工智能系统测试阶段应该包括对算法决策过程的伦理评估，确保( )。
(A) 算法的公正性
(B) 算法的鲁棒性
(C) 算法的透明性
(D) 算法的可解释性
(E) 算法的高可用"
"【多选题】( )方法属于数据拆解的常用手段。
(A) 维度拆解
(B) 指标拆解
人工智能训练师（三级）理论知识复习题
(C) 流程拆解
(D) 随机拆解
(E) 关联拆解";"⚠️ 答案待补充（PDF中为颜色标记）


【题目】
( )方法属于数据拆解的常用手段。
(A) 维度拆解
(B) 指标拆解
人工智能训练师（三级）理论知识复习题
(C) 流程拆解
(D) 随机拆解
(E) 关联拆解"
"【多选题】数据拆解对模型性能的影响可能是( )。
(A) 提高模型的预测准确性
(B) 降低模型的过拟合风险
(C) 加速模型的训练过程
(D) 增加模型的复杂度
(E) 减少模型调参的工作量";"⚠️ 答案待补充（PDF中为颜色标记）


【题目】
数据拆解对模型性能的影响可能是( )。
(A) 提高模型的预测准确性
(B) 降低模型的过拟合风险
(C) 加速模型的训练过程
(D) 增加模型的复杂度
(E) 减少模型调参的工作量"
"【多选题】验证集的主要作用是( )。
(A) 用于训练模型
(B) 用于评估模型的泛化能力
(C) 用于选择最佳的模型配置
(D) 用于测试模型的预测能力
(E) 用于调整模型的超参数";"⚠️ 答案待补充（PDF中为颜色标记）


【题目】
验证集的主要作用是( )。
(A) 用于训练模型
(B) 用于评估模型的泛化能力
(C) 用于选择最佳的模型配置
(D) 用于测试模型的预测能力
(E) 用于调整模型的超参数"
"【多选题】属于特征降维的常用方法的是( )。
(A) 主成分分析
(B) 线性判别分析
(C) 独立成分分析
(D) 聚类分析
(E) 朴素贝叶斯分类器";"⚠️ 答案待补充（PDF中为颜色标记）


【题目】
属于特征降维的常用方法的是( )。
(A) 主成分分析
(B) 线性判别分析
(C) 独立成分分析
(D) 聚类分析
(E) 朴素贝叶斯分类器"
"【多选题】基于统计的特征拆解的目的是( )。
(A) 提取数据中的有用信息
(B) 简化特征结构
(C) 增加特征的个数
(D) 降低计算复杂度
(E) 提高模型性能
人工智能训练师（三级）理论知识复习题";"⚠️ 答案待补充（PDF中为颜色标记）


【题目】
基于统计的特征拆解的目的是( )。
(A) 提取数据中的有用信息
(B) 简化特征结构
(C) 增加特征的个数
(D) 降低计算复杂度
(E) 提高模型性能
人工智能训练师（三级）理论知识复习题"
"【多选题】在特征选择过程中，可以使用( )方法来评估特征的重要性。
(A) 基于模型的特征重要性评估
(B) 基于统计量的特征重要性评估
(C) 基于可视化技术的特征重要性评估
(D) 基于专家经验的特征重要性评估
(E) 基于计算复杂度的特征重要性评估";"⚠️ 答案待补充（PDF中为颜色标记）


【题目】
在特征选择过程中，可以使用( )方法来评估特征的重要性。
(A) 基于模型的特征重要性评估
(B) 基于统计量的特征重要性评估
(C) 基于可视化技术的特征重要性评估
(D) 基于专家经验的特征重要性评估
(E) 基于计算复杂度的特征重要性评估"
"【多选题】在进行时间序列数据的拆解和处理时，通常需要考虑( )因素。
(A) 数据的周期性
(B) 数据的趋势性
(C) 数据的季节性
(D) 数据的随机性
(E) 数据的分组特征";"⚠️ 答案待补充（PDF中为颜色标记）


【题目】
在进行时间序列数据的拆解和处理时，通常需要考虑( )因素。
(A) 数据的周期性
(B) 数据的趋势性
(C) 数据的季节性
(D) 数据的随机性
(E) 数据的分组特征"
"【多选题】文本数据的拆解技术主要包括( )方面。
(A) 词性标注
(B) 命名实体识别
(C) 依存关系分析
(D) 语义角色标注
(E) 句法分析";"⚠️ 答案待补充（PDF中为颜色标记）


【题目】
文本数据的拆解技术主要包括( )方面。
(A) 词性标注
(B) 命名实体识别
(C) 依存关系分析
(D) 语义角色标注
(E) 句法分析"
"【多选题】时间序列分析在天气预报中的主要作用是( )。
(A) 预测未来天气状况
(B) 分析历史天气数据
(C) 确定天气变化趋势
(D) 评估天气模型的准确性
(E) 优化气象观测网络";"⚠️ 答案待补充（PDF中为颜色标记）


【题目】
时间序列分析在天气预报中的主要作用是( )。
(A) 预测未来天气状况
(B) 分析历史天气数据
(C) 确定天气变化趋势
(D) 评估天气模型的准确性
(E) 优化气象观测网络"
"【多选题】在网络分析中，节点通常不能用来表示( )。
(A) 实体
(B) 关系
人工智能训练师（三级）理论知识复习题
(C) 属性
(D) 数据
(E) 模型";"⚠️ 答案待补充（PDF中为颜色标记）


【题目】
在网络分析中，节点通常不能用来表示( )。
(A) 实体
(B) 关系
人工智能训练师（三级）理论知识复习题
(C) 属性
(D) 数据
(E) 模型"
"【多选题】( )正确描述了人工智能训练师和网络分析方法在社会网络研究中的应用。
(A) 人工智能训练师通过标注和反馈数据，帮助机器学习算法优化社交网络中的用户行
为预测模型。
(B) 网络分析方法用于识别社交网络中的关键节点，从而理解信息传播的模式。
(C) 人工智能训练师不直接参与社会网络分析，他们的主要工作集中在数据清洗和预处
理阶段。
(D) 社交网络中的大量数据为人工智能训练师提供了丰富的训练资源，用于改进推荐系
统的精准度。
(E) 网络分析方法通过计算节点的中心性指数，分析社交网络的结构和动态。";"⚠️ 答案待补充（PDF中为颜色标记）


【题目】
( )正确描述了人工智能训练师和网络分析方法在社会网络研究中的应用。
(A) 人工智能训练师通过标注和反馈数据，帮助机器学习算法优化社交网络中的用户行
为预测模型。
(B) 网络分析方法用于识别社交网络中的关键节点，从而理解信息传播的模式。
(C) 人工智能训练师不直接参与社会网络分析，他们的主要工作集中在数据清洗和预处
理阶段。
(D) 社交网络中的大量数据为人工智能训练师提供了丰富的训练资源，用于改进推荐系
统的精准度。
(E) 网络分析方法通过计算节点的中心性指数，分析社交网络的结构和动态。"
"【多选题】多维度数据分解的主要目的是( )。
(A) 简化数据结构
(B) 提高数据处理效率
(C) 增强数据的可解释性
(D) 降低数据存储成本
(E) 增加数据的复杂性";"⚠️ 答案待补充（PDF中为颜色标记）


【题目】
多维度数据分解的主要目的是( )。
(A) 简化数据结构
(B) 提高数据处理效率
(C) 增强数据的可解释性
(D) 降低数据存储成本
(E) 增加数据的复杂性"
"【多选题】在图像处理中，多维度数据分解的主要目的是( )。
(A) 提高图像质量
(B) 提高图像处理的效率
(C) 降低图像存储成本
(D) 提取有用的图像信息
(E) 降低计算复杂度";"⚠️ 答案待补充（PDF中为颜色标记）


【题目】
在图像处理中，多维度数据分解的主要目的是( )。
(A) 提高图像质量
(B) 提高图像处理的效率
(C) 降低图像存储成本
(D) 提取有用的图像信息
(E) 降低计算复杂度"
"【多选题】( )正确描述了人工智能训练师与机器学习特征工程分类之间的关系，
(A) 人工智能训练师负责使用机器学习算法和深度学习技术来训练模型，而特征工程是
这一过程中提升模型性能的关键步骤。
(B) 机器学习特征工程主要分为监督学习和无监督学习两大类，每种分类下的特征处理
人工智能训练师（三级）理论知识复习题
方式有所不同。
(C) 人工智能训练师在模型训练过程中，需要依据特征工程的分类来选择合适的处理策
略。
(D) 特征工程包括数据预处理、特征选择、特征构造和特征降维等步骤，这些步骤完全
由人工智能训练师自主完成，无需其他团队支持。
(E) 机器学习特征工程的分类有助于人工智能训练师更好地理解数据，从而设计出更有
效的训练策略和优化方案。";"⚠️ 答案待补充（PDF中为颜色标记）


【题目】
( )正确描述了人工智能训练师与机器学习特征工程分类之间的关系，
(A) 人工智能训练师负责使用机器学习算法和深度学习技术来训练模型，而特征工程是
这一过程中提升模型性能的关键步骤。
(B) 机器学习特征工程主要分为监督学习和无监督学习两大类，每种分类下的特征处理
人工智能训练师（三级）理论知识复习题
方式有所不同。
(C) 人工智能训练师在模型训练过程中，需要依据特征工程的分类来选择合适的处理策
略。
(D) 特征工程包括数据预处理、特征选择、特征构造和特征降维等步骤，这些步骤完全
由人工智能训练师自主完成，无需其他团队支持。
(E) 机器学习特征工程的分类有助于人工智能训练师更好地理解数据，从而设计出更有
效的训练策略和优化方案。"
"【多选题】机器学习特征工程在自然语言处理中的应用主要包括( )。
(A) 文本分类
(B) 情感分析
(C) 命名实体识别
(D) 推荐系统
(E) 拼写检查和语法纠错";"⚠️ 答案待补充（PDF中为颜色标记）


【题目】
机器学习特征工程在自然语言处理中的应用主要包括( )。
(A) 文本分类
(B) 情感分析
(C) 命名实体识别
(D) 推荐系统
(E) 拼写检查和语法纠错"
"【多选题】针对大规模数据集的机器学习模型，( )可以帮助减少响应时间。
(A) 实施模型剪枝以减少冗余权重
(B) 应用量化技术降低模型精度要求
(C) 使用更复杂的优化算法以提高训练速度
(D) 扩大数据集规模以提高模型泛化能力
(E) 利用分布式计算框架进行并行处理";"⚠️ 答案待补充（PDF中为颜色标记）


【题目】
针对大规模数据集的机器学习模型，( )可以帮助减少响应时间。
(A) 实施模型剪枝以减少冗余权重
(B) 应用量化技术降低模型精度要求
(C) 使用更复杂的优化算法以提高训练速度
(D) 扩大数据集规模以提高模型泛化能力
(E) 利用分布式计算框架进行并行处理"
"【多选题】在进行安全性分析时，需要考虑的因素包括( )。
(A) 人员因素
(B) 环境因素
(C) 技术因素
(D) 管理因素
(E) 经济因素";"⚠️ 答案待补充（PDF中为颜色标记）


【题目】
在进行安全性分析时，需要考虑的因素包括( )。
(A) 人员因素
(B) 环境因素
(C) 技术因素
(D) 管理因素
(E) 经济因素"
"【多选题】在分布式系统中，为了实现负载均衡，( )策略可以被采用。
(A) 随机分发
(B) 轮询分发
人工智能训练师（三级）理论知识复习题
(C) 最少连接数分发
(D) 源地址哈希分发
(E) 最少响应时间分发";"⚠️ 答案待补充（PDF中为颜色标记）


【题目】
在分布式系统中，为了实现负载均衡，( )策略可以被采用。
(A) 随机分发
(B) 轮询分发
人工智能训练师（三级）理论知识复习题
(C) 最少连接数分发
(D) 源地址哈希分发
(E) 最少响应时间分发"
"【多选题】在文本数据预处理中，常见的步骤包括( )。
(A) 分词
(B) 去除停用词
(C) 词干提取和词形还原
(D) 将文本转换为数字向量表示
(E) 增加文本的字数";"⚠️ 答案待补充（PDF中为颜色标记）


【题目】
在文本数据预处理中，常见的步骤包括( )。
(A) 分词
(B) 去除停用词
(C) 词干提取和词形还原
(D) 将文本转换为数字向量表示
(E) 增加文本的字数"
"【多选题】数据分析的标准流程通常包括( )步骤。
(A) 数据收集
(B) 数据清洗
(C) 数据可视化
(D) 数据挖掘
(E) 数据分析报告";"⚠️ 答案待补充（PDF中为颜色标记）


【题目】
数据分析的标准流程通常包括( )步骤。
(A) 数据收集
(B) 数据清洗
(C) 数据可视化
(D) 数据挖掘
(E) 数据分析报告"
"【多选题】在选择统计模型时，应该被考虑的因素是( )。
(A) 模型的复杂性
(B) 数据的可用性
(C) 模型的预测能力
(D) 模型的易解释性
(E) 模型的训练时间";"⚠️ 答案待补充（PDF中为颜色标记）


【题目】
在选择统计模型时，应该被考虑的因素是( )。
(A) 模型的复杂性
(B) 数据的可用性
(C) 模型的预测能力
(D) 模型的易解释性
(E) 模型的训练时间"
"【多选题】在应用机器学习算法时，为了加快模型的训练速度，可以采取以下( )策略。
(A) 增加正则化强度
(B) 优化算法实现
(C) 使用更复杂的模型结构
(D) 采用随机梯度下降
(E) 增加学习率
人工智能训练师（三级）理论知识复习题";"⚠️ 答案待补充（PDF中为颜色标记）


【题目】
在应用机器学习算法时，为了加快模型的训练速度，可以采取以下( )策略。
(A) 增加正则化强度
(B) 优化算法实现
(C) 使用更复杂的模型结构
(D) 采用随机梯度下降
(E) 增加学习率
人工智能训练师（三级）理论知识复习题"
"【多选题】聚类分析是一种无监督学习方法，用于将数据集划分为多个组或簇，使得同一组
内的数据点尽可能相似，而不同组之间的数据点尽可能不同。( )算法属于聚类分析
的常用算法。
(A)K-means算法
(B) 层次聚类算法
(C)DBSCAN算法
(D) 主成分分析
(E) 线性判别分析";"⚠️ 答案待补充（PDF中为颜色标记）


【题目】
聚类分析是一种无监督学习方法，用于将数据集划分为多个组或簇，使得同一组
内的数据点尽可能相似，而不同组之间的数据点尽可能不同。( )算法属于聚类分析
的常用算法。
(A)K-means算法
(B) 层次聚类算法
(C)DBSCAN算法
(D) 主成分分析
(E) 线性判别分析"
"【多选题】( )正确描述了人工智能训练师与关联规则学习挖掘过程之间的关系及其内容。
(A) 人工智能训练师首先需要进行数据预处理，以确保数据质量。
(B) 在挖掘关联规则时，人工智能训练师不参与设定最小支持度和置信度阈值。
(C) 人工智能训练师负责解释和评估挖掘出的关联规则，以确定其业务价值。
(D) 关联规则的挖掘完全自动化，人工智能训练师不参与整个流程。
(E) 人工智能训练师会使用领域知识来指导关联规则的挖掘，并帮助筛选有意义的规则。";"⚠️ 答案待补充（PDF中为颜色标记）


【题目】
( )正确描述了人工智能训练师与关联规则学习挖掘过程之间的关系及其内容。
(A) 人工智能训练师首先需要进行数据预处理，以确保数据质量。
(B) 在挖掘关联规则时，人工智能训练师不参与设定最小支持度和置信度阈值。
(C) 人工智能训练师负责解释和评估挖掘出的关联规则，以确定其业务价值。
(D) 关联规则的挖掘完全自动化，人工智能训练师不参与整个流程。
(E) 人工智能训练师会使用领域知识来指导关联规则的挖掘，并帮助筛选有意义的规则。"
"【多选题】( )描述了人工智能训练师在回归分析模型建立过程中的职责。
(A) 人工智能训练师负责确定回归模型的自变量和因变量。
(B) 在建立回归模型时，人工智能训练师不参与数据清洗和预处理工作。
(C) 人工智能训练师会进行模型诊断，以确保回归模型没有违反任何统计假设。
(D) 回归模型一旦建立，人工智能训练师就不再需要进行任何后续的调整或优化。
(E) 人工智能训练师负责向非技术利益相关者解释回归模型的结果和影响。";"⚠️ 答案待补充（PDF中为颜色标记）


【题目】
( )描述了人工智能训练师在回归分析模型建立过程中的职责。
(A) 人工智能训练师负责确定回归模型的自变量和因变量。
(B) 在建立回归模型时，人工智能训练师不参与数据清洗和预处理工作。
(C) 人工智能训练师会进行模型诊断，以确保回归模型没有违反任何统计假设。
(D) 回归模型一旦建立，人工智能训练师就不再需要进行任何后续的调整或优化。
(E) 人工智能训练师负责向非技术利益相关者解释回归模型的结果和影响。"
"【多选题】在决策树分析中，( )确定最优的划分标准。
(A) 信息增益率
(B) 基尼指数
(C) 最大似然估计
(D) 交叉熵
(E) 方差减小";"⚠️ 答案待补充（PDF中为颜色标记）


【题目】
在决策树分析中，( )确定最优的划分标准。
(A) 信息增益率
(B) 基尼指数
(C) 最大似然估计
(D) 交叉熵
(E) 方差减小"
"【多选题】神经网络分析中，激活机制的作用是( )。
人工智能训练师（三级）理论知识复习题
(A) 增强网络的非线性表达能力
(B) 提供网络的稀疏性
(C) 帮助网络学习复杂的模式
(D) 增加网络的计算量
(E) 使网络具有自我修正的能力";"⚠️ 答案待补充（PDF中为颜色标记）


【题目】
神经网络分析中，激活机制的作用是( )。
人工智能训练师（三级）理论知识复习题
(A) 增强网络的非线性表达能力
(B) 提供网络的稀疏性
(C) 帮助网络学习复杂的模式
(D) 增加网络的计算量
(E) 使网络具有自我修正的能力"
"【多选题】( )正确描述了人工智能训练师在使用贝叶斯网络进行概率推断的职责。
(A) 人工智能训练师负责构建贝叶斯网络的结构，包括确定节点和它们之间的依赖关系。
(B) 在贝叶斯网络中，人工智能训练师不参与概率分布的指定和参数估计。
(C) 人工智能训练师使用贝叶斯网络来预测未来事件的概率，并据此做出决策。
(D) 一旦贝叶斯网络建立，人工智能训练师就无需再对其进行任何更新或修正。
(E) 人工智能训练师需要向利益相关者解释贝叶斯网络概率推断的结果和其对决策的影
响。";"⚠️ 答案待补充（PDF中为颜色标记）


【题目】
( )正确描述了人工智能训练师在使用贝叶斯网络进行概率推断的职责。
(A) 人工智能训练师负责构建贝叶斯网络的结构，包括确定节点和它们之间的依赖关系。
(B) 在贝叶斯网络中，人工智能训练师不参与概率分布的指定和参数估计。
(C) 人工智能训练师使用贝叶斯网络来预测未来事件的概率，并据此做出决策。
(D) 一旦贝叶斯网络建立，人工智能训练师就无需再对其进行任何更新或修正。
(E) 人工智能训练师需要向利益相关者解释贝叶斯网络概率推断的结果和其对决策的影
响。"
"【多选题】在集成学习中，Boosting方法通过( )方式提高模型的准确性。
(A) 增加训练数据的数量
(B) 减少训练数据的数量
(C) 调整基学习器的权重
(D) 改变基学习器的类型
(E) 优化损失函数";"⚠️ 答案待补充（PDF中为颜色标记）


【题目】
在集成学习中，Boosting方法通过( )方式提高模型的准确性。
(A) 增加训练数据的数量
(B) 减少训练数据的数量
(C) 调整基学习器的权重
(D) 改变基学习器的类型
(E) 优化损失函数"
"【多选题】深度学习中常用的网络结构包括( )。
(A) 卷积神经网络
(B) 循环神经网络
(C) 长短时记忆网络
(D) 生成对抗网络
(E) 全连接神经网络";"⚠️ 答案待补充（PDF中为颜色标记）


【题目】
深度学习中常用的网络结构包括( )。
(A) 卷积神经网络
(B) 循环神经网络
(C) 长短时记忆网络
(D) 生成对抗网络
(E) 全连接神经网络"
"【多选题】强化学习策略的目标是实现奖励最大化。在选择动作时，通常采用的策略包括
( )。
(A) 贪心策略
人工智能训练师（三级）理论知识复习题
(B) ε-贪婪策略
(C) 玻尔兹曼探索
(D)UCB策略
(E) 随机策略";"⚠️ 答案待补充（PDF中为颜色标记）


【题目】
强化学习策略的目标是实现奖励最大化。在选择动作时，通常采用的策略包括
( )。
(A) 贪心策略
人工智能训练师（三级）理论知识复习题
(B) ε-贪婪策略
(C) 玻尔兹曼探索
(D)UCB策略
(E) 随机策略"
"【多选题】自然语言处理中的文本分析技术主要包括( )方面。
(A) 词法分析
(B) 句法分析
(C) 语义分析
(D) 情感分析
(E) 主题建模";"⚠️ 答案待补充（PDF中为颜色标记）


【题目】
自然语言处理中的文本分析技术主要包括( )方面。
(A) 词法分析
(B) 句法分析
(C) 语义分析
(D) 情感分析
(E) 主题建模"
"【多选题】在进行时间序列分析时，( )步骤是必要的。
(A) 数据清洗
(B) 异常值检测
(C) 趋势分析
(D) 周期性分析
(E) 预测未来趋势";"⚠️ 答案待补充（PDF中为颜色标记）


【题目】
在进行时间序列分析时，( )步骤是必要的。
(A) 数据清洗
(B) 异常值检测
(C) 趋势分析
(D) 周期性分析
(E) 预测未来趋势"
"【多选题】在应用维度约简技术进行数据压缩时，( )因素需要考虑。
(A) 数据的编码格式
(B) 数据的维度
(C) 数据的稀疏性
(D) 数据的分布情况
(E) 数据的噪声水平";"⚠️ 答案待补充（PDF中为颜色标记）


【题目】
在应用维度约简技术进行数据压缩时，( )因素需要考虑。
(A) 数据的编码格式
(B) 数据的维度
(C) 数据的稀疏性
(D) 数据的分布情况
(E) 数据的噪声水平"
"【多选题】( )技术可用于处理检测到的异常值。
(A) 删除异常值
(B) 替换异常值
(C) 通过插值填补异常值
(D) 使用异常值进行模型训练
人工智能训练师（三级）理论知识复习题
(E) 基于领域知识修正异常值";"⚠️ 答案待补充（PDF中为颜色标记）


【题目】
( )技术可用于处理检测到的异常值。
(A) 删除异常值
(B) 替换异常值
(C) 通过插值填补异常值
(D) 使用异常值进行模型训练
人工智能训练师（三级）理论知识复习题
(E) 基于领域知识修正异常值"
"【多选题】人工智能训练师在数据融合技术综合利用中，主要用于提升模型的( )。
(A) 准确性
(B) 效率
(C) 稳定性
(D) 扩展性
(E) 复杂性";"⚠️ 答案待补充（PDF中为颜色标记）


【题目】
人工智能训练师在数据融合技术综合利用中，主要用于提升模型的( )。
(A) 准确性
(B) 效率
(C) 稳定性
(D) 扩展性
(E) 复杂性"
"【多选题】在设计智能解决方案时，需要考虑的要素包括( )。
(A) 技术可行性
(B) 经济可行性
(C) 社会可行性
(D) 环境可行性
(E) 法律可行性";"⚠️ 答案待补充（PDF中为颜色标记）


【题目】
在设计智能解决方案时，需要考虑的要素包括( )。
(A) 技术可行性
(B) 经济可行性
(C) 社会可行性
(D) 环境可行性
(E) 法律可行性"
"【多选题】用户需求分析的目的是( )。
(A) 了解用户的需求和期望
(B) 评估产品的功能和性能
(C) 确定产品的市场定位
(D) 制定产品的开发计划
(E) 优化产品的用户体验";"⚠️ 答案待补充（PDF中为颜色标记）


【题目】
用户需求分析的目的是( )。
(A) 了解用户的需求和期望
(B) 评估产品的功能和性能
(C) 确定产品的市场定位
(D) 制定产品的开发计划
(E) 优化产品的用户体验"
"【多选题】在产品功能规划中，( )步骤是必不可少的。
(A) 市场调研
(B) 用户需求分析
(C) 功能优先级排序
(D) 技术可行性评估
(E) 成本效益分析";"⚠️ 答案待补充（PDF中为颜色标记）


【题目】
在产品功能规划中，( )步骤是必不可少的。
(A) 市场调研
(B) 用户需求分析
(C) 功能优先级排序
(D) 技术可行性评估
(E) 成本效益分析"
"【多选题】在选择人工智能算法时，训练师应关注算法的( )，以确保模型的高效运行。
(A) 计算复杂度
人工智能训练师（三级）理论知识复习题
(B) 时间复杂度
(C) 空间复杂度
(D) 数据利用率
(E) 模型精度";"⚠️ 答案待补充（PDF中为颜色标记）


【题目】
在选择人工智能算法时，训练师应关注算法的( )，以确保模型的高效运行。
(A) 计算复杂度
人工智能训练师（三级）理论知识复习题
(B) 时间复杂度
(C) 空间复杂度
(D) 数据利用率
(E) 模型精度"
"【多选题】在模型训练与验证的过程中，( )方法可以用来评估模型的性能。
(A) 交叉验证
(B) 留一法
(C) 自助法
(D) 均值法
(E) 方差法";"⚠️ 答案待补充（PDF中为颜色标记）


【题目】
在模型训练与验证的过程中，( )方法可以用来评估模型的性能。
(A) 交叉验证
(B) 留一法
(C) 自助法
(D) 均值法
(E) 方差法"
"【多选题】系统集成设计时，应遵循的规则包括( )。
(A) 模块化设计原则
(B) 可扩展性原则
(C) 安全性原则
(D) 可靠性原则
(E) 封闭性原则";"⚠️ 答案待补充（PDF中为颜色标记）


【题目】
系统集成设计时，应遵循的规则包括( )。
(A) 模块化设计原则
(B) 可扩展性原则
(C) 安全性原则
(D) 可靠性原则
(E) 封闭性原则"
"【多选题】在用户界面设计UI中，有助于提高用户体验的设计特点是( )。
(A) 简洁明了
(B) 色彩搭配
(C) 布局合理
(D) 响应式设计
(E) 复杂操作";"⚠️ 答案待补充（PDF中为颜色标记）


【题目】
在用户界面设计UI中，有助于提高用户体验的设计特点是( )。
(A) 简洁明了
(B) 色彩搭配
(C) 布局合理
(D) 响应式设计
(E) 复杂操作"
"【多选题】用户体验设计UX的原则包括( )。
(A) 以用户为中心的设计
(B) 简洁明了的界面
(C) 可用性
(D) 非响应式设计
人工智能训练师（三级）理论知识复习题
(E) 设计一致性";"⚠️ 答案待补充（PDF中为颜色标记）


【题目】
用户体验设计UX的原则包括( )。
(A) 以用户为中心的设计
(B) 简洁明了的界面
(C) 可用性
(D) 非响应式设计
人工智能训练师（三级）理论知识复习题
(E) 设计一致性"
"【多选题】在安全性和隐私保护方面，人工智能训练师确保产品差异化的方法有( )。
(A) 集成先进的加密技术
(B) 实施严格的数据访问控制
(C) 提供透明的数据使用政策
(D) 忽视用户数据保护法规
(E) 减少安全措施以提高性能";"⚠️ 答案待补充（PDF中为颜色标记）


【题目】
在安全性和隐私保护方面，人工智能训练师确保产品差异化的方法有( )。
(A) 集成先进的加密技术
(B) 实施严格的数据访问控制
(C) 提供透明的数据使用政策
(D) 忽视用户数据保护法规
(E) 减少安全措施以提高性能"
"【多选题】在进行安全性考虑与设计时，( )因素是需要关注的。
(A) 用户隐私保护
(B) 数据加密技术
(C) 访问控制策略
(D) 物理安全措施
(E) 网络安全措施";"⚠️ 答案待补充（PDF中为颜色标记）


【题目】
在进行安全性考虑与设计时，( )因素是需要关注的。
(A) 用户隐私保护
(B) 数据加密技术
(C) 访问控制策略
(D) 物理安全措施
(E) 网络安全措施"
"【多选题】云服务集成中的API集成通常采用( )方式。
(A)RESTfulAPI
(B) SOAPAPI
(C)RPCAPI
(D)XML-RPCAPI
(E) JSON-RPCAPI";"⚠️ 答案待补充（PDF中为颜色标记）


【题目】
云服务集成中的API集成通常采用( )方式。
(A)RESTfulAPI
(B) SOAPAPI
(C)RPCAPI
(D)XML-RPCAPI
(E) JSON-RPCAPI"
"【多选题】关于代码优化，可以提升程序运行效率的实践是( )。
(A) 使用全局变量而非局部变量
(B) 避免不必要的循环和递归调用
(C) 选择更快的算法和数据结构
(D) 减少函数调用开销
(E) 通过增加冗余代码来提高可读性";"⚠️ 答案待补充（PDF中为颜色标记）


【题目】
关于代码优化，可以提升程序运行效率的实践是( )。
(A) 使用全局变量而非局部变量
(B) 避免不必要的循环和递归调用
(C) 选择更快的算法和数据结构
(D) 减少函数调用开销
(E) 通过增加冗余代码来提高可读性"
"【多选题】在可扩展性设计中，( )方法可以提高系统的灵活性。
(A) 模块化设计
人工智能训练师（三级）理论知识复习题
(B) 使用中间件
(C) 采用微服务架构
(D) 优化数据库查询
(E) 使用缓存技术";"⚠️ 答案待补充（PDF中为颜色标记）


【题目】
在可扩展性设计中，( )方法可以提高系统的灵活性。
(A) 模块化设计
人工智能训练师（三级）理论知识复习题
(B) 使用中间件
(C) 采用微服务架构
(D) 优化数据库查询
(E) 使用缓存技术"
"【多选题】代码审计与优化的重要性体现在( )方面。
(A) 提高代码质量
(B) 减少潜在的安全风险
(C) 提升系统性能
(D) 降低维护成本
(E) 增强团队协作";"⚠️ 答案待补充（PDF中为颜色标记）


【题目】
代码审计与优化的重要性体现在( )方面。
(A) 提高代码质量
(B) 减少潜在的安全风险
(C) 提升系统性能
(D) 降低维护成本
(E) 增强团队协作"
"【多选题】在处理用户数据时，公司应该遵循( )原则。
(A) 最小化
(B) 有目的性
(C) 公开透明
(D) 灵活性
(E) 用户授权";"⚠️ 答案待补充（PDF中为颜色标记）


【题目】
在处理用户数据时，公司应该遵循( )原则。
(A) 最小化
(B) 有目的性
(C) 公开透明
(D) 灵活性
(E) 用户授权"
"【多选题】故障恢复的策略性设计需要考虑( )方面。
(A) 备份策略
(B) 恢复策略
(C) 容灾策略
(D) 监控策略
(E) 优化策略";"⚠️ 答案待补充（PDF中为颜色标记）


【题目】
故障恢复的策略性设计需要考虑( )方面。
(A) 备份策略
(B) 恢复策略
(C) 容灾策略
(D) 监控策略
(E) 优化策略"
"【多选题】关于产品维护与升级的策略，( )是正确的描述。
(A) 定期进行版本迭代
(B) 优先解决紧急问题
(C) 保持技术债务最小化
(D) 忽略长期规划
人工智能训练师（三级）理论知识复习题
(E) 持续监控市场动态";"⚠️ 答案待补充（PDF中为颜色标记）


【题目】
关于产品维护与升级的策略，( )是正确的描述。
(A) 定期进行版本迭代
(B) 优先解决紧急问题
(C) 保持技术债务最小化
(D) 忽略长期规划
人工智能训练师（三级）理论知识复习题
(E) 持续监控市场动态"
"【多选题】在用户反馈与迭代过程的管理中，( )因素可能会影响改进计划的制定。
(A) 资源限制
(B) 技术可行性
(C) 市场环境
(D) 用户满意度
(E) 竞争对手策略";"⚠️ 答案待补充（PDF中为颜色标记）


【题目】
在用户反馈与迭代过程的管理中，( )因素可能会影响改进计划的制定。
(A) 资源限制
(B) 技术可行性
(C) 市场环境
(D) 用户满意度
(E) 竞争对手策略"
"【多选题】( )与人工智能训练师和人机交互的定义紧密相关。
(A) 数据标注与预处理
(B) 用户行为分析
(C) 算法设计与优化
(D) 用户界面设计与优化
(E) 用户反馈收集与处理";"⚠️ 答案待补充（PDF中为颜色标记）


【题目】
( )与人工智能训练师和人机交互的定义紧密相关。
(A) 数据标注与预处理
(B) 用户行为分析
(C) 算法设计与优化
(D) 用户界面设计与优化
(E) 用户反馈收集与处理"
"【多选题】人机交互的目的是( )。
(A) 提高计算机的性能
(B) 提高用户的操作效率
(C) 实现人与计算机之间的信息交换
(D) 实现人与计算机之间的自然交流
(E) 实现人与计算机之间的无缝连接";"⚠️ 答案待补充（PDF中为颜色标记）


【题目】
人机交互的目的是( )。
(A) 提高计算机的性能
(B) 提高用户的操作效率
(C) 实现人与计算机之间的信息交换
(D) 实现人与计算机之间的自然交流
(E) 实现人与计算机之间的无缝连接"
"【多选题】人机交互的模型包括( )方面。
(A) 用户研究
(B) 设计原则
(C) 交互方式
(D) 评估方法
(E) 技术实现";"⚠️ 答案待补充（PDF中为颜色标记）


【题目】
人机交互的模型包括( )方面。
(A) 用户研究
(B) 设计原则
(C) 交互方式
(D) 评估方法
(E) 技术实现"
"【多选题】人机交互设计的基本原则包括( )。
(A) 直观性原则
人工智能训练师（三级）理论知识复习题
(B) 一致性原则
(C) 反馈性原则
(D) 容错性原则
(E) 复杂性原则";"⚠️ 答案待补充（PDF中为颜色标记）


【题目】
人机交互设计的基本原则包括( )。
(A) 直观性原则
人工智能训练师（三级）理论知识复习题
(B) 一致性原则
(C) 反馈性原则
(D) 容错性原则
(E) 复杂性原则"
"【多选题】在设计输入与输出系统时，需要考虑的因素包括( )。
(A) 用户的需求
(B) 系统的性能
(C) 数据的准确性
(D) 设备的兼容性
(E) 环境的适应性";"⚠️ 答案待补充（PDF中为颜色标记）


【题目】
在设计输入与输出系统时，需要考虑的因素包括( )。
(A) 用户的需求
(B) 系统的性能
(C) 数据的准确性
(D) 设备的兼容性
(E) 环境的适应性"
"【多选题】为了确保反馈机制的有效性，需要考虑的因素有( )。
(A) 反馈的及时性
(B) 反馈的准确性
(C) 反馈的主观性
(D) 反馈的针对性
(E) 反馈的激励性";"⚠️ 答案待补充（PDF中为颜色标记）


【题目】
为了确保反馈机制的有效性，需要考虑的因素有( )。
(A) 反馈的及时性
(B) 反馈的准确性
(C) 反馈的主观性
(D) 反馈的针对性
(E) 反馈的激励性"
"【多选题】在设计过程中，为了提高产品的适应性，需要考虑的因素有( )。
(A) 用户的需求和期望
(B) 技术的可行性和成本
(C) 市场竞争状况
(D) 法律法规的要求
(E) 文化和社会背景";"⚠️ 答案待补充（PDF中为颜色标记）


【题目】
在设计过程中，为了提高产品的适应性，需要考虑的因素有( )。
(A) 用户的需求和期望
(B) 技术的可行性和成本
(C) 市场竞争状况
(D) 法律法规的要求
(E) 文化和社会背景"
"【多选题】电阻式触摸技术的缺点包括( )。
(A) 灵敏度低
(B) 耐久性差
(C) 透光性差
(D) 抗干扰能力弱
人工智能训练师（三级）理论知识复习题
(E) 价格昂贵";"⚠️ 答案待补充（PDF中为颜色标记）


【题目】
电阻式触摸技术的缺点包括( )。
(A) 灵敏度低
(B) 耐久性差
(C) 透光性差
(D) 抗干扰能力弱
人工智能训练师（三级）理论知识复习题
(E) 价格昂贵"
"【多选题】语音交互设计的关键细节包括( )。
(A) 语音识别准确性
(B) 自然语言理解能力
(C) 语音合成自然度
(D) 用户界面设计
(E) 语音信号处理技术";"⚠️ 答案待补充（PDF中为颜色标记）


【题目】
语音交互设计的关键细节包括( )。
(A) 语音识别准确性
(B) 自然语言理解能力
(C) 语音合成自然度
(D) 用户界面设计
(E) 语音信号处理技术"
"【多选题】增强现实AR在人工智能训练师的工作中，可以用于提升训练效果的方面包括
( )。
(A) 提供实时数据可视化
(B) 模拟复杂环境下的操作
(C) 实现远程协同培训
(D) 增强学习者的记忆力
(E) 减少实际操作的风险";"⚠️ 答案待补充（PDF中为颜色标记）


【题目】
增强现实AR在人工智能训练师的工作中，可以用于提升训练效果的方面包括
( )。
(A) 提供实时数据可视化
(B) 模拟复杂环境下的操作
(C) 实现远程协同培训
(D) 增强学习者的记忆力
(E) 减少实际操作的风险"
"【多选题】在虚拟现实VR交互设计中，( )方法可以提高用户的沉浸感。
(A) 使用高质量的图像和视频
(B) 提供真实的触觉反馈
(C) 采用自然的手势和动作交互
(D) 限制视野范围
(E) 增加声音效果";"⚠️ 答案待补充（PDF中为颜色标记）


【题目】
在虚拟现实VR交互设计中，( )方法可以提高用户的沉浸感。
(A) 使用高质量的图像和视频
(B) 提供真实的触觉反馈
(C) 采用自然的手势和动作交互
(D) 限制视野范围
(E) 增加声音效果"
"【多选题】多模态交互的综合设计需要考虑( )方面。
(A) 用户体验
(B) 界面设计
(C) 交互逻辑
(D) 技术支持
(E) 数据分析";"⚠️ 答案待补充（PDF中为颜色标记）


【题目】
多模态交互的综合设计需要考虑( )方面。
(A) 用户体验
(B) 界面设计
(C) 交互逻辑
(D) 技术支持
(E) 数据分析"
"【多选题】用户研究方法论的目的是( )。
人工智能训练师（三级）理论知识复习题
(A) 了解用户需求
(B) 优化产品设计
(C) 提高用户体验
(D) 评估产品性能
(E) 预测市场趋势";"⚠️ 答案待补充（PDF中为颜色标记）


【题目】
用户研究方法论的目的是( )。
人工智能训练师（三级）理论知识复习题
(A) 了解用户需求
(B) 优化产品设计
(C) 提高用户体验
(D) 评估产品性能
(E) 预测市场趋势"
"【多选题】在人工智能训练师的工作流程中，原型设计与测试的实施过程包括( )。
(A) 需求分析
(B) 模型构建
(C) 数据准备
(D) 算法优化
(E) 系统测试";"⚠️ 答案待补充（PDF中为颜色标记）


【题目】
在人工智能训练师的工作流程中，原型设计与测试的实施过程包括( )。
(A) 需求分析
(B) 模型构建
(C) 数据准备
(D) 算法优化
(E) 系统测试"
"【多选题】在用户测试阶段，人工智能训练师应确保测试环境的( )以避免对用户产生误导。
(A) 真实性
(B) 控制性
(C) 一致性
(D) 安全性
(E) 多样性";"⚠️ 答案待补充（PDF中为颜色标记）


【题目】
在用户测试阶段，人工智能训练师应确保测试环境的( )以避免对用户产生误导。
(A) 真实性
(B) 控制性
(C) 一致性
(D) 安全性
(E) 多样性"
"【多选题】通过( )，使AI系统更好地理解用户。
(A) 开发高级的自然语言处理技术
(B) 集成面部表情识别技术
(C) 应用情感语义分析
(D) 增加系统响应的延迟时间
(E) 设计固定不变的交互模式";"⚠️ 答案待补充（PDF中为颜色标记）


【题目】
通过( )，使AI系统更好地理解用户。
(A) 开发高级的自然语言处理技术
(B) 集成面部表情识别技术
(C) 应用情感语义分析
(D) 增加系统响应的延迟时间
(E) 设计固定不变的交互模式"
"【多选题】当用户向智能助手提问时，NLP如何帮助AI理解问题并给出恰当的回答的原理是
( )。
(A) 通过关键词匹配找到最相似的答案
(B) 利用深度学习模型解析语句结构和上下文
人工智能训练师（三级）理论知识复习题
(C) 依靠预设的问答数据库
(D) 通过语义理解捕捉问题的真实意图
(E) 使用模式匹配技术识别问题类型";"⚠️ 答案待补充（PDF中为颜色标记）


【题目】
当用户向智能助手提问时，NLP如何帮助AI理解问题并给出恰当的回答的原理是
( )。
(A) 通过关键词匹配找到最相似的答案
(B) 利用深度学习模型解析语句结构和上下文
人工智能训练师（三级）理论知识复习题
(C) 依靠预设的问答数据库
(D) 通过语义理解捕捉问题的真实意图
(E) 使用模式匹配技术识别问题类型"
"【多选题】人机交互系统的性能评价标准通常包括( )。
(A) 响应时间
(B) 准确性
(C) 可靠性
(D) 易用性
(E) 安全性";"⚠️ 答案待补充（PDF中为颜色标记）


【题目】
人机交互系统的性能评价标准通常包括( )。
(A) 响应时间
(B) 准确性
(C) 可靠性
(D) 易用性
(E) 安全性"
"【多选题】用户中心的设计原则包括( )。
(A) 简洁明了的界面设计
(B) 提供个性化服务
(C) 确保用户隐私安全
(D) 快速响应和高效操作
(E) 提供多种支付方式";"⚠️ 答案待补充（PDF中为颜色标记）


【题目】
用户中心的设计原则包括( )。
(A) 简洁明了的界面设计
(B) 提供个性化服务
(C) 确保用户隐私安全
(D) 快速响应和高效操作
(E) 提供多种支付方式"
"【多选题】在设计过程中，为了提高产品的可用性，应该遵循( )原则。
(A) 简洁明了
(B) 一致性
(C) 可预测性
(D) 容错性
(E) 用户控制与自由";"⚠️ 答案待补充（PDF中为颜色标记）


【题目】
在设计过程中，为了提高产品的可用性，应该遵循( )原则。
(A) 简洁明了
(B) 一致性
(C) 可预测性
(D) 容错性
(E) 用户控制与自由"
"【多选题】在设计AI助手的交互界面时，促进用户与AI进行有效沟通的关键因素是( )
(A) 使用复杂的图形界面确保信息的丰富性
(B) 提供清晰的反馈机制，让用户知道AI正在处理请求
(C) 设计直观的语音识别功能，使对话流畅
(D) 限制用户输入，以简化AI的理解过程
(E) 采用一致的视觉和语言风格，增强用户体验的一致性
人工智能训练师（三级）理论知识复习题";"⚠️ 答案待补充（PDF中为颜色标记）


【题目】
在设计AI助手的交互界面时，促进用户与AI进行有效沟通的关键因素是( )
(A) 使用复杂的图形界面确保信息的丰富性
(B) 提供清晰的反馈机制，让用户知道AI正在处理请求
(C) 设计直观的语音识别功能，使对话流畅
(D) 限制用户输入，以简化AI的理解过程
(E) 采用一致的视觉和语言风格，增强用户体验的一致性
人工智能训练师（三级）理论知识复习题"
"【多选题】当遇到与现有设计过程或预期目标相悖的用户反馈时，正确处理方式是( )。
(A) 直接忽略用户的反馈
(B) 对用户反馈进行筛选和分类
(C) 与用户进行进一步的沟通以理解他们的需求
(D) 根据用户反馈调整产品设计
(E) 将用户反馈作为产品开发的新思路";"⚠️ 答案待补充（PDF中为颜色标记）


【题目】
当遇到与现有设计过程或预期目标相悖的用户反馈时，正确处理方式是( )。
(A) 直接忽略用户的反馈
(B) 对用户反馈进行筛选和分类
(C) 与用户进行进一步的沟通以理解他们的需求
(D) 根据用户反馈调整产品设计
(E) 将用户反馈作为产品开发的新思路"
"【多选题】任务分解的输出结果应该包括( )。
(A) 任务清单
(B) 任务分解图
(C) 任务责任分配表
(D) 风险评估报告
(E) 时间和资源计划";"⚠️ 答案待补充（PDF中为颜色标记）


【题目】
任务分解的输出结果应该包括( )。
(A) 任务清单
(B) 任务分解图
(C) 任务责任分配表
(D) 风险评估报告
(E) 时间和资源计划"
"【多选题】在界面设计中，为了提高信息的可读性和易理解性，通常会采用( )哪些布局策
略。
(A) 对比布局
(B) 对齐布局
(C) 重复布局
(D) 亲密性布局
(E) 层次感布局";"⚠️ 答案待补充（PDF中为颜色标记）


【题目】
在界面设计中，为了提高信息的可读性和易理解性，通常会采用( )哪些布局策
略。
(A) 对比布局
(B) 对齐布局
(C) 重复布局
(D) 亲密性布局
(E) 层次感布局"
"【多选题】在使用情境的分析工具时，需要考虑的因素有( )。
(A) 用户的行为模式
(B) 用户的使用频率
(C) 用户的反馈信息
(D) 用户的隐私数据
(E) 用户的网络环境";"⚠️ 答案待补充（PDF中为颜色标记）


【题目】
在使用情境的分析工具时，需要考虑的因素有( )。
(A) 用户的行为模式
(B) 用户的使用频率
(C) 用户的反馈信息
(D) 用户的隐私数据
(E) 用户的网络环境"
"【多选题】在AdobeXD中，( )是创建原型的方法。
(A) 使用预设模板
人工智能训练师（三级）理论知识复习题
(B) 从Photoshop导入设计
(C) 使用AdobeIllustrator设计
(D) 手动绘制界面元素
(E) 使用Sketch设计";"⚠️ 答案待补充（PDF中为颜色标记）


【题目】
在AdobeXD中，( )是创建原型的方法。
(A) 使用预设模板
人工智能训练师（三级）理论知识复习题
(B) 从Photoshop导入设计
(C) 使用AdobeIllustrator设计
(D) 手动绘制界面元素
(E) 使用Sketch设计"
"【多选题】AdobeXD的视觉设计工具适用于( )场景。
(A) 移动应用设计
(B) 网页设计
(C) 平面设计
(D) 用户体验设计
(E) 广告设计";"⚠️ 答案待补充（PDF中为颜色标记）


【题目】
AdobeXD的视觉设计工具适用于( )场景。
(A) 移动应用设计
(B) 网页设计
(C) 平面设计
(D) 用户体验设计
(E) 广告设计"
"【多选题】在人工智能培训中，AxureRP可以用来进行复杂交互模拟( )方面。
(A) 界面布局设计
(B) 功能流程图绘制
(C) 条件逻辑模拟
(D) 数据驱动的动态内容展示
(E) 用户界面动画效果";"⚠️ 答案待补充（PDF中为颜色标记）


【题目】
在人工智能培训中，AxureRP可以用来进行复杂交互模拟( )方面。
(A) 界面布局设计
(B) 功能流程图绘制
(C) 条件逻辑模拟
(D) 数据驱动的动态内容展示
(E) 用户界面动画效果"
"【多选题】在使用AxureRP进行原型设计时，条件逻辑设置可以用于实现( )交互特性。
(A) 显示或隐藏界面元素
(B) 动态调整文本和图像内容
(C) 导航到不同的页面
(D) 数据驱动的表单验证
(E) 生成基于用户输入的动态列表";"⚠️ 答案待补充（PDF中为颜色标记）


【题目】
在使用AxureRP进行原型设计时，条件逻辑设置可以用于实现( )交互特性。
(A) 显示或隐藏界面元素
(B) 动态调整文本和图像内容
(C) 导航到不同的页面
(D) 数据驱动的表单验证
(E) 生成基于用户输入的动态列表"
"【多选题】在使用Balsamiq Mockups进行低保真设计时，( )操作可以帮助你更好地组织
和管理你的设计元素。
(A) 使用画布上的网格来对齐元素
(B) 为不同的页面或屏幕创建单独的画布
(C) 使用图层来管理不同层次的设计元素
人工智能训练师（三级）理论知识复习题
(D) 通过颜色编码来区分不同类型的元素
(E) 将常用的组件保存到组件库中以方便重复使用";"⚠️ 答案待补充（PDF中为颜色标记）


【题目】
在使用Balsamiq Mockups进行低保真设计时，( )操作可以帮助你更好地组织
和管理你的设计元素。
(A) 使用画布上的网格来对齐元素
(B) 为不同的页面或屏幕创建单独的画布
(C) 使用图层来管理不同层次的设计元素
人工智能训练师（三级）理论知识复习题
(D) 通过颜色编码来区分不同类型的元素
(E) 将常用的组件保存到组件库中以方便重复使用"
"【多选题】Figma的设计系统支持( )功能。
(A) 组件化设计
(B) 响应式设计
(C) 颜色和字体管理
(D) 图标库
(E) 文档导出";"⚠️ 答案待补充（PDF中为颜色标记）


【题目】
Figma的设计系统支持( )功能。
(A) 组件化设计
(B) 响应式设计
(C) 颜色和字体管理
(D) 图标库
(E) 文档导出"
"【多选题】在Marvel的简单交互设计中，用户可以通过( )方式进行操作。
(A) 点击
(B) 滑动
(C) 长按
(D) 拖拽
(E) 语音控制";"⚠️ 答案待补充（PDF中为颜色标记）


【题目】
在Marvel的简单交互设计中，用户可以通过( )方式进行操作。
(A) 点击
(B) 滑动
(C) 长按
(D) 拖拽
(E) 语音控制"
"【多选题】Marvel的设计评审功能可以帮助设计师们发现设计中的( )问题。
(A) 布局不合理
(B) 色彩搭配不协调
(C) 用户体验不佳
(D) 功能实现不完整
(E) 设计风格与品牌定位不符";"⚠️ 答案待补充（PDF中为颜色标记）


【题目】
Marvel的设计评审功能可以帮助设计师们发现设计中的( )问题。
(A) 布局不合理
(B) 色彩搭配不协调
(C) 用户体验不佳
(D) 功能实现不完整
(E) 设计风格与品牌定位不符"
"【多选题】Marvel的响应式设计预览中，( )功能可以帮助用户在不同设备上获得最佳体验。
(A) 自动调整页面布局
(B) 提供多种主题颜色
(C) 支持触摸操作
(D) 提供个性化设置
(E) 支持语音输入";"⚠️ 答案待补充（PDF中为颜色标记）


【题目】
Marvel的响应式设计预览中，( )功能可以帮助用户在不同设备上获得最佳体验。
(A) 自动调整页面布局
(B) 提供多种主题颜色
(C) 支持触摸操作
(D) 提供个性化设置
(E) 支持语音输入"
"【多选题】在Sketch的插件生态系统中，( )插件可以帮助设计师提高工作效率。
人工智能训练师（三级）理论知识复习题
(A)SketchMeasure
(B) ArtboardSnapping
(C)ColorPalettes
(D)Auto Layout
(E) 3D渲染引擎";"⚠️ 答案待补充（PDF中为颜色标记）


【题目】
在Sketch的插件生态系统中，( )插件可以帮助设计师提高工作效率。
人工智能训练师（三级）理论知识复习题
(A)SketchMeasure
(B) ArtboardSnapping
(C)ColorPalettes
(D)Auto Layout
(E) 3D渲染引擎"
"【多选题】在Sketch中，矢量图形的编辑可以通过( )来实现精确的节点控制。
(A) 直接选择工具
(B) 钢笔工具
(C) 矢量网格工具
(D) 剪刀工具
(E) 放大镜工具";"⚠️ 答案待补充（PDF中为颜色标记）


【题目】
在Sketch中，矢量图形的编辑可以通过( )来实现精确的节点控制。
(A) 直接选择工具
(B) 钢笔工具
(C) 矢量网格工具
(D) 剪刀工具
(E) 放大镜工具"
"【多选题】编写培训讲义时，应遵循( )原则。
(A) 针对性原则
(B) 实用性原则
(C) 系统性原则
(D) 创新性原则
(E) 主观性原则";"⚠️ 答案待补充（PDF中为颜色标记）


【题目】
编写培训讲义时，应遵循( )原则。
(A) 针对性原则
(B) 实用性原则
(C) 系统性原则
(D) 创新性原则
(E) 主观性原则"
"【多选题】为了提高培训效果，培训讲义结构设计的方法是( )。
(A) 引入部分
(B) 主体部分
(C) 结尾部分
(D) 总结部分
(E) 互动环节";"⚠️ 答案待补充（PDF中为颜色标记）


【题目】
为了提高培训效果，培训讲义结构设计的方法是( )。
(A) 引入部分
(B) 主体部分
(C) 结尾部分
(D) 总结部分
(E) 互动环节"
"【多选题】在人工智能领域，成为一名合格的人工智能训练师需要具备( )能力或知识。
(A) 理解并掌握机器学习和深度学习的基本原理
(B) 能够设计并实现有效的数据预处理和特征工程策略
(C) 精通至少一种编程语言，如Python，并能使用相关库进行数据处理和模型训练
人工智能训练师（三级）理论知识复习题
(D) 了解人工智能伦理、隐私保护和相关法律法规
(E) 拥有优秀的沟通技巧，能够清晰地向非技术人员解释复杂概念";"⚠️ 答案待补充（PDF中为颜色标记）


【题目】
在人工智能领域，成为一名合格的人工智能训练师需要具备( )能力或知识。
(A) 理解并掌握机器学习和深度学习的基本原理
(B) 能够设计并实现有效的数据预处理和特征工程策略
(C) 精通至少一种编程语言，如Python，并能使用相关库进行数据处理和模型训练
人工智能训练师（三级）理论知识复习题
(D) 了解人工智能伦理、隐私保护和相关法律法规
(E) 拥有优秀的沟通技巧，能够清晰地向非技术人员解释复杂概念"
"【多选题】在领导力培训中，常用的方法包括( )。
(A) 自我评估工具
(B) 360度反馈
(C) 情景模拟
(D) 角色扮演
(E) 心理测试";"⚠️ 答案待补充（PDF中为颜色标记）


【题目】
在领导力培训中，常用的方法包括( )。
(A) 自我评估工具
(B) 360度反馈
(C) 情景模拟
(D) 角色扮演
(E) 心理测试"
"【多选题】( )培训方法可以帮助员工更好地理解和掌握新知识。
(A) 讲授法
(B) 演示法
(C) 模拟练习法
(D) 独立学习
(E) 案例分析法";"⚠️ 答案待补充（PDF中为颜色标记）


【题目】
( )培训方法可以帮助员工更好地理解和掌握新知识。
(A) 讲授法
(B) 演示法
(C) 模拟练习法
(D) 独立学习
(E) 案例分析法"
"【多选题】人工智能训练师的培训方法中，( )可能导致培训效果不佳。
(A) 培训过程中缺乏实践机会
(B) 培训课程内容不够全面
(C) 培训师缺乏行业经验
(D) 培训方法过于理论化
(E) 学员学习动力不足";"⚠️ 答案待补充（PDF中为颜色标记）


【题目】
人工智能训练师的培训方法中，( )可能导致培训效果不佳。
(A) 培训过程中缺乏实践机会
(B) 培训课程内容不够全面
(C) 培训师缺乏行业经验
(D) 培训方法过于理论化
(E) 学员学习动力不足"
"【多选题】在选择培训方法时，需要考虑的因素包括( )。
(A) 培训目标
(B) 学员特点
(C) 培训资源
(D) 培训时间
(E) 培训成本";"⚠️ 答案待补充（PDF中为颜色标记）


【题目】
在选择培训方法时，需要考虑的因素包括( )。
(A) 培训目标
(B) 学员特点
(C) 培训资源
(D) 培训时间
(E) 培训成本"
"【多选题】人工智能训练师在数据采集和处理流程中，需要关注( )以确保数据质量。
人工智能训练师（三级）理论知识复习题
(A) 数据的多样性
(B) 数据的时效性
(C) 数据的完整性
(D) 数据的准确性
(E) 数据的标注质量";"⚠️ 答案待补充（PDF中为颜色标记）


【题目】
人工智能训练师在数据采集和处理流程中，需要关注( )以确保数据质量。
人工智能训练师（三级）理论知识复习题
(A) 数据的多样性
(B) 数据的时效性
(C) 数据的完整性
(D) 数据的准确性
(E) 数据的标注质量"
"【多选题】在数据处理过程中，( )步骤可能会导致数据丢失或错误。
(A) 数据清洗
(B) 数据转换
(C) 数据加载
(D) 数据计算
(E) 数据可视化";"⚠️ 答案待补充（PDF中为颜色标记）


【题目】
在数据处理过程中，( )步骤可能会导致数据丢失或错误。
(A) 数据清洗
(B) 数据转换
(C) 数据加载
(D) 数据计算
(E) 数据可视化"
"【多选题】在数据采集和处理流程中，常见的错误包括( )。
(A) 数据格式不一致
(B) 数据缺失
(C) 数据处理速度慢
(D) 数据存储不安全
(E) 数据分析不准确";"⚠️ 答案待补充（PDF中为颜色标记）


【题目】
在数据采集和处理流程中，常见的错误包括( )。
(A) 数据格式不一致
(B) 数据缺失
(C) 数据处理速度慢
(D) 数据存储不安全
(E) 数据分析不准确"
"【多选题】在解决数据采集和处理问题时，( )方法可以帮助我们提高数据质量。
(A) 使用专业的数据采集工具
(B) 对数据进行清洗和预处理
(C) 对数据进行验证和校对
(D) 对数据进行加密和安全存储
(E) 对数据进行备份和恢复";"⚠️ 答案待补充（PDF中为颜色标记）


【题目】
在解决数据采集和处理问题时，( )方法可以帮助我们提高数据质量。
(A) 使用专业的数据采集工具
(B) 对数据进行清洗和预处理
(C) 对数据进行验证和校对
(D) 对数据进行加密和安全存储
(E) 对数据进行备份和恢复"
"【多选题】数据标注流程中的重点分析包括( )。
(A) 数据清洗与预处理
(B) 标注指南的制定
(C) 标注人员的培训与管理
人工智能训练师（三级）理论知识复习题
(D) 数据质量控制
(E) 数据的存储与维护";"⚠️ 答案待补充（PDF中为颜色标记）


【题目】
数据标注流程中的重点分析包括( )。
(A) 数据清洗与预处理
(B) 标注指南的制定
(C) 标注人员的培训与管理
人工智能训练师（三级）理论知识复习题
(D) 数据质量控制
(E) 数据的存储与维护"
"【多选题】数据标注过程中，解决标注人员水平参差不齐问题的方法有( )。
(A) 提供统一的培训资料
(B) 对标注人员进行定期考核
(C) 采用自动化的标注工具
(D) 增加标注人员的数量
(E) 提高标注任务的难度";"⚠️ 答案待补充（PDF中为颜色标记）


【题目】
数据标注过程中，解决标注人员水平参差不齐问题的方法有( )。
(A) 提供统一的培训资料
(B) 对标注人员进行定期考核
(C) 采用自动化的标注工具
(D) 增加标注人员的数量
(E) 提高标注任务的难度"
"【多选题】标注人员培训不足，可能会带来的负面影响包括( )。
(A) 标注结果出现较多的错误
(B) 标注人员对标注任务失去兴趣
(C) 数据标注工具的更新频率加快
(D) 项目延期，无法按时交付
(E) 标注成本因返工而增加";"⚠️ 答案待补充（PDF中为颜色标记）


【题目】
标注人员培训不足，可能会带来的负面影响包括( )。
(A) 标注结果出现较多的错误
(B) 标注人员对标注任务失去兴趣
(C) 数据标注工具的更新频率加快
(D) 项目延期，无法按时交付
(E) 标注成本因返工而增加"
